2.73, 1.44, 2.47, 3.00, 4.62, 2.06, 2.99, 4.32, 3.91, 1.59, 4.19, 4.56, 1.99, 2.67, 1.33, 2.51

2.77, 1.44, 2.43, 3.00, 4.65, 2.02, 3.00, 4.39, 3.92, 1.59, 4.20, 4.58, 2.01, 2.66, 1.37, 2.54

2.69, 1.41, 2.46, 3.00, 4.63, 2.05, 3.01, 4.37, 3.91, 1.60, 4.19, 4.60, 1.99, 2.65, 1.33, 2.53

2.54, 1.41, 2.46, 2.98, 4.64, 2.03, 3.01, 4.37, 3.88, 1.60, 4.20, 4.56, 1.98, 2.66, 1.33, 2.58

2.73, 1.41, 2.50, 2.99, 4.62, 2.04, 3.04, 4.36, 3.89, 1.60, 4.19, 4.59, 1.99, 2.66, 1.34, 2.58

2.64, 1.38, 2.47, 2.99, 4.64, 2.04, 3.01, 4.39, 3.91, 1.60, 4.20, 4.61, 2.01, 2.65, 1.37, 2.56

2.49, 1.35, 2.45, 3.00, 4.63, 2.07, 3.03, 4.33, 3.90, 1.60, 4.20, 4.64, 2.04, 2.69, 1.34, 2.57

2.65, 1.35, 2.49, 3.01, 4.62, 2.05, 3.04, 4.34, 3.90, 1.61, 4.19, 4.65, 2.04, 2.73, 1.32, 2.57

2.48, 1.34, 2.49, 3.00, 4.63, 2.04, 3.03, 4.36, 3.88, 1.63, 4.18, 4.66, 2.03, 2.76, 1.33, 2.61

2.59, 1.35, 2.43, 3.00, 4.64, 2.03, 3.04, 4.38, 3.89, 1.61, 4.20, 4.65, 2.05, 2.75, 1.34, 2.60

2.58, 1.37, 2.50, 2.97, 4.59, 2.09, 3.08, 4.36, 3.87, 1.57, 4.19, 4.61, 2.02, 2.69, 1.37, 2.65

2.66, 1.36, 2.45, 3.00, 4.64, 2.05, 3.08, 4.33, 3.89, 1.61, 4.19, 4.61, 2.04, 2.69, 1.36, 2.64

2.55, 1.37, 2.45, 2.98, 4.60, 2.09, 3.04, 4.33, 3.87, 1.62, 4.19, 4.63, 2.00, 2.72, 1.36, 2.64

2.64, 1.38, 2.52, 2.96, 4.59, 2.06, 3.12, 4.29, 3.86, 1.60, 4.19, 4.59, 2.00, 2.76, 1.38, 2.65

2.62, 1.40, 2.55, 2.92, 4.57, 2.11, 3.13, 4.31, 3.87, 1.57, 4.20, 4.58, 1.99, 2.73, 1.37, 2.55

2.55, 1.40, 2.55, 2.94, 4.58, 2.08, 3.11, 4.33, 3.85, 1.55, 4.20, 4.54, 1.97, 2.71, 1.39, 2.55

2.57, 1.38, 2.54, 2.95, 4.61, 2.08, 3.10, 4.32, 3.90, 1.61, 4.18, 4.61, 2.03, 2.70, 1.33, 2.54

2.56, 1.35, 2.48, 2.98, 4.59, 2.02, 3.07, 4.37, 3.91, 1.61, 4.19, 4.64, 2.03, 2.69, 1.37, 2.56

2.66, 1.35, 2.48, 3.03, 4.63, 2.00, 3.09, 4.33, 3.90, 1.65, 4.18, 4.63, 2.06, 2.67, 1.32, 2.56

2.69, 1.29, 2.46, 3.04, 4.67, 1.99, 3.08, 4.34, 3.89, 1.65, 4.20, 4.59, 2.06, 2.63, 1.36, 2.58

2.61, 1.32, 2.49, 3.04, 4.62, 2.07, 3.08, 4.35, 3.87, 1.47, 4.18, 4.56, 2.07, 2.65, 1.34, 2.56

2.35, 1.33, 2.48, 3.01, 4.59, 2.06, 3.13, 4.32, 3.85, 1.50, 4.19, 4.50, 2.00, 2.68, 1.36, 2.52

2.58, 1.41, 2.57, 2.90, 4.55, 2.15, 3.20, 4.27, 3.77, 1.46, 4.19, 4.38, 1.99, 2.72, 1.47, 2.51

2.38, 1.51, 2.63, 2.82, 4.46, 2.24, 3.27, 4.22, 3.73, 1.47, 4.25, 4.35, 1.99, 2.72, 1.47, 2.50

2.37, 1.50, 2.66, 2.83, 4.48, 2.20, 3.24, 4.22, 3.73, 1.52, 4.26, 4.34, 2.00, 2.73, 1.48, 2.51

2.34, 1.50, 2.66, 2.83, 4.47, 2.21, 3.24, 4.19, 3.78, 1.50, 4.21, 4.41, 1.98, 2.72, 1.46, 2.54

2.52, 1.48, 2.71, 2.83, 4.46, 2.25, 3.22, 4.23, 3.80, 1.49, 4.20, 4.44, 1.99, 2.75, 1.44, 2.53

2.39, 1.48, 2.68, 2.89, 4.51, 2.18, 3.24, 4.28, 3.83, 1.54, 4.19, 4.48, 1.98, 2.76, 1.43, 2.53

2.45, 1.44, 2.66, 2.90, 4.51, 2.17, 3.21, 4.22, 3.81, 1.56, 4.20, 4.48, 1.98, 2.73, 1.44, 2.55

2.42, 1.43, 2.67, 2.92, 4.50, 2.19, 3.20, 4.26, 3.83, 1.58, 4.19, 4.47, 1.99, 2.72, 1.46, 2.50

2.43, 1.43, 2.62, 2.92, 4.53, 2.21, 3.21, 4.24, 3.82, 1.59, 4.19, 4.45, 1.98, 2.71, 1.44, 2.45

2.38, 1.42, 2.65, 2.94, 4.54, 2.14, 3.21, 4.27, 3.82, 1.60, 4.20, 4.44, 1.99, 2.71, 1.42, 2.47

2.46, 1.38, 2.56, 3.01, 4.53, 2.13, 3.19, 4.29, 3.86, 1.61, 4.20, 4.47, 1.98, 2.69, 1.39, 2.45

2.37, 1.39, 2.61, 3.03, 4.57, 2.09, 3.16, 4.28, 3.87, 1.59, 4.19, 4.49, 1.98, 2.66, 1.38, 2.42

2.48, 1.32, 2.53, 3.11, 4.60, 2.06, 3.10, 4.35, 3.87, 1.54, 4.20, 4.50, 1.99, 2.60, 1.34, 2.45

2.49, 1.30, 2.54, 3.16, 4.64, 2.03, 3.07, 4.40, 3.89, 1.54, 4.19, 4.51, 2.00, 2.59, 1.34, 2.41

2.64, 1.27, 2.48, 3.16, 4.66, 2.01, 3.02, 4.37, 3.91, 1.54, 4.19, 4.52, 2.01, 2.59, 1.32, 2.41

2.65, 1.26, 2.51, 3.17, 4.63, 2.00, 3.00, 4.37, 3.91, 1.53, 4.18, 4.54, 2.02, 2.59, 1.33, 2.43

2.51, 1.27, 2.52, 3.17, 4.66, 2.04, 3.00, 4.37, 3.90, 1.53, 4.19, 4.51, 2.00, 2.60, 1.36, 2.42

2.69, 1.31, 2.52, 3.13, 4.64, 2.05, 3.04, 4.34, 3.88, 1.53, 4.21, 4.50, 2.00, 2.62, 1.36, 2.44

2.74, 1.32, 2.46, 3.08, 4.62, 2.04, 3.03, 4.36, 3.90, 1.54, 4.20, 4.53, 1.98, 2.63, 1.34, 2.50

2.72, 1.31, 2.49, 3.08, 4.60, 2.01, 3.04, 4.36, 3.88, 1.54, 4.18, 4.52, 1.99, 2.63, 1.41, 2.50

2.65, 1.30, 2.50, 3.09, 4.63, 2.04, 3.04, 4.35, 3.89, 1.54, 4.21, 4.54, 1.99, 2.62, 1.39, 2.51

2.63, 1.32, 2.53, 3.10, 4.61, 2.06, 3.04, 4.35, 3.89, 1.54, 4.18, 4.56, 2.00, 2.61, 1.40, 2.49

2.55, 1.34, 2.52, 3.09, 4.60, 2.07, 3.02, 4.39, 3.90, 1.55, 4.19, 4.56, 2.01, 2.61, 1.37, 2.51

2.58, 1.33, 2.47, 3.15, 4.66, 2.02, 3.04, 4.38, 3.93, 1.54, 4.19, 4.59, 2.01, 2.61, 1.37, 2.50

2.81, 1.30, 2.40, 3.18, 4.63, 1.99, 2.98, 4.42, 3.93, 1.52, 4.21, 4.60, 2.03, 2.58, 1.32, 2.50

2.76, 1.28, 2.41, 3.20, 4.68, 1.98, 2.98, 4.41, 3.94, 1.51, 4.20, 4.60, 2.05, 2.55, 1.32, 2.48

2.83, 1.30, 2.43, 3.21, 4.72, 1.96, 2.96, 4.43, 3.94, 1.52, 4.19, 4.60, 2.04, 2.56, 1.29, 2.49

2.64, 1.29, 2.40, 3.22, 4.73, 1.95, 2.95, 4.47, 3.94, 1.55, 4.18, 4.61, 2.07, 2.54, 1.26, 2.47

2.79, 1.30, 2.40, 3.24, 4.72, 1.94, 2.91, 4.44, 3.94, 1.60, 4.18, 4.62, 2.08, 2.54, 1.31, 2.48

2.74, 1.31, 2.43, 3.23, 4.74, 1.93, 2.93, 4.45, 3.94, 1.59, 4.19, 4.61, 2.06, 2.56, 1.27, 2.48

2.72, 1.30, 2.38, 3.22, 4.69, 1.94, 2.91, 4.44, 3.96, 1.60, 4.20, 4.62, 2.08, 2.55, 1.26, 2.49

2.74, 1.29, 2.44, 3.23, 4.72, 1.91, 2.91, 4.47, 3.94, 1.60, 4.20, 4.60, 2.07, 2.53, 1.29, 2.48

2.72, 1.31, 2.39, 3.23, 4.73, 1.95, 2.92, 4.43, 3.94, 1.59, 4.18, 4.62, 2.06, 2.56, 1.26, 2.51

2.71, 1.31, 2.42, 3.23, 4.74, 1.96, 2.92, 4.44, 3.95, 1.60, 4.21, 4.58, 2.07, 2.54, 1.26, 2.49

2.72, 1.31, 2.41, 3.22, 4.73, 1.93, 2.95, 4.43, 3.94, 1.60, 4.20, 4.59, 2.07, 2.57, 1.30, 2.47

2.76, 1.31, 2.38, 3.21, 4.72, 1.94, 2.92, 4.47, 3.95, 1.58, 4.20, 4.62, 2.08, 2.56, 1.28, 2.47

2.61, 1.31, 2.42, 3.23, 4.72, 1.97, 2.90, 4.49, 3.95, 1.60, 4.19, 4.59, 2.06, 2.55, 1.23, 2.48

2.81, 1.30, 2.39, 3.21, 4.76, 1.94, 2.90, 4.46, 3.96, 1.62, 4.21, 4.62, 2.08, 2.56, 1.22, 2.51

2.80, 1.29, 2.44, 3.25, 4.74, 1.91, 2.89, 4.48, 3.96, 1.65, 4.19, 4.61, 2.09, 2.56, 1.25, 2.48

2.78, 1.33, 2.39, 3.22, 4.78, 1.91, 2.88, 4.47, 3.95, 1.63, 4.19, 4.62, 2.07, 2.54, 1.24, 2.51

2.73, 1.30, 2.34, 3.22, 4.73, 1.92, 2.92, 4.47, 3.96, 1.63, 4.19, 4.60, 2.08, 2.56, 1.26, 2.51

2.65, 1.31, 2.43, 3.22, 4.73, 1.95, 2.89, 4.48, 3.97, 1.79, 4.20, 4.67, 2.13, 2.52, 1.25, 2.54

2.75, 1.32, 2.41, 3.22, 4.82, 1.87, 2.87, 4.53, 4.07, 2.30, 4.19, 4.83, 2.21, 2.47, 1.17, 2.63

2.71, 1.31, 2.43, 3.22, 4.81, 1.91, 2.83, 4.58, 4.16, 2.76, 4.19, 4.96, 2.28, 2.41, 1.11, 2.64

2.70, 1.30, 2.41, 3.23, 4.80, 1.89, 2.81, 4.53, 4.16, 2.86, 4.20, 4.96, 2.29, 2.41, 1.09, 2.68

2.75, 1.31, 2.43, 3.24, 4.88, 1.89, 2.79, 4.58, 4.19, 3.06, 4.19, 5.01, 2.31, 2.39, 1.10, 2.72

2.60, 1.29, 2.44, 3.24, 4.87, 1.87, 2.81, 4.63, 4.21, 3.31, 4.18, 5.05, 2.35, 2.37, 1.05, 2.73

2.77, 1.31, 2.44, 3.24, 4.90, 1.89, 2.79, 4.59, 4.27, 3.61, 4.20, 5.13, 2.40, 2.32, 1.02, 2.78

2.73, 1.30, 2.37, 3.25, 4.89, 1.88, 2.74, 4.63, 4.31, 4.13, 4.21, 5.27, 2.47, 2.27, 0.96, 2.85

2.89, 1.27, 2.38, 3.25, 4.93, 1.87, 2.74, 4.69, 4.38, 5.22, 4.20, 5.46, 2.64, 2.21, 0.90, 2.93

2.84, 1.25, 2.41, 3.27, 5.04, 1.88, 2.69, 4.78, 4.44, 6.68, 4.20, 5.69, 2.62, 2.22, 0.86, 2.92

2.86, 1.24, 2.45, 3.36, 5.11, 1.86, 2.60, 4.85, 4.49, 7.92, 4.20, 5.84, 2.61, 2.21, 0.86, 2.91

2.81, 1.20, 2.42, 3.42, 5.17, 1.88, 2.60, 4.91, 4.55, 9.08, 4.21, 5.98, 2.59, 2.20, 0.86, 2.94

2.76, 1.21, 2.43, 3.42, 5.19, 1.86, 2.55, 4.92, 4.60, 10.71, 4.19, 6.18, 2.59, 2.20, 0.85, 2.95

2.69, 1.24, 2.41, 3.48, 5.21, 1.90, 2.54, 4.98, 4.66, 12.27, 4.19, 6.34, 2.54, 2.19, 0.84, 2.92

2.75, 1.21, 2.41, 3.48, 5.22, 1.88, 2.53, 4.97, 4.67, 13.58, 4.18, 6.48, 2.55, 2.20, 0.86, 2.93

2.74, 1.22, 2.41, 3.48, 5.23, 1.89, 2.54, 4.98, 4.69, 14.71, 4.21, 6.58, 2.48, 2.20, 0.85, 2.89

2.82, 1.18, 2.35, 3.51, 5.23, 1.87, 2.52, 4.99, 4.72, 15.27, 4.20, 6.60, 2.48, 2.21, 0.88, 2.87

2.80, 1.21, 2.37, 3.50, 5.24, 1.86, 2.52, 4.98, 4.78, 15.61, 4.21, 6.58, 2.47, 2.21, 0.89, 2.88

2.87, 1.19, 2.41, 3.51, 5.20, 1.91, 2.56, 5.00, 4.84, 15.98, 4.19, 6.60, 2.47, 2.21, 0.86, 2.91

2.80, 1.19, 2.39, 3.48, 5.23, 1.88, 2.53, 4.97, 4.88, 15.98, 4.19, 6.62, 2.49, 2.17, 0.88, 2.94

2.96, 1.16, 2.44, 3.46, 5.25, 1.90, 2.53, 5.00, 4.87, 16.38, 4.19, 6.74, 2.50, 2.20, 0.89, 2.95

2.88, 1.18, 2.39, 3.46, 5.24, 1.87, 2.52, 5.01, 4.84, 17.20, 4.20, 6.87, 2.53, 2.22, 0.86, 2.97

2.95, 1.16, 2.40, 3.47, 5.23, 1.87, 2.52, 5.01, 4.87, 17.99, 4.20, 6.93, 2.52, 2.19, 0.92, 2.98

2.98, 1.17, 2.43, 3.46, 5.24, 1.91, 2.53, 5.00, 4.89, 18.26, 4.19, 6.89, 2.51, 2.20, 0.86, 2.96

2.84, 1.19, 2.46, 3.46, 5.21, 1.87, 2.53, 5.02, 4.94, 18.47, 4.21, 6.90, 2.51, 2.21, 0.86, 2.96

2.90, 1.15, 2.40, 3.45, 5.22, 1.90, 2.55, 5.01, 4.94, 18.73, 4.21, 6.92, 2.52, 2.21, 0.89, 2.97

2.84, 1.18, 2.38, 3.46, 5.25, 1.90, 2.52, 4.98, 4.88, 19.39, 4.22, 7.00, 2.52, 2.21, 0.91, 2.96

2.88, 1.18, 2.38, 3.46, 5.24, 1.88, 2.53, 4.99, 4.86, 19.84, 4.20, 7.05, 2.51, 2.19, 0.86, 2.94

2.92, 1.19, 2.37, 3.47, 5.20, 1.89, 2.55, 4.99, 4.83, 20.00, 4.20, 6.98, 2.49, 2.21, 0.86, 2.93

2.84, 1.17, 2.41, 3.50, 5.22, 1.88, 2.54, 5.00, 4.86, 20.01, 4.19, 6.94, 2.49, 2.17, 0.89, 2.94

2.88, 1.17, 2.39, 3.50, 5.24, 1.91, 2.55, 4.98, 4.88, 19.75, 4.18, 6.91, 2.48, 2.21, 0.86, 2.93

2.86, 1.20, 2.36, 3.52, 5.23, 1.87, 2.53, 5.01, 4.86, 19.71, 4.19, 6.94, 2.48, 2.21, 0.86, 2.95

2.73, 1.18, 2.37, 3.49, 5.24, 1.88, 2.54, 4.95, 4.84, 20.33, 4.20, 7.06, 2.50, 2.20, 0.89, 2.96

2.92, 1.19, 2.41, 3.48, 5.26, 1.90, 2.55, 5.00, 4.83, 20.86, 4.19, 7.11, 2.49, 2.18, 0.88, 2.97

2.85, 1.21, 2.47, 3.49, 5.25, 1.87, 2.53, 4.99, 4.82, 21.52, 4.19, 7.21, 2.50, 2.20, 0.86, 2.98

2.72, 1.16, 2.40, 3.48, 5.21, 1.87, 2.56, 4.97, 4.78, 22.03, 4.20, 7.27, 2.53, 2.20, 0.87, 3.00

2.78, 1.20, 2.43, 3.47, 5.21, 1.88, 2.54, 5.00, 4.75, 22.17, 4.20, 7.30, 2.50, 2.21, 0.86, 3.00

2.80, 1.19, 2.44, 3.49, 5.24, 1.88, 2.55, 4.99, 4.74, 21.89, 4.21, 7.26, 2.50, 2.20, 0.86, 3.00

2.77, 1.19, 2.42, 3.50, 5.23, 1.86, 2.57, 4.99, 4.76, 20.67, 4.20, 7.08, 2.49, 2.21, 0.88, 3.02

2.78, 1.20, 2.42, 3.46, 5.24, 1.88, 2.55, 4.97, 4.76, 18.30, 4.19, 6.84, 2.47, 2.20, 0.90, 3.02

2.79, 1.19, 2.36, 3.47, 5.20, 1.91, 2.58, 4.95, 4.71, 14.17, 4.19, 6.45, 2.46, 2.20, 0.87, 3.01

2.81, 1.21, 2.42, 3.43, 5.15, 1.89, 2.64, 4.89, 4.57, 9.04, 4.20, 5.79, 2.41, 2.21, 0.89, 3.00

2.80, 1.23, 2.39, 3.16, 5.08, 1.88, 2.74, 4.73, 4.46, 4.40, 4.20, 5.17, 2.69, 2.34, 1.05, 3.02

2.90, 1.20, 2.43, 3.28, 4.88, 1.89, 3.02, 4.54, 3.82, 2.13, 4.20, 4.38, 2.07, 2.52, 1.26, 2.80

2.84, 1.29, 2.49, 3.19, 4.75, 1.93, 3.06, 4.46, 3.86, 1.76, 4.20, 4.46, 2.04, 2.60, 1.27, 2.64

2.75, 1.28, 2.42, 3.11, 4.65, 1.94, 3.08, 4.42, 3.83, 1.72, 4.19, 4.47, 2.02, 2.61, 1.27, 2.63

2.80, 1.31, 2.40, 3.08, 4.64, 1.92, 3.05, 4.42, 3.85, 1.69, 4.20, 4.48, 1.99, 2.60, 1.30, 2.61

2.96, 1.31, 2.42, 3.03, 4.68, 1.92, 3.03, 4.42, 3.87, 1.68, 4.18, 4.49, 2.02, 2.61, 1.31, 2.61

2.82, 1.33, 2.47, 3.05, 4.64, 1.97, 3.04, 4.39, 3.87, 1.69, 4.19, 4.50, 2.03, 2.61, 1.25, 2.61

2.74, 1.35, 2.49, 3.03, 4.68, 1.94, 3.05, 4.37, 3.88, 1.65, 4.19, 4.50, 2.00, 2.61, 1.29, 2.53

2.86, 1.36, 2.44, 3.02, 4.65, 1.93, 3.03, 4.37, 3.88, 1.63, 4.20, 4.50, 2.02, 2.61, 1.27, 2.54

2.86, 1.37, 2.48, 3.00, 4.65, 1.94, 3.02, 4.37, 3.88, 1.61, 4.20, 4.51, 1.98, 2.64, 1.29, 2.55

2.80, 1.37, 2.52, 2.97, 4.65, 1.95, 3.02, 4.39, 3.90, 1.61, 4.20, 4.53, 1.98, 2.63, 1.29, 2.55

2.73, 1.39, 2.51, 2.97, 4.65, 1.98, 3.00, 4.38, 3.90, 1.62, 4.21, 4.53, 2.00, 2.66, 1.28, 2.58

2.74, 1.38, 2.47, 2.97, 4.67, 1.96, 3.03, 4.36, 3.88, 1.61, 4.20, 4.53, 2.01, 2.65, 1.31, 2.55

2.83, 1.40, 2.48, 2.95, 4.66, 1.95, 3.01, 4.39, 3.89, 1.60, 4.20, 4.52, 2.00, 2.65, 1.32, 2.56

2.82, 1.39, 2.49, 2.96, 4.62, 1.95, 2.99, 4.36, 3.89, 1.62, 4.21, 4.55, 1.99, 2.65, 1.30, 2.55

2.62, 1.39, 2.50, 2.93, 4.63, 1.96, 3.02, 4.42, 3.90, 1.62, 4.20, 4.55, 1.97, 2.68, 1.28, 2.55

2.73, 1.41, 2.46, 2.94, 4.65, 1.97, 3.00, 4.37, 3.89, 1.61, 4.20, 4.57, 1.99, 2.66, 1.29, 2.57

2.71, 1.43, 2.52, 2.95, 4.63, 1.99, 3.00, 4.39, 3.88, 1.59, 4.20, 4.58, 2.00, 2.68, 1.31, 2.57

2.76, 1.39, 2.50, 2.93, 4.65, 2.00, 3.03, 4.37, 3.88, 1.60, 4.20, 4.56, 1.98, 2.68, 1.29, 2.58

2.64, 1.42, 2.49, 2.94, 4.65, 1.96, 3.00, 4.37, 3.90, 1.58, 4.21, 4.57, 2.01, 2.68, 1.34, 2.58

2.76, 1.42, 2.49, 2.94, 4.62, 1.96, 2.97, 4.38, 3.91, 1.59, 4.18, 4.59, 1.99, 2.67, 1.30, 2.59

2.61, 1.42, 2.49, 2.93, 4.63, 1.98, 3.01, 4.38, 3.89, 1.58, 4.19, 4.57, 1.99, 2.68, 1.31, 2.60

2.70, 1.41, 2.51, 2.93, 4.65, 1.96, 3.02, 4.37, 3.90, 1.59, 4.19, 4.57, 2.01, 2.68, 1.30, 2.58

2.78, 1.39, 2.50, 2.93, 4.63, 1.95, 3.01, 4.35, 3.92, 1.62, 4.20, 4.55, 2.00, 2.64, 1.29, 2.56

2.73, 1.37, 2.44, 2.92, 4.67, 1.96, 3.02, 4.38, 3.93, 1.62, 4.19, 4.54, 2.00, 2.60, 1.28, 2.53

2.69, 1.37, 2.47, 2.95, 4.64, 1.95, 2.99, 4.36, 3.92, 1.62, 4.20, 4.55, 2.01, 2.62, 1.30, 2.53

2.52, 1.37, 2.48, 2.95, 4.62, 1.98, 3.01, 4.36, 3.90, 1.61, 4.20, 4.50, 2.00, 2.65, 1.35, 2.50

2.68, 1.40, 2.48, 2.93, 4.63, 2.03, 3.05, 4.34, 3.89, 1.56, 4.21, 4.47, 1.98, 2.67, 1.34, 2.49

2.68, 1.46, 2.57, 2.85, 4.56, 2.02, 3.07, 4.33, 3.86, 1.50, 4.20, 4.46, 1.98, 2.71, 1.39, 2.47

2.52, 1.45, 2.52, 2.84, 4.58, 2.03, 3.09, 4.31, 3.88, 1.53, 4.19, 4.50, 1.98, 2.67, 1.35, 2.48

2.71, 1.42, 2.53, 2.86, 4.57, 2.00, 3.04, 4.32, 3.91, 1.57, 4.19, 4.56, 1.98, 2.67, 1.32, 2.48

2.70, 1.42, 2.51, 2.90, 4.61, 2.04, 3.05, 4.34, 3.91, 1.60, 4.20, 4.51, 2.01, 2.66, 1.32, 2.49

2.62, 1.40, 2.53, 2.88, 4.57, 2.00, 3.03, 4.35, 3.91, 1.60, 4.20, 4.57, 1.99, 2.66, 1.31, 2.50

2.63, 1.38, 2.53, 2.90, 4.62, 1.98, 3.02, 4.32, 3.92, 1.61, 4.20, 4.54, 1.99, 2.68, 1.30, 2.51

2.67, 1.41, 2.46, 2.92, 4.58, 2.00, 3.05, 4.35, 3.90, 1.60, 4.18, 4.51, 1.99, 2.68, 1.35, 2.51

2.63, 1.40, 2.54, 2.89, 4.60, 2.02, 3.04, 4.31, 3.89, 1.57, 4.20, 4.51, 2.00, 2.68, 1.35, 2.52

2.64, 1.41, 2.57, 2.87, 4.63, 2.01, 3.04, 4.34, 3.87, 1.58, 4.21, 4.51, 2.00, 2.71, 1.31, 2.53

2.67, 1.42, 2.55, 2.85, 4.59, 2.01, 3.04, 4.34, 3.88, 1.60, 4.19, 4.55, 1.99, 2.70, 1.36, 2.52

2.76, 1.42, 2.54, 2.84, 4.56, 2.00, 3.04, 4.34, 3.90, 1.62, 4.21, 4.52, 1.98, 2.70, 1.37, 2.56

2.79, 1.40, 2.51, 2.86, 4.61, 2.02, 3.03, 4.32, 3.89, 1.63, 4.19, 4.53, 1.99, 2.69, 1.32, 2.53

2.68, 1.41, 2.50, 2.87, 4.62, 2.03, 3.03, 4.34, 3.87, 1.62, 4.20, 4.52, 2.00, 2.69, 1.38, 2.53

2.51, 1.41, 2.57, 2.86, 4.59, 2.07, 3.04, 4.33, 3.88, 1.60, 4.19, 4.52, 1.99, 2.70, 1.34, 2.52

2.66, 1.42, 2.49, 2.88, 4.60, 2.04, 3.03, 4.34, 3.90, 1.65, 4.20, 4.57, 1.98, 2.67, 1.34, 2.52

2.63, 1.38, 2.53, 2.90, 4.63, 2.05, 3.02, 4.34, 3.92, 1.67, 4.19, 4.60, 1.98, 2.68, 1.35, 2.53

2.66, 1.38, 2.54, 2.90, 4.59, 2.01, 3.03, 4.33, 3.90, 1.66, 4.20, 4.61, 1.97, 2.69, 1.34, 2.56

2.61, 1.38, 2.49, 2.90, 4.62, 2.06, 3.02, 4.34, 3.90, 1.64, 4.18, 4.59, 1.98, 2.69, 1.33, 2.54

2.65, 1.41, 2.46, 2.91, 4.65, 2.02, 3.04, 4.35, 3.91, 1.64, 4.18, 4.57, 1.98, 2.67, 1.35, 2.53

2.65, 1.39, 2.51, 2.89, 4.64, 2.03, 3.04, 4.36, 3.91, 1.65, 4.20, 4.57, 1.99, 2.67, 1.35, 2.53

2.61, 1.39, 2.50, 2.89, 4.65, 2.03, 3.02, 4.34, 3.90, 1.63, 4.20, 4.56, 1.98, 2.66, 1.33, 2.52

2.72, 1.42, 2.52, 2.90, 4.59, 2.03, 3.05, 4.34, 3.89, 1.62, 4.20, 4.56, 1.99, 2.67, 1.36, 2.53

2.72, 1.41, 2.54, 2.92, 4.63, 2.06, 3.06, 4.34, 3.90, 1.63, 4.21, 4.57, 2.00, 2.68, 1.34, 2.54

2.59, 1.41, 2.49, 2.86, 4.63, 2.05, 3.07, 4.36, 3.90, 1.63, 4.20, 4.56, 1.98, 2.70, 1.35, 2.54

2.73, 1.40, 2.54, 2.90, 4.62, 2.06, 3.05, 4.36, 3.90, 1.63, 4.20, 4.57, 1.99, 2.71, 1.34, 2.54

2.60, 1.42, 2.53, 2.90, 4.63, 2.07, 3.08, 4.35, 3.89, 1.63, 4.19, 4.56, 1.99, 2.69, 1.32, 2.53

2.72, 1.40, 2.46, 2.90, 4.63, 2.04, 3.03, 4.34, 3.89, 1.62, 4.20, 4.58, 1.99, 2.69, 1.38, 2.55

2.70, 1.39, 2.53, 2.88, 4.60, 2.05, 3.05, 4.35, 3.87, 1.64, 4.20, 4.56, 1.98, 2.69, 1.32, 2.54

2.58, 1.42, 2.53, 2.89, 4.61, 2.07, 3.08, 4.31, 3.89, 1.65, 4.20, 4.59, 1.99, 2.67, 1.32, 2.52

2.63, 1.40, 2.49, 2.87, 4.61, 2.02, 3.06, 4.37, 3.89, 1.65, 4.19, 4.59, 1.97, 2.69, 1.37, 2.54

2.63, 1.40, 2.54, 2.89, 4.62, 2.05, 3.05, 4.33, 3.90, 1.63, 4.20, 4.58, 1.99, 2.70, 1.34, 2.54

2.78, 1.40, 2.54, 2.90, 4.60, 2.03, 3.06, 4.32, 3.88, 1.64, 4.19, 4.59, 1.98, 2.69, 1.37, 2.53

2.89, 1.40, 2.54, 2.88, 4.63, 2.07, 3.06, 4.39, 3.88, 1.63, 4.20, 4.57, 1.99, 2.72, 1.35, 2.54

2.76, 1.36, 2.46, 2.92, 4.66, 2.03, 3.02, 4.38, 4.33, 1.62, 4.21, 4.54, 2.00, 2.73, 1.38, 2.53

2.87, 1.25, 2.40, 3.03, 4.78, 1.90, 2.92, 4.46, 5.79, 1.58, 4.20, 4.58, 1.98, 2.78, 1.40, 2.47

2.87, 1.24, 2.40, 3.05, 4.83, 1.91, 2.88, 4.50, 6.50, 1.55, 4.19, 4.62, 1.99, 2.80, 1.37, 2.46

2.78, 1.21, 2.37, 3.07, 4.87, 1.87, 2.86, 4.54, 6.77, 1.57, 4.23, 4.65, 1.97, 2.79, 1.39, 2.48

2.84, 1.20, 2.42, 3.08, 4.89, 1.92, 2.85, 4.54, 7.28, 1.61, 4.33, 4.61, 1.99, 2.82, 1.41, 2.44

2.87, 1.21, 2.40, 3.09, 4.94, 1.88, 2.79, 4.59, 8.28, 1.68, 4.51, 4.55, 2.00, 2.82, 1.41, 2.45

2.84, 1.18, 2.40, 3.09, 5.01, 1.88, 2.77, 4.61, 9.22, 1.75, 4.68, 4.49, 1.98, 2.84, 1.46, 2.44

2.78, 1.17, 2.41, 3.12, 5.03, 1.91, 2.75, 4.72, 10.47, 1.81, 4.89, 4.43, 1.98, 2.87, 1.43, 2.45

2.80, 1.17, 2.40, 3.12, 5.09, 1.88, 2.68, 4.77, 11.92, 1.89, 5.09, 4.38, 2.00, 2.90, 1.47, 2.45

2.95, 1.16, 2.37, 3.15, 5.17, 1.87, 2.67, 4.73, 13.16, 1.94, 5.23, 4.31, 1.99, 2.88, 1.44, 2.46

2.85, 1.16, 2.40, 3.17, 5.17, 1.86, 2.66, 4.78, 14.49, 1.97, 5.34, 4.33, 2.00, 2.90, 1.48, 2.42

2.95, 1.18, 2.41, 3.16, 5.20, 1.87, 2.62, 4.79, 15.90, 1.95, 5.43, 4.31, 2.01, 2.90, 1.48, 2.44

3.02, 1.17, 2.43, 3.19, 5.19, 1.85, 2.63, 4.81, 17.10, 1.95, 5.48, 4.32, 2.00, 2.90, 1.48, 2.43

2.87, 1.15, 2.39, 3.19, 5.22, 1.91, 2.65, 4.84, 18.15, 1.93, 5.50, 4.28, 1.99, 2.90, 1.49, 2.45

2.77, 1.18, 2.39, 3.21, 5.21, 1.85, 2.65, 4.80, 18.89, 1.93, 5.52, 4.31, 1.97, 2.92, 1.48, 2.43

2.96, 1.17, 2.36, 3.18, 5.20, 1.86, 2.64, 4.84, 19.37, 1.93, 5.56, 4.29, 1.99, 2.92, 1.53, 2.45

2.84, 1.19, 2.43, 3.20, 5.23, 1.89, 2.66, 4.84, 19.79, 1.96, 5.55, 4.27, 2.01, 2.92, 1.51, 2.43

2.76, 1.16, 2.38, 3.19, 5.19, 1.86, 2.64, 4.81, 20.28, 1.97, 5.53, 4.31, 1.98, 2.92, 1.47, 2.41

2.90, 1.17, 2.37, 3.19, 5.20, 1.87, 2.65, 4.84, 20.83, 2.00, 5.55, 4.30, 1.98, 2.92, 1.52, 2.43

2.79, 1.19, 2.37, 3.19, 5.21, 1.92, 2.65, 4.84, 21.32, 2.01, 5.61, 4.27, 1.98, 2.92, 1.51, 2.45

2.77, 1.15, 2.41, 3.18, 5.24, 1.88, 2.62, 4.87, 21.50, 2.02, 5.56, 4.28, 1.97, 2.90, 1.50, 2.45

2.82, 1.16, 2.43, 3.20, 5.24, 1.88, 2.65, 4.82, 21.75, 2.04, 5.55, 4.29, 2.01, 2.92, 1.55, 2.44

2.77, 1.18, 2.44, 3.21, 5.26, 1.88, 2.66, 4.85, 21.69, 2.02, 5.55, 4.28, 1.99, 2.92, 1.53, 2.41

2.92, 1.17, 2.42, 3.21, 5.25, 1.87, 2.66, 4.85, 21.58, 2.03, 5.52, 4.30, 2.00, 2.90, 1.48, 2.43

2.92, 1.17, 2.41, 3.19, 5.20, 1.90, 2.66, 4.85, 21.62, 2.03, 5.54, 4.32, 1.98, 2.90, 1.52, 2.42

2.90, 1.20, 2.41, 3.20, 5.21, 1.88, 2.66, 4.84, 21.72, 2.00, 5.53, 4.31, 1.98, 2.90, 1.50, 2.39

2.90, 1.16, 2.43, 3.20, 5.20, 1.90, 2.70, 4.85, 21.49, 1.97, 5.57, 4.28, 1.98, 2.90, 1.49, 2.41

2.77, 1.19, 2.41, 3.20, 5.22, 1.87, 2.69, 4.85, 21.35, 1.97, 5.60, 4.30, 1.99, 2.91, 1.53, 2.41

2.84, 1.17, 2.45, 3.19, 5.18, 1.91, 2.67, 4.84, 21.48, 2.00, 5.63, 4.30, 1.97, 2.90, 1.50, 2.41

2.82, 1.19, 2.41, 3.21, 5.17, 1.87, 2.70, 4.84, 21.87, 2.02, 5.66, 4.29, 2.01, 2.91, 1.47, 2.44

2.74, 1.16, 2.43, 3.21, 5.20, 1.91, 2.67, 4.85, 22.12, 2.00, 5.66, 4.29, 1.99, 2.91, 1.50, 2.40

2.93, 1.17, 2.41, 3.20, 5.22, 1.91, 2.67, 4.86, 22.40, 1.94, 5.66, 4.29, 1.99, 2.90, 1.49, 2.39

2.78, 1.15, 2.41, 3.19, 5.25, 1.90, 2.65, 4.83, 22.78, 1.90, 5.68, 4.30, 1.97, 2.94, 1.49, 2.39

2.89, 1.18, 2.37, 3.19, 5.23, 1.87, 2.64, 4.84, 22.96, 1.85, 5.65, 4.30, 1.98, 2.91, 1.53, 2.40

2.95, 1.17, 2.43, 3.18, 5.21, 1.88, 2.66, 4.84, 23.12, 1.80, 5.55, 4.31, 1.99, 2.93, 1.54, 2.38

2.78, 1.17, 2.43, 3.18, 5.24, 1.90, 2.67, 4.87, 22.90, 1.83, 5.54, 4.27, 2.00, 2.93, 1.54, 2.39

2.88, 1.17, 2.41, 3.16, 5.23, 1.86, 2.69, 4.83, 22.55, 1.85, 5.54, 4.30, 1.99, 2.91, 1.53, 2.41

2.86, 1.17, 2.42, 3.16, 5.23, 1.87, 2.70, 4.84, 21.82, 1.87, 5.47, 4.31, 1.99, 2.91, 1.55, 2.42

2.86, 1.17, 2.42, 3.16, 5.20, 1.91, 2.72, 4.84, 20.71, 1.88, 5.35, 4.31, 2.00, 2.93, 1.55, 2.41

2.99, 1.20, 2.38, 3.18, 5.24, 1.87, 2.71, 4.80, 19.27, 1.90, 5.24, 4.30, 1.96, 2.90, 1.50, 2.43

2.89, 1.19, 2.37, 3.18, 5.17, 1.88, 2.72, 4.83, 16.09, 1.89, 5.02, 4.30, 1.99, 2.89, 1.51, 2.42

2.86, 1.17, 2.41, 3.19, 5.14, 1.88, 2.79, 4.84, 12.05, 1.85, 4.76, 4.42, 1.99, 2.85, 1.49, 2.46

2.91, 1.18, 2.42, 3.22, 5.05, 1.90, 2.89, 4.71, 8.09, 1.66, 4.33, 4.63, 2.00, 2.77, 1.41, 2.52

2.94, 1.25, 2.43, 3.07, 4.76, 1.88, 3.05, 4.49, 4.77, 1.56, 4.21, 4.62, 1.98, 2.69, 1.40, 2.55

2.66, 1.35, 2.51, 2.85, 4.51, 2.01, 3.14, 4.32, 3.95, 1.60, 4.20, 4.56, 1.99, 2.69, 1.42, 2.53

2.80, 1.36, 2.43, 2.89, 4.56, 2.01, 3.09, 4.29, 3.96, 1.61, 4.20, 4.54, 1.98, 2.68, 1.41, 2.51

2.75, 1.37, 2.47, 2.90, 4.55, 2.03, 3.07, 4.29, 3.96, 1.58, 4.20, 4.54, 1.99, 2.68, 1.38, 2.52

2.72, 1.40, 2.51, 2.91, 4.59, 2.00, 3.08, 4.34, 3.95, 1.58, 4.20, 4.51, 2.00, 2.70, 1.39, 2.51

2.67, 1.39, 2.48, 2.90, 4.57, 2.00, 3.08, 4.28, 3.96, 1.57, 4.21, 4.52, 2.00, 2.67, 1.40, 2.53

2.75, 1.39, 2.53, 2.91, 4.55, 2.02, 3.09, 4.33, 3.94, 1.57, 4.20, 4.50, 1.99, 2.70, 1.39, 2.50

2.69, 1.38, 2.48, 2.90, 4.56, 2.05, 3.10, 4.30, 3.93, 1.57, 4.20, 4.52, 1.99, 2.69, 1.40, 2.52

2.76, 1.42, 2.50, 2.91, 4.55, 2.01, 3.08, 4.32, 3.94, 1.56, 4.21, 4.51, 1.98, 2.67, 1.37, 2.53

2.80, 1.41, 2.55, 2.90, 4.55, 2.03, 3.10, 4.31, 3.92, 1.56, 4.21, 4.52, 1.99, 2.68, 1.40, 2.50

2.70, 1.40, 2.57, 2.89, 4.54, 2.05, 3.11, 4.29, 3.91, 1.57, 4.20, 4.52, 2.00, 2.69, 1.41, 2.50

2.59, 1.43, 2.51, 2.89, 4.55, 2.04, 3.11, 4.29, 3.92, 1.57, 4.20, 4.50, 1.97, 2.71, 1.43, 2.51

2.74, 1.44, 2.56, 2.87, 4.55, 2.09, 3.11, 4.29, 3.92, 1.55, 4.20, 4.50, 2.00, 2.70, 1.37, 2.48

2.67, 1.42, 2.56, 2.89, 4.55, 2.04, 3.11, 4.28, 3.91, 1.55, 4.20, 4.49, 1.98, 2.71, 1.39, 2.52

2.65, 1.41, 2.55, 2.89, 4.55, 2.06, 3.10, 4.29, 3.91, 1.57, 4.19, 4.50, 1.97, 2.69, 1.43, 2.51

2.69, 1.41, 2.55, 2.87, 4.53, 2.04, 3.10, 4.31, 3.91, 1.55, 4.20, 4.51, 2.00, 2.71, 1.44, 2.49

2.64, 1.42, 2.55, 2.87, 4.55, 2.06, 3.11, 4.30, 3.91, 1.54, 4.21, 4.50, 1.99, 2.70, 1.39, 2.50

2.74, 1.42, 2.57, 2.89, 4.54, 2.05, 3.11, 4.29, 3.91, 1.55, 4.20, 4.48, 2.00, 2.73, 1.41, 2.50

2.74, 1.47, 2.58, 2.88, 4.54, 2.06, 3.13, 4.30, 3.92, 1.55, 4.20, 4.47, 1.98, 2.70, 1.40, 2.51

2.71, 1.46, 2.57, 2.87, 4.56, 2.07, 3.09, 4.27, 3.92, 1.54, 4.21, 4.49, 1.98, 2.72, 1.42, 2.50

2.65, 1.44, 2.54, 2.87, 4.52, 2.07, 3.10, 4.31, 3.90, 1.55, 4.21, 4.50, 1.99, 2.70, 1.39, 2.49

2.76, 1.45, 2.58, 2.89, 4.52, 2.08, 3.12, 4.29, 3.92, 1.54, 4.19, 4.48, 1.99, 2.71, 1.38, 2.49

2.56, 1.43, 2.55, 2.87, 4.54, 2.06, 3.11, 4.28, 3.92, 1.54, 4.20, 4.50, 1.98, 2.70, 1.44, 2.50

2.64, 1.44, 2.54, 2.84, 4.53, 2.05, 3.10, 4.30, 3.91, 1.54, 4.19, 4.49, 1.99, 2.73, 1.41, 2.49

2.75, 1.45, 2.56, 2.88, 4.54, 2.05, 3.13, 4.32, 3.91, 1.54, 4.22, 4.48, 1.99, 2.71, 1.40, 2.50

2.77, 1.43, 2.57, 2.87, 4.52, 2.06, 3.11, 4.28, 3.89, 1.53, 4.19, 4.49, 1.99, 2.71, 1.44, 2.51

2.68, 1.43, 2.55, 2.87, 4.54, 2.10, 3.10, 4.26, 3.91, 1.54, 4.20, 4.48, 2.00, 2.71, 1.40, 2.50

2.54, 1.44, 2.55, 2.88, 4.55, 2.06, 3.08, 4.28, 3.91, 1.55, 4.20, 4.50, 1.98, 2.73, 1.42, 2.50

2.66, 1.42, 2.56, 2.86, 4.54, 2.06, 3.11, 4.26, 3.91, 1.55, 4.20, 4.50, 1.99, 2.71, 1.45, 2.52

2.68, 1.44, 2.51, 2.85, 4.54, 2.06, 3.09, 4.25, 3.92, 1.55, 4.21, 4.50, 1.97, 2.72, 1.42, 2.50

2.61, 1.45, 2.52, 2.87, 4.52, 2.10, 3.09, 4.29, 3.91, 1.55, 4.20, 4.50, 1.98, 2.72, 1.40, 2.51

2.75, 1.43, 2.53, 2.87, 4.54, 2.07, 3.09, 4.27, 3.92, 1.56, 4.21, 4.51, 1.98, 2.71, 1.41, 2.49

2.61, 1.45, 2.56, 2.86, 4.55, 2.10, 3.12, 4.25, 3.92, 1.55, 4.19, 4.50, 1.98, 2.70, 1.43, 2.48

2.57, 1.43, 2.55, 2.86, 4.52, 2.07, 3.11, 4.26, 3.93, 1.55, 4.19, 4.50, 1.97, 2.73, 1.41, 2.50

2.66, 1.45, 2.59, 2.86, 4.54, 2.09, 3.11, 4.29, 3.92, 1.55, 4.19, 4.51, 1.98, 2.70, 1.45, 2.50

2.65, 1.45, 2.57, 2.87, 4.56, 2.06, 3.13, 4.28, 3.94, 1.56, 4.19, 4.51, 1.99, 2.70, 1.43, 2.52

2.57, 1.45, 2.55, 2.87, 4.54, 2.04, 3.12, 4.30, 3.92, 1.56, 4.21, 4.53, 1.99, 2.72, 1.40, 2.51

2.63, 1.43, 2.57, 2.87, 4.54, 2.07, 3.13, 4.28, 3.93, 1.56, 4.21, 4.52, 2.00, 2.70, 1.39, 2.48

2.69, 1.44, 2.56, 2.88, 4.55, 2.07, 3.11, 4.30, 3.92, 1.57, 4.19, 4.50, 1.98, 2.73, 1.39, 2.51

2.73, 1.44, 2.53, 2.88, 4.53, 2.06, 3.10, 4.28, 3.92, 1.57, 4.20, 4.53, 1.99, 2.71, 1.40, 2.50

2.62, 1.42, 2.56, 2.87, 4.53, 2.05, 3.11, 4.27, 3.93, 1.58, 4.20, 4.51, 1.99, 2.71, 1.40, 2.49

2.68, 1.40, 2.57, 2.87, 4.54, 2.05, 3.12, 4.29, 3.92, 1.57, 4.20, 4.52, 1.98, 2.72, 1.42, 2.51

2.73, 1.44, 2.53, 2.86, 4.55, 2.06, 3.10, 4.29, 3.94, 1.58, 4.20, 4.53, 1.98, 2.72, 1.43, 2.50

2.76, 1.44, 2.54, 2.86, 4.53, 2.06, 3.10, 4.30, 3.93, 1.56, 4.20, 4.52, 1.98, 2.72, 1.41, 2.49

2.62, 1.44, 2.56, 2.86, 4.55, 2.04, 3.11, 4.31, 3.93, 1.56, 4.20, 4.53, 1.99, 2.71, 1.44, 2.50

2.54, 1.45, 2.55, 2.87, 4.55, 2.07, 3.08, 4.27, 3.93, 1.57, 4.21, 4.53, 2.00, 2.71, 1.38, 2.52

2.75, 1.45, 2.57, 2.87, 4.54, 2.07, 3.11, 4.30, 3.94, 1.57, 4.21, 4.51, 1.99, 2.71, 1.39, 2.52

2.70, 1.43, 2.50, 2.87, 4.54, 2.08, 3.11, 4.31, 4.02, 1.46, 4.20, 4.78, 1.98, 2.82, 1.37, 2.50

2.88, 1.37, 2.41, 2.99, 4.65, 1.93, 2.99, 4.39, 4.27, 1.29, 5.72, 4.90, 1.99, 2.76, 1.43, 2.49

2.81, 1.34, 2.43, 3.01, 4.65, 1.96, 2.98, 4.39, 4.27, 1.29, 5.64, 4.85, 1.98, 2.76, 1.42, 2.48

2.76, 1.33, 2.44, 3.01, 4.67, 1.92, 2.97, 4.40, 4.27, 1.29, 5.65, 4.87, 1.97, 2.76, 1.41, 2.49

2.77, 1.33, 2.42, 3.00, 4.69, 1.91, 2.96, 4.41, 4.23, 1.30, 6.13, 4.90, 1.99, 2.77, 1.44, 2.48

2.83, 1.31, 2.47, 3.00, 4.71, 1.91, 2.93, 4.44, 4.25, 1.29, 7.05, 4.92, 1.99, 2.79, 1.47, 2.46

2.80, 1.29, 2.40, 3.05, 4.80, 1.90, 2.90, 4.51, 4.23, 1.30, 8.17, 4.97, 2.00, 2.80, 1.47, 2.46

2.86, 1.29, 2.39, 3.10, 4.83, 1.90, 2.91, 4.53, 4.24, 1.29, 9.03, 4.97, 1.99, 2.81, 1.48, 2.46

2.78, 1.29, 2.36, 3.11, 4.82, 1.89, 2.84, 4.54, 4.29, 1.27, 9.82, 5.03, 1.98, 2.83, 1.48, 2.44

2.92, 1.26, 2.43, 3.15, 4.83, 1.91, 2.85, 4.53, 4.32, 1.29, 10.26, 5.03, 1.98, 2.82, 1.46, 2.45

2.79, 1.26, 2.37, 3.15, 4.87, 1.87, 2.83, 4.56, 4.38, 1.29, 10.79, 5.07, 1.98, 2.82, 1.49, 2.44

2.79, 1.27, 2.39, 3.19, 4.93, 1.86, 2.84, 4.56, 4.42, 1.30, 11.43, 5.10, 2.00, 2.82, 1.44, 2.44

2.92, 1.25, 2.37, 3.23, 4.94, 1.88, 2.83, 4.61, 4.44, 1.29, 12.24, 5.14, 2.00, 2.86, 1.50, 2.45

2.99, 1.25, 2.40, 3.23, 4.91, 1.91, 2.79, 4.63, 4.44, 1.30, 13.03, 5.15, 1.98, 2.86, 1.47, 2.43

2.86, 1.26, 2.37, 3.19, 4.95, 1.88, 2.79, 4.67, 4.37, 1.29, 14.17, 5.18, 1.98, 2.87, 1.46, 2.42

2.87, 1.27, 2.41, 3.11, 4.99, 1.87, 2.79, 4.67, 4.30, 1.29, 15.27, 5.20, 1.98, 2.87, 1.47, 2.42

2.92, 1.28, 2.37, 3.05, 5.00, 1.87, 2.78, 4.69, 4.26, 1.28, 16.00, 5.22, 1.98, 2.90, 1.52, 2.42

2.85, 1.27, 2.41, 3.06, 5.02, 1.88, 2.76, 4.69, 4.26, 1.29, 16.45, 5.26, 2.00, 2.90, 1.54, 2.42

2.76, 1.28, 2.41, 3.07, 5.01, 1.88, 2.75, 4.70, 4.28, 1.29, 16.48, 5.26, 1.98, 2.91, 1.51, 2.44

2.97, 1.29, 2.38, 3.09, 5.02, 1.86, 2.75, 4.69, 4.33, 1.28, 16.84, 5.29, 1.97, 2.89, 1.52, 2.40

2.92, 1.27, 2.41, 3.08, 4.99, 1.89, 2.73, 4.71, 4.38, 1.27, 17.22, 5.31, 2.00, 2.92, 1.53, 2.40

2.90, 1.28, 2.39, 3.13, 5.05, 1.92, 2.71, 4.72, 4.41, 1.28, 17.51, 5.32, 1.98, 2.91, 1.50, 2.43

2.88, 1.26, 2.38, 3.13, 5.03, 1.87, 2.73, 4.71, 4.40, 1.29, 17.57, 5.26, 1.99, 2.89, 1.48, 2.44

2.78, 1.25, 2.37, 3.16, 5.04, 1.90, 2.71, 4.74, 4.35, 1.31, 17.69, 5.26, 1.98, 2.90, 1.50, 2.42

2.83, 1.27, 2.40, 3.14, 5.04, 1.88, 2.71, 4.76, 4.30, 1.30, 17.60, 5.29, 1.98, 2.91, 1.56, 2.43

2.83, 1.26, 2.34, 3.11, 5.03, 1.89, 2.72, 4.71, 4.31, 1.29, 17.60, 5.27, 1.98, 2.90, 1.51, 2.41

2.78, 1.27, 2.35, 3.14, 5.02, 1.86, 2.73, 4.72, 4.28, 1.28, 17.56, 5.28, 2.00, 2.90, 1.52, 2.41

2.92, 1.27, 2.42, 3.15, 5.05, 1.88, 2.73, 4.74, 4.23, 1.28, 17.82, 5.26, 1.98, 2.91, 1.52, 2.41

2.86, 1.27, 2.39, 3.13, 5.06, 1.88, 2.72, 4.71, 4.18, 1.30, 18.04, 5.27, 1.99, 2.90, 1.54, 2.42

2.90, 1.26, 2.41, 3.12, 5.03, 1.89, 2.73, 4.74, 4.23, 1.31, 18.50, 5.34, 1.98, 2.93, 1.53, 2.40

2.93, 1.28, 2.38, 3.16, 5.08, 1.86, 2.74, 4.75, 4.33, 1.28, 18.87, 5.36, 2.00, 2.91, 1.54, 2.41

2.93, 1.25, 2.40, 3.17, 5.08, 1.87, 2.72, 4.73, 4.37, 1.30, 19.08, 5.35, 1.97, 2.94, 1.52, 2.42

2.87, 1.27, 2.40, 3.16, 5.08, 1.88, 2.71, 4.75, 4.41, 1.30, 19.08, 5.36, 2.00, 2.91, 1.52, 2.40

3.00, 1.28, 2.42, 3.19, 5.11, 1.88, 2.70, 4.74, 4.36, 1.29, 19.25, 5.37, 2.00, 2.91, 1.54, 2.41

2.97, 1.26, 2.43, 3.19, 5.07, 1.90, 2.71, 4.75, 4.31, 1.29, 20.12, 5.42, 1.99, 2.91, 1.56, 2.43

2.89, 1.25, 2.42, 3.18, 5.09, 1.86, 2.70, 4.78, 4.26, 1.28, 20.59, 5.44, 2.00, 2.92, 1.55, 2.41

3.00, 1.25, 2.41, 3.16, 5.10, 1.88, 2.70, 4.79, 4.20, 1.29, 20.81, 5.44, 1.98, 2.90, 1.57, 2.40

2.87, 1.28, 2.41, 3.18, 5.09, 1.88, 2.70, 4.80, 4.14, 1.29, 20.90, 5.39, 1.99, 2.92, 1.56, 2.39

2.78, 1.27, 2.43, 3.18, 5.11, 1.89, 2.69, 4.78, 4.13, 1.30, 20.77, 5.39, 1.99, 2.89, 1.54, 2.40

2.93, 1.28, 2.43, 3.15, 5.10, 1.90, 2.70, 4.78, 4.15, 1.30, 20.58, 5.33, 1.97, 2.90, 1.50, 2.41

2.93, 1.28, 2.43, 3.12, 5.07, 1.87, 2.68, 4.78, 4.20, 1.29, 20.43, 5.31, 2.00, 2.93, 1.53, 2.42

2.98, 1.30, 2.41, 3.06, 5.08, 1.87, 2.71, 4.78, 4.24, 1.29, 19.95, 5.24, 2.00, 2.89, 1.51, 2.41

2.90, 1.29, 2.43, 3.03, 5.07, 1.91, 2.69, 4.78, 4.24, 1.29, 19.58, 5.22, 2.00, 2.91, 1.50, 2.41

2.89, 1.30, 2.42, 3.04, 5.11, 1.88, 2.71, 4.79, 4.20, 1.29, 19.55, 5.24, 1.98, 2.91, 1.55, 2.43

3.05, 1.28, 2.41, 3.10, 5.07, 1.88, 2.71, 4.80, 4.14, 1.29, 19.75, 5.24, 2.00, 2.91, 1.54, 2.42

2.78, 1.28, 2.44, 3.12, 5.07, 1.92, 2.74, 4.79, 4.13, 1.30, 19.80, 5.26, 1.98, 2.92, 1.54, 2.42

2.94, 1.27, 2.42, 3.10, 5.08, 1.88, 2.71, 4.78, 4.09, 1.29, 19.77, 5.27, 1.99, 2.89, 1.55, 2.43

3.01, 1.28, 2.42, 3.06, 5.10, 1.90, 2.71, 4.77, 4.02, 1.29, 19.60, 5.26, 1.98, 2.90, 1.49, 2.43

2.82, 1.28, 2.38, 3.08, 5.09, 1.86, 2.72, 4.75, 3.99, 1.29, 19.63, 5.30, 1.97, 2.91, 1.51, 2.43

2.86, 1.29, 2.37, 3.07, 5.07, 1.91, 2.72, 4.74, 4.01, 1.29, 19.53, 5.31, 1.98, 2.89, 1.55, 2.44

2.83, 1.30, 2.36, 3.03, 5.09, 1.88, 2.69, 4.76, 4.04, 1.30, 19.33, 5.30, 1.98, 2.88, 1.50, 2.43

2.77, 1.29, 2.40, 3.01, 5.06, 1.87, 2.71, 4.76, 4.13, 1.29, 18.76, 5.29, 2.00, 2.87, 1.49, 2.44

2.78, 1.32, 2.40, 3.02, 5.06, 1.87, 2.74, 4.78, 4.21, 1.30, 17.83, 5.23, 2.00, 2.86, 1.49, 2.45

2.85, 1.30, 2.39, 3.05, 5.05, 1.87, 2.74, 4.74, 4.24, 1.27, 16.81, 5.18, 1.98, 2.86, 1.49, 2.44

2.88, 1.29, 2.36, 3.06, 5.03, 1.89, 2.74, 4.77, 4.21, 1.30, 15.54, 5.13, 1.98, 2.84, 1.50, 2.47

2.82, 1.29, 2.38, 3.07, 4.99, 1.87, 2.77, 4.66, 4.19, 1.29, 13.49, 5.06, 1.99, 2.83, 1.45, 2.48

2.72, 1.30, 2.39, 3.11, 4.92, 1.91, 2.81, 4.58, 4.20, 1.29, 10.15, 4.95, 1.98, 2.79, 1.40, 2.50

2.78, 1.30, 2.37, 3.12, 4.80, 1.87, 2.88, 4.52, 4.18, 1.29, 7.52, 4.88, 1.99, 2.74, 1.43, 2.52

2.69, 1.29, 2.40, 3.11, 4.71, 1.96, 2.97, 4.47, 4.17, 1.28, 5.38, 4.80, 1.99, 2.69, 1.35, 2.51

2.69, 1.32, 2.43, 3.03, 4.61, 1.99, 3.07, 4.35, 4.05, 1.48, 4.22, 4.49, 1.99, 2.65, 1.30, 2.55

2.64, 1.44, 2.52, 2.96, 4.58, 2.03, 3.12, 4.38, 3.97, 1.53, 4.21, 4.58, 1.98, 2.70, 1.40, 2.53

2.63, 1.42, 2.47, 2.96, 4.56, 2.08, 3.09, 4.30, 3.95, 1.53, 4.19, 4.55, 2.00, 2.67, 1.37, 2.53

2.64, 1.42, 2.52, 2.95, 4.54, 2.04, 3.10, 4.35, 3.96, 1.53, 4.22, 4.58, 1.99, 2.69, 1.37, 2.50

2.75, 1.43, 2.53, 2.95, 4.56, 2.05, 3.10, 4.30, 3.97, 1.53, 4.21, 4.56, 1.98, 2.69, 1.39, 2.52

2.78, 1.41, 2.53, 2.95, 4.57, 2.07, 3.09, 4.33, 3.95, 1.53, 4.20, 4.58, 1.99, 2.69, 1.35, 2.53

2.77, 1.42, 2.50, 2.96, 4.56, 2.07, 3.11, 4.29, 3.96, 1.53, 4.19, 4.56, 2.00, 2.69, 1.33, 2.52

2.76, 1.43, 2.47, 2.95, 4.55, 2.05, 3.09, 4.31, 3.96, 1.53, 4.20, 4.57, 1.99, 2.68, 1.35, 2.55

2.74, 1.44, 2.53, 2.94, 4.56, 2.06, 3.08, 4.32, 3.94, 1.54, 4.19, 4.57, 2.01, 2.70, 1.36, 2.51

2.73, 1.44, 2.52, 2.96, 4.53, 2.08, 3.12, 4.34, 3.95, 1.53, 4.21, 4.56, 2.00, 2.68, 1.35, 2.53

2.76, 1.44, 2.47, 2.93, 4.55, 2.04, 3.09, 4.30, 3.95, 1.54, 4.21, 4.58, 1.98, 2.67, 1.35, 2.53

2.59, 1.43, 2.52, 2.94, 4.54, 2.05, 3.09, 4.33, 3.94, 1.54, 4.21, 4.57, 2.00, 2.69, 1.39, 2.52

2.77, 1.44, 2.49, 2.94, 4.57, 2.03, 3.09, 4.30, 3.97, 1.54, 4.21, 4.58, 1.99, 2.69, 1.35, 2.54

2.82, 1.44, 2.52, 2.95, 4.54, 2.05, 3.10, 4.29, 3.96, 1.55, 4.20, 4.56, 2.00, 2.69, 1.38, 2.52

2.74, 1.42, 2.51, 2.95, 4.55, 2.05, 3.12, 4.31, 3.96, 1.55, 4.21, 4.57, 1.99, 2.67, 1.33, 2.53

2.73, 1.44, 2.47, 2.95, 4.57, 2.04, 3.09, 4.30, 3.96, 1.53, 4.21, 4.56, 2.00, 2.69, 1.36, 2.53

2.62, 1.40, 2.51, 2.94, 4.53, 2.05, 3.07, 4.33, 3.95, 1.54, 4.21, 4.57, 2.00, 2.69, 1.37, 2.53

2.79, 1.43, 2.48, 2.94, 4.55, 2.06, 3.09, 4.33, 3.95, 1.56, 4.20, 4.57, 1.99, 2.68, 1.38, 2.53

2.76, 1.46, 2.51, 2.93, 4.54, 2.06, 3.10, 4.29, 3.94, 1.54, 4.20, 4.56, 1.99, 2.68, 1.37, 2.52

2.62, 1.42, 2.52, 2.95, 4.55, 2.04, 3.10, 4.32, 3.94, 1.55, 4.21, 4.56, 2.01, 2.70, 1.35, 2.52

2.78, 1.43, 2.49, 2.96, 4.57, 2.08, 3.08, 4.33, 3.95, 1.54, 4.20, 4.58, 1.99, 2.68, 1.36, 2.54

2.76, 1.43, 2.51, 2.94, 4.57, 2.07, 3.09, 4.30, 3.94, 1.54, 4.21, 4.57, 1.98, 2.70, 1.39, 2.54

2.67, 1.41, 2.53, 2.94, 4.57, 2.06, 3.09, 4.30, 3.94, 1.54, 4.21, 4.56, 1.97, 2.68, 1.39, 2.54

2.69, 1.42, 2.55, 2.94, 4.55, 2.05, 3.10, 4.34, 3.95, 1.54, 4.20, 4.55, 2.00, 2.69, 1.39, 2.52

2.60, 1.43, 2.53, 2.94, 4.58, 2.06, 3.08, 4.31, 3.96, 1.55, 4.19, 4.55, 1.98, 2.69, 1.38, 2.53

2.70, 1.43, 2.53, 2.92, 4.58, 2.06, 3.09, 4.32, 3.95, 1.54, 4.20, 4.57, 1.98, 2.67, 1.36, 2.54

2.72, 1.43, 2.53, 2.91, 4.56, 2.05, 3.09, 4.28, 3.96, 1.55, 4.19, 4.58, 1.98, 2.68, 1.36, 2.53

2.70, 1.44, 2.53, 2.92, 4.56, 2.06, 3.08, 4.29, 3.94, 1.54, 4.20, 4.58, 1.99, 2.70, 1.37, 2.53

2.63, 1.45, 2.50, 2.94, 4.58, 2.06, 3.12, 4.30, 3.94, 1.55, 4.21, 4.57, 1.99, 2.69, 1.36, 2.52

2.59, 1.45, 2.48, 2.97, 4.54, 2.05, 3.08, 4.31, 3.95, 1.54, 4.19, 4.58, 2.05, 2.70, 1.43, 2.46

2.76, 1.45, 2.57, 2.94, 4.58, 2.04, 3.09, 4.32, 3.95, 1.55, 4.20, 4.58, 2.47, 2.78, 1.49, 2.48

2.86, 1.44, 2.57, 2.97, 4.58, 2.06, 3.07, 4.33, 3.96, 1.54, 4.20, 4.61, 2.92, 2.81, 1.50, 2.46

2.74, 1.46, 2.54, 2.96, 4.58, 2.00, 3.07, 4.35, 3.97, 1.53, 4.21, 4.61, 3.18, 2.82, 1.55, 2.46

2.77, 1.46, 2.54, 2.96, 4.59, 1.98, 3.05, 4.35, 3.96, 1.51, 4.21, 4.61, 3.55, 2.84, 1.52, 2.43

2.66, 1.46, 2.54, 2.96, 4.65, 1.98, 3.04, 4.39, 3.97, 1.52, 4.19, 4.60, 3.99, 2.88, 1.52, 2.44

2.66, 1.45, 2.55, 2.95, 4.65, 1.94, 2.99, 4.39, 3.98, 1.50, 4.20, 4.63, 4.68, 2.90, 1.61, 2.43

2.68, 1.44, 2.59, 2.96, 4.69, 1.94, 2.96, 4.45, 4.00, 1.49, 4.20, 4.64, 5.72, 2.97, 1.66, 2.40

2.72, 1.50, 2.59, 2.92, 4.73, 1.88, 2.96, 4.42, 4.01, 1.49, 4.19, 4.68, 7.10, 3.05, 1.74, 2.40

2.61, 1.51, 2.58, 2.90, 4.72, 1.87, 2.94, 4.49, 4.01, 1.46, 4.21, 4.69, 8.21, 3.10, 1.84, 2.39

2.69, 1.53, 2.64, 2.90, 4.75, 1.88, 2.92, 4.48, 4.01, 1.45, 4.19, 4.70, 9.11, 3.16, 1.89, 2.38

2.66, 1.54, 2.63, 2.88, 4.79, 1.91, 2.93, 4.48, 4.03, 1.46, 4.19, 4.73, 9.93, 3.21, 1.98, 2.39

2.50, 1.54, 2.62, 2.82, 4.83, 1.88, 2.93, 4.53, 4.04, 1.43, 4.20, 4.74, 10.97, 3.26, 2.07, 2.40

2.68, 1.59, 2.66, 2.81, 4.81, 1.87, 2.89, 4.50, 4.06, 1.44, 4.20, 4.77, 11.93, 3.29, 2.17, 2.38

2.54, 1.59, 2.64, 2.77, 4.79, 1.89, 2.89, 4.51, 4.04, 1.41, 4.22, 4.77, 12.51, 3.33, 2.15, 2.36

2.67, 1.56, 2.67, 2.78, 4.79, 1.91, 2.88, 4.54, 4.05, 1.41, 4.22, 4.77, 12.88, 3.35, 2.15, 2.33

2.60, 1.60, 2.72, 2.81, 4.85, 1.88, 2.90, 4.52, 4.06, 1.42, 4.19, 4.76, 13.05, 3.34, 2.18, 2.34

2.46, 1.57, 2.66, 2.78, 4.85, 1.89, 2.90, 4.50, 4.07, 1.43, 4.21, 4.77, 13.19, 3.33, 2.20, 2.35

2.63, 1.59, 2.67, 2.78, 4.82, 1.87, 2.87, 4.53, 4.09, 1.42, 4.20, 4.77, 13.00, 3.33, 2.14, 2.30

2.54, 1.57, 2.64, 2.79, 4.81, 1.88, 2.90, 4.54, 4.06, 1.41, 4.20, 4.79, 13.16, 3.29, 2.16, 2.29

2.49, 1.57, 2.63, 2.79, 4.85, 1.87, 2.88, 4.50, 4.05, 1.41, 4.21, 4.78, 13.51, 3.33, 2.17, 2.32

2.35, 1.59, 2.66, 2.79, 4.84, 1.90, 2.88, 4.54, 4.06, 1.42, 4.19, 4.78, 13.76, 3.35, 2.21, 2.32

2.55, 1.58, 2.70, 2.79, 4.85, 1.87, 2.88, 4.52, 4.08, 1.41, 4.19, 4.78, 14.27, 3.38, 2.26, 2.33

2.57, 1.58, 2.68, 2.77, 4.86, 1.87, 2.87, 4.52, 4.06, 1.41, 4.20, 4.79, 14.77, 3.41, 2.36, 2.34

2.56, 1.59, 2.74, 2.78, 4.83, 1.89, 2.87, 4.54, 4.07, 1.42, 4.19, 4.79, 14.91, 3.45, 2.38, 2.33

2.65, 1.61, 2.73, 2.78, 4.86, 1.87, 2.90, 4.56, 4.08, 1.41, 4.20, 4.79, 14.98, 3.45, 2.33, 2.35

2.61, 1.59, 2.69, 2.77, 4.84, 1.88, 2.88, 4.52, 4.07, 1.41, 4.20, 4.79, 15.01, 3.45, 2.38, 2.33

2.54, 1.59, 2.74, 2.76, 4.87, 1.90, 2.85, 4.52, 4.07, 1.42, 4.19, 4.80, 15.24, 3.46, 2.34, 2.33

2.66, 1.60, 2.67, 2.79, 4.84, 1.86, 2.88, 4.56, 4.08, 1.40, 4.19, 4.82, 15.19, 3.41, 2.32, 2.32

2.46, 1.57, 2.71, 2.79, 4.85, 1.87, 2.86, 4.55, 4.08, 1.41, 4.20, 4.79, 15.06, 3.38, 2.34, 2.31

2.67, 1.59, 2.68, 2.79, 4.83, 1.91, 2.87, 4.54, 4.09, 1.40, 4.20, 4.80, 14.94, 3.38, 2.35, 2.32

2.57, 1.59, 2.71, 2.78, 4.87, 1.91, 2.89, 4.53, 4.08, 1.40, 4.20, 4.79, 15.14, 3.39, 2.38, 2.32

2.54, 1.59, 2.67, 2.78, 4.82, 1.87, 2.88, 4.53, 4.07, 1.41, 4.20, 4.81, 15.43, 3.39, 2.43, 2.33

2.61, 1.60, 2.68, 2.76, 4.81, 1.89, 2.86, 4.53, 4.09, 1.41, 4.20, 4.80, 15.37, 3.40, 2.43, 2.33

2.59, 1.60, 2.73, 2.78, 4.83, 1.90, 2.91, 4.52, 4.08, 1.39, 4.20, 4.78, 15.49, 3.42, 2.43, 2.33

2.52, 1.61, 2.70, 2.78, 4.84, 1.89, 2.89, 4.54, 4.08, 1.41, 4.21, 4.81, 15.80, 3.43, 2.47, 2.33

2.55, 1.60, 2.72, 2.78, 4.84, 1.89, 2.88, 4.51, 4.08, 1.40, 4.20, 4.80, 16.03, 3.44, 2.52, 2.33

2.64, 1.60, 2.68, 2.80, 4.85, 1.91, 2.86, 4.53, 4.09, 1.41, 4.20, 4.81, 16.47, 3.46, 2.58, 2.34

2.48, 1.59, 2.71, 2.79, 4.86, 1.88, 2.89, 4.53, 4.08, 1.40, 4.21, 4.80, 16.55, 3.50, 2.54, 2.32

2.67, 1.60, 2.71, 2.79, 4.86, 1.87, 2.87, 4.55, 4.08, 1.40, 4.19, 4.82, 16.69, 3.49, 2.55, 2.32

2.55, 1.59, 2.71, 2.78, 4.84, 1.90, 2.85, 4.55, 4.08, 1.40, 4.20, 4.82, 17.08, 3.54, 2.59, 2.31

2.60, 1.61, 2.75, 2.79, 4.85, 1.90, 2.89, 4.55, 4.08, 1.42, 4.21, 4.80, 17.56, 3.50, 2.63, 2.35

2.58, 1.62, 2.75, 2.77, 4.88, 1.88, 2.89, 4.53, 4.08, 1.40, 4.18, 4.82, 18.01, 3.50, 2.68, 2.34

2.36, 1.60, 2.71, 2.78, 4.83, 1.90, 2.87, 4.54, 4.11, 1.40, 4.19, 4.83, 18.61, 3.55, 2.70, 2.33

2.59, 1.61, 2.76, 2.79, 4.85, 1.89, 2.88, 4.55, 4.08, 1.40, 4.20, 4.82, 19.30, 3.57, 2.75, 2.31

2.50, 1.64, 2.78, 2.80, 4.86, 1.92, 2.84, 4.56, 4.10, 1.40, 4.21, 4.83, 19.31, 3.57, 2.73, 2.31

2.44, 1.62, 2.73, 2.78, 4.90, 1.87, 2.87, 4.58, 4.09, 1.40, 4.20, 4.81, 19.02, 3.55, 2.71, 2.32

2.58, 1.59, 2.68, 2.79, 4.88, 1.87, 2.85, 4.56, 4.09, 1.40, 4.20, 4.81, 18.76, 3.55, 2.69, 2.31

2.63, 1.60, 2.74, 2.77, 4.84, 1.86, 2.86, 4.55, 4.08, 1.40, 4.20, 4.80, 18.53, 3.54, 2.69, 2.29

2.65, 1.60, 2.66, 2.77, 4.88, 1.87, 2.87, 4.55, 4.09, 1.42, 4.21, 4.78, 17.44, 3.46, 2.60, 2.29

2.57, 1.59, 2.69, 2.80, 4.88, 1.86, 2.89, 4.58, 4.07, 1.41, 4.21, 4.78, 15.80, 3.35, 2.46, 2.29

2.55, 1.53, 2.66, 2.77, 4.86, 1.89, 2.87, 4.52, 4.07, 1.41, 4.20, 4.75, 13.33, 3.22, 2.36, 2.31

2.72, 1.55, 2.58, 2.77, 4.83, 1.89, 2.89, 4.51, 4.07, 1.42, 4.21, 4.72, 11.05, 3.14, 2.22, 2.32

2.60, 1.51, 2.60, 2.81, 4.77, 1.88, 2.90, 4.48, 4.03, 1.45, 4.20, 4.67, 9.28, 3.08, 2.11, 2.35

2.74, 1.49, 2.57, 2.90, 4.73, 1.94, 2.96, 4.45, 4.01, 1.49, 4.19, 4.64, 7.07, 3.00, 1.89, 2.37

2.60, 1.43, 2.47, 2.93, 4.65, 1.96, 3.04, 4.39, 3.99, 1.51, 4.21, 4.61, 4.86, 2.87, 1.75, 2.40

2.64, 1.41, 2.48, 2.93, 4.60, 2.06, 3.06, 4.31, 3.96, 1.56, 4.21, 4.58, 2.54, 2.79, 1.53, 2.44

2.71, 1.42, 2.51, 2.92, 4.52, 2.08, 3.10, 4.32, 3.95, 1.56, 4.20, 4.55, 2.01, 2.73, 1.39, 2.46

2.62, 1.41, 2.51, 2.93, 4.57, 2.11, 3.13, 4.29, 3.93, 1.56, 4.21, 4.55, 2.00, 2.72, 1.39, 2.47

2.73, 1.42, 2.50, 2.92, 4.55, 2.06, 3.13, 4.29, 3.95, 1.56, 4.20, 4.54, 1.98, 2.70, 1.40, 2.48

2.76, 1.45, 2.48, 2.92, 4.57, 2.07, 3.11, 4.28, 3.93, 1.57, 4.20, 4.55, 1.99, 2.73, 1.39, 2.46

2.74, 1.45, 2.54, 2.90, 4.53, 2.07, 3.10, 4.30, 3.96, 1.56, 4.21, 4.54, 2.00, 2.71, 1.42, 2.48

2.74, 1.44, 2.55, 2.91, 4.53, 2.08, 3.12, 4.31, 3.94, 1.56, 4.20, 4.53, 1.98, 2.69, 1.41, 2.48

2.76, 1.45, 2.49, 2.92, 4.53, 2.08, 3.11, 4.29, 3.96, 1.56, 4.19, 4.55, 2.01, 2.71, 1.41, 2.49

2.77, 1.43, 2.49, 2.93, 4.53, 2.09, 3.13, 4.30, 3.93, 1.57, 4.21, 4.54, 2.01, 2.73, 1.44, 2.48

2.56, 1.44, 2.54, 2.91, 4.55, 2.10, 3.10, 4.29, 3.94, 1.56, 4.20, 4.53, 2.00, 2.73, 1.41, 2.48

2.72, 1.45, 2.51, 2.91, 4.57, 2.09, 3.14, 4.27, 3.94, 1.56, 4.21, 4.54, 1.98, 2.73, 1.41, 2.47

2.74, 1.44, 2.56, 2.89, 4.53, 2.13, 3.12, 4.28, 3.95, 1.56, 4.21, 4.54, 1.99, 2.73, 1.43, 2.47

2.65, 1.44, 2.49, 2.91, 4.54, 2.07, 3.12, 4.28, 3.94, 1.56, 4.20, 4.56, 1.99, 2.73, 1.41, 2.48

2.70, 1.43, 2.54, 2.90, 4.55, 2.11, 3.12, 4.29, 3.94, 1.57, 4.20, 4.55, 2.00, 2.74, 1.40, 2.48

2.76, 1.46, 2.45, 2.90, 4.54, 2.07, 3.10, 4.28, 3.94, 1.57, 4.20, 4.56, 1.98, 2.71, 1.44, 2.49

2.75, 1.44, 2.50, 2.91, 4.55, 2.09, 3.10, 4.27, 3.95, 1.57, 4.20, 4.55, 2.00, 2.71, 1.41, 2.48

2.79, 1.46, 2.53, 2.89, 4.55, 2.07, 3.11, 4.31, 3.95, 1.56, 4.21, 4.56, 2.00, 2.72, 1.40, 2.48

2.72, 1.45, 2.56, 2.90, 4.54, 2.06, 3.12, 4.29, 3.94, 1.57, 4.21, 4.56, 2.01, 2.73, 1.43, 2.46

2.66, 1.43, 2.55, 2.89, 4.53, 2.07, 3.14, 4.29, 3.94, 1.56, 4.20, 4.55, 1.97, 2.71, 1.41, 2.44

2.68, 1.44, 2.53, 2.91, 4.52, 2.08, 3.14, 4.29, 3.95, 1.59, 4.19, 4.56, 1.98, 2.69, 1.42, 2.42

2.63, 1.45, 2.57, 2.90, 4.53, 2.09, 3.12, 4.29, 3.96, 1.57, 4.20, 4.56, 2.00, 2.71, 1.44, 2.44

2.70, 1.45, 2.51, 2.90, 4.55, 2.09, 3.12, 4.31, 3.96, 1.58, 4.20, 4.57, 2.00, 2.72, 1.44, 2.48

2.68, 1.43, 2.54, 2.91, 4.51, 2.14, 3.11, 4.29, 3.95, 1.59, 4.20, 4.55, 2.00, 2.72, 1.40, 2.42

2.61, 1.47, 2.53, 2.90, 4.52, 2.10, 3.10, 4.28, 3.95, 1.58, 4.21, 4.56, 1.99, 2.71, 1.42, 2.42

2.56, 1.43, 2.51, 2.91, 4.54, 2.08, 3.11, 4.26, 3.96, 1.58, 4.22, 4.56, 1.99, 2.70, 1.41, 2.44

2.56, 1.45, 2.55, 2.89, 4.52, 2.10, 3.10, 4.31, 3.96, 1.58, 4.19, 4.57, 2.00, 2.72, 1.43, 2.41

2.56, 1.44, 2.52, 2.91, 4.54, 2.09, 3.10, 4.28, 3.95, 1.57, 4.21, 4.57, 2.00, 2.73, 1.41, 2.41

2.74, 1.45, 2.51, 2.91, 4.51, 2.09, 3.12, 4.27, 3.95, 1.58, 4.19, 4.56, 2.00, 2.69, 1.43, 2.45

2.65, 1.42, 2.53, 2.89, 4.51, 2.10, 3.11, 4.27, 3.96, 1.57, 4.21, 4.56, 2.00, 2.71, 1.41, 2.43

2.64, 1.44, 2.58, 2.87, 4.46, 2.10, 3.17, 4.24, 3.94, 1.59, 4.19, 4.54, 1.99, 2.69, 1.45, 2.48

2.52, 1.48, 2.56, 2.88, 4.52, 2.12, 3.15, 4.26, 3.95, 1.59, 4.21, 4.57, 1.99, 2.71, 1.44, 2.48

2.66, 1.49, 2.49, 2.89, 4.50, 2.14, 3.15, 4.25, 3.97, 1.59, 4.21, 4.54, 2.00, 2.68, 1.41, 2.46

2.73, 1.46, 2.53, 2.88, 4.47, 2.12, 3.14, 4.24, 3.95, 1.59, 4.19, 4.56, 1.99, 2.69, 1.43, 2.45

2.61, 1.47, 2.58, 2.88, 4.50, 2.12, 3.13, 4.27, 3.96, 1.57, 4.21, 4.56, 1.99, 2.70, 1.41, 2.48

2.71, 1.46, 2.58, 2.88, 4.52, 2.11, 3.14, 4.30, 3.94, 1.60, 4.22, 4.55, 1.99, 2.70, 1.41, 2.43

2.69, 1.44, 2.55, 2.90, 4.53, 2.10, 3.12, 4.24, 3.96, 1.59, 4.19, 4.55, 1.98, 2.70, 1.41, 2.43

2.64, 1.44, 2.50, 2.88, 4.51, 2.08, 3.11, 4.30, 3.95, 1.59, 4.20, 4.56, 1.98, 2.72, 1.44, 2.42

2.74, 1.44, 2.56, 2.89, 4.53, 2.13, 3.10, 4.29, 3.95, 1.58, 4.20, 4.57, 2.00, 2.70, 1.40, 2.45

2.73, 1.44, 2.56, 2.88, 4.52, 2.09, 3.09, 4.30, 3.95, 1.59, 4.21, 4.54, 1.98, 2.71, 1.42, 2.44

2.57, 1.43, 2.54, 2.90, 4.52, 2.10, 3.10, 4.25, 3.94, 1.59, 4.21, 4.55, 1.98, 2.71, 1.41, 2.44

2.62, 1.46, 2.52, 2.89, 4.55, 2.10, 3.11, 4.28, 3.94, 1.59, 4.20, 4.55, 1.97, 2.72, 1.40, 2.46

2.66, 1.45, 2.55, 2.87, 4.51, 2.07, 3.10, 4.27, 3.95, 1.59, 4.20, 4.54, 1.99, 2.70, 1.43, 2.45

2.69, 1.45, 2.55, 2.91, 4.54, 2.11, 3.12, 4.29, 3.95, 1.58, 4.19, 4.56, 1.99, 2.71, 1.41, 2.45

2.76, 1.46, 2.54, 2.91, 4.54, 2.08, 3.11, 4.30, 3.93, 1.59, 4.21, 4.56, 1.99, 2.69, 1.40, 2.47

2.66, 1.45, 2.51, 2.91, 4.55, 2.11, 3.08, 4.29, 3.95, 1.59, 4.19, 4.56, 2.00, 2.70, 1.40, 2.48

2.73, 1.46, 2.57, 2.88, 4.52, 2.11, 3.09, 4.27, 3.95, 1.58, 4.20, 4.54, 1.99, 2.71, 1.40, 2.46

2.74, 1.47, 2.53, 2.87, 4.56, 2.08, 3.12, 4.26, 3.94, 1.58, 4.21, 4.55, 1.99, 2.71, 1.46, 2.45

2.64, 1.45, 2.50, 2.87, 4.54, 2.10, 3.11, 4.29, 3.94, 1.58, 4.20, 4.56, 2.00, 2.70, 1.40, 2.46

2.70, 1.45, 2.57, 2.89, 4.54, 2.10, 3.10, 4.27, 3.94, 1.58, 4.19, 4.54, 2.00, 2.72, 1.42, 2.46

2.73, 1.46, 2.55, 2.90, 4.56, 2.07, 3.12, 4.29, 3.95, 1.58, 4.20, 4.56, 1.98, 2.73, 1.44, 2.46

2.74, 1.46, 2.54, 2.88, 4.56, 2.13, 3.12, 4.29, 3.94, 1.59, 4.19, 4.55, 2.00, 2.71, 1.41, 2.48

2.61, 1.45, 2.55, 2.90, 4.54, 2.09, 3.11, 4.29, 3.95, 1.60, 4.20, 4.56, 1.98, 2.71, 1.40, 2.49

2.66, 1.43, 2.50, 2.89, 4.53, 2.07, 3.10, 4.29, 3.95, 1.60, 4.19, 4.57, 1.99, 2.71, 1.45, 2.49

2.64, 1.45, 2.53, 2.89, 4.54, 2.12, 3.11, 4.28, 3.96, 1.59, 4.21, 4.55, 2.00, 2.73, 1.42, 2.47

2.63, 1.47, 2.54, 2.88, 4.56, 2.08, 3.13, 4.30, 3.95, 1.58, 4.20, 4.57, 2.00, 2.74, 1.42, 2.49

2.73, 1.45, 2.53, 2.90, 4.55, 2.10, 3.12, 4.27, 3.96, 1.58, 4.20, 4.55, 2.00, 2.71, 1.40, 2.48

2.75, 1.46, 2.52, 2.89, 4.54, 2.06, 3.12, 4.28, 3.95, 1.59, 4.20, 4.55, 1.99, 2.71, 1.40, 2.48

2.63, 1.44, 2.50, 2.90, 4.54, 2.08, 3.10, 4.28, 3.95, 1.59, 4.20, 4.55, 1.98, 2.71, 1.41, 2.48

2.57, 1.46, 2.56, 2.89, 4.53, 2.06, 3.14, 4.34, 3.94, 1.60, 4.20, 4.55, 1.98, 2.73, 1.40, 2.49

2.71, 1.45, 2.56, 2.88, 4.56, 2.08, 3.10, 4.29, 3.94, 1.59, 4.19, 4.55, 1.99, 2.70, 1.45, 2.49

2.81, 1.45, 2.55, 2.88, 4.51, 2.12, 3.10, 4.24, 3.96, 1.60, 4.20, 4.57, 1.99, 2.72, 1.41, 2.50

2.67, 1.45, 2.50, 2.87, 4.56, 2.11, 3.11, 4.29, 3.95, 1.59, 4.20, 4.53, 1.99, 2.73, 1.40, 2.50

2.81, 1.44, 2.54, 2.87, 4.54, 2.08, 3.11, 4.25, 3.94, 1.57, 4.20, 4.56, 1.97, 2.71, 1.41, 2.49

2.64, 1.46, 2.56, 2.87, 4.57, 2.07, 3.12, 4.23, 3.94, 1.59, 4.20, 4.54, 1.99, 2.73, 1.45, 2.49

2.76, 1.45, 2.49, 2.85, 4.55, 2.10, 3.10, 4.27, 3.94, 1.58, 4.20, 4.57, 1.98, 2.71, 1.41, 2.51

2.67, 1.43, 2.58, 2.87, 4.54, 2.08, 3.13, 4.30, 3.96, 1.58, 4.20, 4.55, 2.00, 2.72, 1.43, 2.49

2.65, 1.46, 2.52, 2.88, 4.55, 2.08, 3.11, 4.29, 3.94, 1.58, 4.19, 4.56, 1.98, 2.72, 1.49, 2.49

2.67, 1.48, 2.55, 2.88, 4.48, 2.15, 3.19, 4.19, 3.94, 1.57, 4.22, 4.55, 1.99, 2.67, 2.41, 2.63

2.47, 1.55, 2.62, 2.84, 4.34, 2.29, 3.29, 4.11, 3.94, 1.57, 4.20, 4.58, 1.98, 2.64, 2.65, 2.66

2.61, 1.57, 2.65, 2.80, 4.39, 2.29, 3.26, 4.13, 3.93, 1.58, 4.20, 4.56, 2.00, 2.68, 2.50, 2.63

2.46, 1.53, 2.67, 2.83, 4.35, 2.26, 3.30, 4.09, 3.93, 1.56, 4.20, 4.58, 1.99, 2.64, 2.86, 2.67

2.46, 1.59, 2.69, 2.79, 4.27, 2.33, 3.35, 3.96, 3.94, 1.57, 4.20, 4.57, 2.00, 2.61, 3.43, 2.73

2.53, 1.64, 2.75, 2.78, 4.23, 2.42, 3.43, 3.94, 3.94, 1.57, 4.20, 4.58, 1.98, 2.56, 3.87, 2.77

2.38, 1.67, 2.77, 2.77, 4.21, 2.43, 3.46, 3.92, 3.93, 1.56, 4.21, 4.58, 2.03, 2.55, 4.11, 2.76

2.42, 1.65, 2.74, 2.79, 4.16, 2.49, 3.45, 3.96, 3.95, 1.58, 4.21, 4.58, 2.07, 2.54, 4.45, 2.77

2.43, 1.69, 2.77, 2.79, 4.20, 2.48, 3.47, 3.93, 3.92, 1.57, 4.22, 4.61, 2.09, 2.52, 5.06, 2.85

2.34, 1.69, 2.78, 2.79, 4.17, 2.54, 3.51, 3.91, 3.95, 1.55, 4.20, 4.63, 2.16, 2.44, 5.98, 2.92

2.41, 1.71, 2.87, 2.79, 4.13, 2.64, 3.53, 3.95, 3.93, 1.54, 4.19, 4.62, 2.21, 2.37, 7.06, 3.02

2.32, 1.72, 2.87, 2.78, 4.15, 2.69, 3.57, 3.93, 3.93, 1.54, 4.20, 4.59, 2.28, 2.33, 7.99, 3.10

2.30, 1.77, 2.85, 2.77, 4.15, 2.73, 3.56, 3.92, 3.94, 1.57, 4.20, 4.62, 2.30, 2.29, 8.86, 3.20

2.34, 1.76, 2.89, 2.78, 4.14, 2.78, 3.58, 3.91, 3.93, 1.55, 4.20, 4.60, 2.36, 2.23, 9.63, 3.23

2.28, 1.78, 2.94, 2.76, 4.10, 2.79, 3.59, 3.95, 3.93, 1.58, 4.21, 4.65, 2.44, 2.21, 10.57, 3.30

2.27, 1.79, 2.97, 2.76, 4.14, 2.82, 3.59, 3.94, 3.96, 1.57, 4.20, 4.66, 2.51, 2.22, 11.80, 3.34

2.14, 1.81, 2.99, 2.79, 4.12, 2.84, 3.59, 3.95, 3.95, 1.57, 4.23, 4.66, 2.54, 2.21, 12.63, 3.31

2.20, 1.84, 2.97, 2.79, 4.12, 2.87, 3.61, 3.91, 3.98, 1.57, 4.22, 4.67, 2.59, 2.22, 12.89, 3.27

2.28, 1.85, 3.00, 2.78, 4.12, 2.89, 3.63, 3.95, 3.98, 1.56, 4.22, 4.64, 2.61, 2.21, 13.04, 3.21

2.25, 1.86, 3.04, 2.78, 4.10, 2.87, 3.60, 3.94, 3.97, 1.57, 4.23, 4.66, 2.57, 2.23, 13.81, 3.21

2.28, 1.86, 3.03, 2.78, 4.14, 2.90, 3.61, 3.93, 3.97, 1.58, 4.21, 4.66, 2.59, 2.22, 14.67, 3.22

2.19, 1.82, 3.04, 2.78, 4.15, 2.91, 3.62, 3.92, 3.97, 1.56, 4.24, 4.66, 2.58, 2.24, 14.95, 3.21

2.19, 1.83, 3.03, 2.79, 4.14, 2.89, 3.61, 3.93, 3.99, 1.57, 4.23, 4.66, 2.62, 2.23, 14.77, 3.17

2.32, 1.85, 3.01, 2.76, 4.10, 2.91, 3.61, 3.93, 3.98, 1.57, 4.22, 4.67, 2.63, 2.23, 15.32, 3.20

2.14, 1.84, 3.05, 2.77, 4.13, 2.90, 3.62, 3.96, 3.98, 1.57, 4.22, 4.66, 2.64, 2.22, 16.13, 3.21

2.28, 1.85, 3.04, 2.77, 4.11, 2.91, 3.61, 3.94, 3.97, 1.57, 4.22, 4.67, 2.66, 2.22, 16.54, 3.23

2.11, 1.84, 2.98, 2.78, 4.16, 2.90, 3.65, 3.92, 3.98, 1.58, 4.22, 4.66, 2.70, 2.21, 16.31, 3.19

2.19, 1.87, 2.99, 2.76, 4.14, 2.90, 3.62, 3.91, 3.99, 1.57, 4.22, 4.66, 2.70, 2.20, 16.05, 3.18

2.19, 1.86, 3.03, 2.78, 4.10, 2.91, 3.60, 3.95, 3.98, 1.56, 4.23, 4.66, 2.66, 2.21, 16.30, 3.16

2.24, 1.85, 3.02, 2.77, 4.15, 2.88, 3.62, 3.92, 3.98, 1.56, 4.22, 4.66, 2.60, 2.23, 16.66, 3.20

2.28, 1.85, 3.03, 2.79, 4.14, 2.90, 3.64, 3.92, 3.96, 1.56, 4.22, 4.65, 2.60, 2.22, 16.62, 3.22

2.11, 1.84, 2.97, 2.77, 4.13, 2.91, 3.62, 3.93, 3.98, 1.58, 4.24, 4.65, 2.61, 2.21, 16.43, 3.24

2.26, 1.85, 2.99, 2.78, 4.10, 2.90, 3.63, 3.95, 3.96, 1.57, 4.23, 4.66, 2.61, 2.22, 16.36, 3.24

2.18, 1.84, 3.03, 2.78, 4.12, 2.95, 3.62, 3.94, 3.98, 1.56, 4.23, 4.67, 2.60, 2.21, 16.28, 3.30

2.20, 1.83, 2.98, 2.78, 4.11, 2.91, 3.62, 3.92, 3.98, 1.57, 4.22, 4.66, 2.62, 2.21, 16.07, 3.29

2.29, 1.83, 2.99, 2.77, 4.10, 2.89, 3.61, 3.92, 3.98, 1.57, 4.21, 4.67, 2.62, 2.22, 15.85, 3.29

2.25, 1.87, 2.98, 2.78, 4.15, 2.89, 3.60, 3.94, 3.98, 1.57, 4.23, 4.65, 2.60, 2.23, 16.07, 3.31

2.24, 1.85, 2.98, 2.76, 4.11, 2.92, 3.62, 3.94, 3.97, 1.58, 4.22, 4.65, 2.60, 2.22, 16.59, 3.31

2.30, 1.85, 3.03, 2.79, 4.15, 2.91, 3.64, 3.95, 3.98, 1.57, 4.23, 4.66, 2.65, 2.22, 17.12, 3.27

2.16, 1.86, 2.98, 2.79, 4.13, 2.94, 3.61, 3.95, 3.98, 1.55, 4.22, 4.66, 2.66, 2.24, 17.45, 3.25

2.13, 1.88, 2.97, 2.78, 4.14, 2.91, 3.62, 3.92, 3.98, 1.56, 4.22, 4.69, 2.67, 2.23, 17.47, 3.24

2.04, 1.85, 2.99, 2.77, 4.11, 2.94, 3.62, 3.93, 3.99, 1.56, 4.22, 4.68, 2.72, 2.23, 17.33, 3.23

2.18, 1.85, 3.02, 2.78, 4.14, 2.92, 3.66, 3.93, 3.97, 1.56, 4.22, 4.66, 2.74, 2.22, 17.39, 3.24

2.11, 1.85, 2.99, 2.77, 4.14, 2.93, 3.64, 3.92, 3.97, 1.53, 4.22, 4.67, 2.71, 2.21, 18.21, 3.23

2.28, 1.83, 2.99, 2.78, 4.11, 2.92, 3.63, 3.92, 3.96, 1.51, 4.22, 4.64, 2.69, 2.23, 19.28, 3.24

2.23, 1.83, 3.05, 2.78, 4.16, 2.94, 3.65, 3.94, 3.92, 1.53, 4.22, 4.56, 2.71, 2.22, 19.76, 3.23

2.23, 1.84, 3.04, 2.77, 4.13, 2.91, 3.60, 3.93, 3.92, 1.54, 4.22, 4.56, 2.72, 2.22, 19.81, 3.19

2.25, 1.84, 3.02, 2.78, 4.15, 2.94, 3.62, 3.90, 3.91, 1.52, 4.23, 4.57, 2.71, 2.23, 19.32, 3.27

2.17, 1.84, 2.97, 2.77, 4.16, 2.93, 3.61, 3.94, 3.89, 1.52, 4.20, 4.56, 2.66, 2.21, 18.55, 3.31

2.19, 1.85, 2.97, 2.77, 4.11, 2.89, 3.61, 3.94, 3.89, 1.55, 4.23, 4.50, 2.65, 2.21, 16.84, 3.22

2.28, 1.82, 3.01, 2.78, 4.10, 2.88, 3.61, 3.94, 3.87, 1.56, 4.22, 4.52, 2.61, 2.24, 13.69, 3.17

2.23, 1.85, 2.99, 2.76, 4.12, 2.83, 3.57, 3.93, 3.86, 1.53, 4.23, 4.50, 2.36, 2.43, 10.20, 2.91

2.20, 1.75, 2.93, 2.77, 4.12, 2.81, 3.56, 3.96, 3.86, 1.54, 4.23, 4.52, 2.11, 2.69, 6.31, 2.57

2.60, 1.65, 2.78, 2.79, 4.14, 2.65, 3.50, 3.90, 3.92, 1.48, 4.21, 4.53, 2.00, 2.89, 2.56, 2.37

2.66, 1.55, 2.61, 2.80, 4.35, 2.25, 3.22, 4.07, 3.93, 1.45, 4.21, 4.54, 2.02, 2.87, 1.57, 2.43

2.51, 1.52, 2.67, 2.79, 4.31, 2.30, 3.30, 4.11, 3.89, 1.45, 4.20, 4.51, 1.99, 2.87, 1.57, 2.42

2.59, 1.51, 2.62, 2.79, 4.36, 2.27, 3.25, 4.10, 3.90, 1.46, 4.20, 4.52, 2.00, 2.88, 1.62, 2.43

2.53, 1.55, 2.59, 2.78, 4.34, 2.30, 3.27, 4.11, 3.90, 1.48, 4.19, 4.53, 1.99, 2.86, 1.61, 2.44

2.60, 1.51, 2.59, 2.76, 4.36, 2.32, 3.26, 4.08, 3.91, 1.48, 4.20, 4.53, 2.00, 2.88, 1.60, 2.45

2.57, 1.50, 2.62, 2.78, 4.35, 2.31, 3.25, 4.14, 3.91, 1.47, 4.20, 4.53, 2.00, 2.88, 1.60, 2.44

2.56, 1.54, 2.64, 2.78, 4.36, 2.28, 3.24, 4.13, 3.93, 1.46, 4.19, 4.52, 1.99, 2.88, 1.59, 2.46

2.55, 1.51, 2.57, 2.78, 4.37, 2.28, 3.27, 4.11, 3.95, 1.46, 4.19, 4.54, 1.98, 2.86, 1.60, 2.49

2.65, 1.51, 2.62, 2.79, 4.35, 2.28, 3.27, 4.12, 3.94, 1.45, 4.20, 4.55, 1.99, 2.85, 1.60, 2.49

2.65, 1.52, 2.59, 2.79, 4.40, 2.27, 3.24, 4.11, 3.93, 1.48, 4.21, 4.55, 1.99, 2.84, 1.58, 2.51

2.63, 1.52, 2.59, 2.78, 4.36, 2.25, 3.23, 4.15, 3.92, 1.46, 4.19, 4.56, 1.97, 2.87, 1.57, 2.52

2.64, 1.52, 2.57, 2.79, 4.35, 2.27, 3.23, 4.13, 3.93, 1.46, 4.20, 4.56, 2.00, 2.83, 1.59, 2.50

2.47, 1.53, 2.61, 2.80, 4.36, 2.27, 3.22, 4.16, 3.91, 1.47, 4.20, 4.53, 1.98, 2.84, 1.55, 2.52

2.62, 1.51, 2.59, 2.80, 4.37, 2.27, 3.24, 4.12, 3.92, 1.47, 4.20, 4.55, 2.00, 2.85, 1.56, 2.51

2.58, 1.53, 2.62, 2.78, 4.38, 2.28, 3.26, 4.14, 3.93, 1.46, 4.19, 4.52, 1.99, 2.82, 1.54, 2.51

2.55, 1.53, 2.62, 2.79, 4.38, 2.26, 3.24, 4.13, 3.92, 1.48, 4.19, 4.54, 1.98, 2.80, 1.56, 2.54

2.68, 1.51, 2.65, 2.79, 4.36, 2.26, 3.23, 4.14, 3.94, 1.47, 4.19, 4.55, 1.99, 2.82, 1.55, 2.53

2.45, 1.53, 2.65, 2.80, 4.41, 2.26, 3.23, 4.15, 3.94, 1.47, 4.20, 4.53, 1.99, 2.80, 1.55, 2.51

2.57, 1.54, 2.58, 2.77, 4.36, 2.25, 3.23, 4.12, 3.93, 1.49, 4.21, 4.53, 1.98, 2.79, 1.54, 2.49

2.63, 1.52, 2.61, 2.78, 4.40, 2.28, 3.20, 4.14, 3.96, 1.51, 4.20, 4.54, 2.00, 2.80, 1.53, 2.49

2.63, 1.52, 2.58, 2.80, 4.35, 2.23, 3.23, 4.14, 3.95, 1.52, 4.19, 4.53, 1.98, 2.81, 1.51, 2.45

2.43, 1.55, 2.64, 2.80, 4.35, 2.25, 3.24, 4.16, 3.95, 1.52, 4.22, 4.53, 1.99, 2.82, 1.51, 2.43

2.56, 1.52, 2.64, 2.76, 4.37, 2.26, 3.22, 4.12, 3.96, 1.51, 4.23, 4.54, 2.00, 2.83, 1.49, 2.45

2.44, 1.56, 2.59, 2.77, 4.35, 2.27, 3.22, 4.10, 3.89, 1.47, 4.18, 4.49, 1.98, 2.83, 1.51, 2.43

2.55, 1.55, 2.68, 2.80, 4.37, 2.24, 3.24, 4.13, 3.89, 1.48, 4.18, 4.48, 1.98, 2.84, 1.51, 2.42

2.43, 1.55, 2.68, 2.80, 4.34, 2.26, 3.24, 4.15, 3.88, 1.49, 4.18, 4.50, 1.98, 2.83, 1.48, 2.41

2.43, 1.56, 2.62, 2.78, 4.34, 2.25, 3.23, 4.10, 3.88, 1.49, 4.18, 4.49, 1.98, 2.83, 1.53, 2.41

2.58, 1.55, 2.61, 2.78, 4.35, 2.24, 3.21, 4.13, 3.88, 1.47, 4.18, 4.50, 1.99, 2.84, 1.50, 2.39

2.50, 1.55, 2.68, 2.78, 4.35, 2.30, 3.24, 4.12, 3.87, 1.48, 4.17, 4.50, 1.98, 2.85, 1.50, 2.37

2.57, 1.57, 2.61, 2.79, 4.38, 2.26, 3.23, 4.10, 3.85, 1.47, 4.17, 4.48, 1.97, 2.83, 1.47, 2.37

2.49, 1.54, 2.65, 2.79, 4.35, 2.28, 3.24, 4.14, 3.85, 1.47, 4.18, 4.50, 1.98, 2.87, 1.49, 2.37

2.35, 1.57, 2.67, 2.79, 4.35, 2.29, 3.24, 4.13, 3.87, 1.48, 4.17, 4.51, 1.99, 2.83, 1.46, 2.35

2.52, 1.54, 2.62, 2.79, 4.36, 2.25, 3.23, 4.11, 3.86, 1.49, 4.18, 4.52, 1.97, 2.80, 1.51, 2.37

2.53, 1.53, 2.60, 2.77, 4.35, 2.25, 3.22, 4.15, 3.88, 1.49, 4.18, 4.51, 1.97, 2.83, 1.51, 2.38

2.51, 1.54, 2.59, 2.79, 4.35, 2.25, 3.22, 4.14, 3.90, 1.49, 4.17, 4.52, 1.96, 2.82, 1.46, 2.37

2.51, 1.53, 2.58, 2.80, 4.37, 2.26, 3.23, 4.14, 3.90, 1.50, 4.18, 4.52, 1.97, 2.82, 1.50, 2.37

2.63, 1.53, 2.62, 2.78, 4.36, 2.29, 3.22, 4.11, 3.88, 1.50, 4.18, 4.50, 1.98, 2.81, 1.49, 2.38

2.55, 1.53, 2.67, 2.79, 4.37, 2.24, 3.23, 4.13, 3.88, 1.50, 4.18, 4.52, 1.97, 2.82, 1.49, 2.39

2.63, 1.53, 2.65, 2.78, 4.33, 2.25, 3.23, 4.15, 3.89, 1.50, 4.18, 4.50, 1.98, 2.81, 1.49, 2.38

2.53, 1.53, 2.63, 2.80, 4.38, 2.26, 3.24, 4.14, 3.89, 1.49, 4.18, 4.52, 1.97, 2.84, 1.48, 2.40

2.60, 1.53, 2.66, 2.78, 4.38, 2.25, 3.23, 4.14, 3.89, 1.49, 4.19, 4.52, 1.98, 2.82, 1.50, 2.41

2.47, 1.55, 2.67, 2.80, 4.38, 2.25, 3.23, 4.13, 3.88, 1.49, 4.18, 4.50, 1.98, 2.83, 1.50, 2.37

2.46, 1.54, 2.66, 2.79, 4.34, 2.26, 3.22, 4.11, 3.88, 1.51, 4.18, 4.51, 1.98, 2.83, 1.50, 2.39

2.63, 1.54, 2.63, 2.79, 4.39, 2.28, 3.24, 4.12, 3.89, 1.49, 4.15, 4.51, 1.99, 2.83, 1.46, 2.37

2.46, 1.51, 2.60, 2.77, 4.37, 2.28, 3.21, 4.15, 3.88, 1.50, 4.18, 4.51, 1.97, 2.83, 1.52, 2.38

2.50, 1.52, 2.63, 2.79, 4.38, 2.27, 3.24, 4.13, 3.89, 1.50, 4.18, 4.52, 1.97, 2.83, 1.51, 2.41

2.55, 1.53, 2.63, 2.79, 4.34, 2.28, 3.25, 4.13, 3.88, 1.49, 4.17, 4.51, 1.98, 2.84, 1.50, 2.43

2.63, 1.52, 2.61, 2.79, 4.39, 2.29, 3.22, 4.15, 3.89, 1.50, 4.18, 4.50, 1.97, 2.85, 1.49, 2.38

2.48, 1.53, 2.57, 2.80, 4.36, 2.24, 3.23, 4.15, 3.87, 1.51, 4.18, 4.52, 1.96, 2.83, 1.47, 2.38

2.61, 1.51, 2.62, 2.78, 4.38, 2.26, 3.23, 4.15, 3.91, 1.51, 4.19, 4.51, 1.98, 2.83, 1.49, 2.34

2.61, 1.55, 2.64, 2.81, 4.39, 2.25, 3.23, 4.14, 3.89, 1.51, 4.17, 4.52, 1.98, 2.84, 1.52, 2.40

2.63, 1.52, 2.60, 2.78, 4.39, 2.27, 3.21, 4.12, 3.89, 1.50, 4.18, 4.52, 1.97, 2.84, 1.52, 2.41

2.69, 1.52, 2.63, 2.80, 4.38, 2.27, 3.24, 4.15, 3.88, 1.50, 4.18, 4.50, 1.98, 2.85, 1.54, 2.46

2.56, 1.50, 2.58, 2.79, 4.39, 2.27, 3.25, 4.16, 3.89, 1.51, 4.17, 4.51, 1.98, 2.86, 1.57, 2.67

2.62, 1.58, 2.66, 2.80, 4.37, 2.29, 3.24, 4.09, 3.86, 1.52, 4.17, 4.51, 1.99, 2.90, 1.60, 2.92

2.57, 1.57, 2.62, 2.80, 4.34, 2.31, 3.27, 4.07, 3.85, 1.52, 4.18, 4.48, 1.99, 2.91, 1.59, 3.22

2.57, 1.57, 2.70, 2.80, 4.29, 2.35, 3.28, 4.06, 3.85, 1.55, 4.18, 4.47, 1.98, 2.93, 1.61, 3.28

2.55, 1.57, 2.67, 2.78, 4.28, 2.33, 3.30, 4.07, 3.83, 1.54, 4.19, 4.49, 1.98, 2.96, 1.66, 3.52

2.53, 1.60, 2.65, 2.77, 4.26, 2.36, 3.34, 4.03, 3.83, 1.55, 4.16, 4.49, 1.98, 3.01, 1.69, 3.99

2.45, 1.63, 2.74, 2.79, 4.23, 2.42, 3.38, 3.98, 3.83, 1.55, 4.19, 4.46, 1.97, 3.09, 1.77, 4.53

2.51, 1.61, 2.72, 2.77, 4.18, 2.45, 3.45, 3.91, 3.83, 1.54, 4.18, 4.47, 1.98, 3.14, 1.81, 4.94

2.40, 1.63, 2.70, 2.79, 4.14, 2.49, 3.45, 3.96, 3.83, 1.54, 4.17, 4.46, 1.97, 3.16, 1.87, 5.53

2.43, 1.65, 2.80, 2.80, 4.16, 2.53, 3.45, 3.96, 3.80, 1.58, 4.24, 4.42, 1.99, 3.28, 2.02, 6.80

2.57, 1.67, 2.74, 2.78, 4.14, 2.58, 3.46, 3.94, 3.74, 1.63, 4.28, 4.36, 1.98, 3.41, 2.09, 7.59

2.42, 1.68, 2.82, 2.79, 4.12, 2.56, 3.48, 3.96, 3.75, 1.66, 4.30, 4.37, 1.98, 3.55, 2.11, 8.08

2.32, 1.69, 2.83, 2.78, 4.14, 2.57, 3.47, 3.94, 3.75, 1.69, 4.29, 4.33, 1.97, 3.64, 2.18, 8.58

2.52, 1.71, 2.76, 2.76, 4.17, 2.62, 3.47, 3.94, 3.71, 1.71, 4.33, 4.33, 1.97, 3.73, 2.29, 9.40

2.29, 1.68, 2.76, 2.80, 4.13, 2.61, 3.47, 3.95, 3.71, 1.74, 4.38, 4.32, 1.96, 3.83, 2.39, 10.49

2.43, 1.69, 2.81, 2.79, 4.12, 2.67, 3.47, 3.94, 3.70, 1.75, 4.41, 4.30, 1.98, 3.97, 2.45, 11.96

2.50, 1.71, 2.88, 2.80, 4.13, 2.69, 3.51, 3.93, 3.69, 1.75, 4.43, 4.30, 1.99, 4.06, 2.52, 13.09

2.35, 1.75, 2.87, 2.79, 4.16, 2.70, 3.51, 3.95, 3.69, 1.75, 4.46, 4.27, 1.98, 4.14, 2.54, 14.07

2.27, 1.71, 2.84, 2.79, 4.17, 2.66, 3.50, 3.92, 3.70, 1.79, 4.45, 4.27, 2.00, 4.12, 2.57, 14.74

2.45, 1.73, 2.89, 2.81, 4.14, 2.72, 3.49, 3.92, 3.71, 1.80, 4.48, 4.28, 1.98, 4.21, 2.61, 15.96

2.45, 1.72, 2.86, 2.77, 4.16, 2.69, 3.49, 3.94, 3.70, 1.78, 4.48, 4.26, 2.00, 4.26, 2.68, 17.03

2.41, 1.73, 2.89, 2.79, 4.17, 2.70, 3.52, 3.96, 3.70, 1.80, 4.50, 4.27, 2.00, 4.29, 2.67, 17.41

2.21, 1.74, 2.85, 2.77, 4.15, 2.71, 3.48, 3.93, 3.71, 1.80, 4.48, 4.30, 1.98, 4.25, 2.68, 17.10

2.39, 1.72, 2.91, 2.78, 4.13, 2.72, 3.49, 3.94, 3.69, 1.79, 4.48, 4.27, 1.98, 4.17, 2.77, 16.62

2.35, 1.71, 2.88, 2.81, 4.12, 2.73, 3.50, 3.95, 3.70, 1.80, 4.47, 4.28, 1.98, 4.15, 2.78, 16.58

2.23, 1.73, 2.90, 2.79, 4.15, 2.71, 3.51, 3.93, 3.69, 1.81, 4.48, 4.28, 1.97, 4.17, 2.86, 16.87

2.29, 1.71, 2.85, 2.80, 4.15, 2.72, 3.50, 3.95, 3.71, 1.81, 4.47, 4.27, 1.98, 4.14, 2.85, 16.43

2.35, 1.71, 2.89, 2.79, 4.16, 2.75, 3.50, 3.93, 3.70, 1.82, 4.45, 4.28, 1.97, 4.12, 2.91, 15.99

2.50, 1.72, 2.83, 2.80, 4.12, 2.72, 3.51, 3.94, 3.70, 1.80, 4.45, 4.27, 1.99, 4.08, 2.89, 15.99

2.44, 1.73, 2.88, 2.79, 4.11, 2.70, 3.51, 3.95, 3.69, 1.83, 4.46, 4.27, 2.00, 4.09, 2.96, 16.44

2.37, 1.72, 2.91, 2.80, 4.13, 2.74, 3.53, 3.94, 3.71, 1.81, 4.46, 4.28, 2.00, 4.08, 2.98, 17.00

2.42, 1.72, 2.82, 2.80, 4.13, 2.75, 3.50, 3.91, 3.70, 1.82, 4.46, 4.28, 1.98, 4.06, 3.07, 17.22

2.49, 1.71, 2.88, 2.80, 4.14, 2.77, 3.51, 3.96, 3.70, 1.80, 4.45, 4.28, 1.96, 4.05, 3.03, 17.46

2.24, 1.73, 2.85, 2.78, 4.16, 2.75, 3.54, 3.93, 3.71, 1.82, 4.45, 4.27, 1.99, 4.03, 3.04, 17.72

2.30, 1.73, 2.87, 2.81, 4.15, 2.73, 3.50, 3.95, 3.70, 1.82, 4.47, 4.28, 1.98, 4.07, 3.02, 17.80

2.33, 1.71, 2.90, 2.78, 4.13, 2.72, 3.50, 3.96, 3.70, 1.82, 4.47, 4.28, 1.98, 4.17, 3.02, 17.94

2.35, 1.72, 2.89, 2.77, 4.13, 2.75, 3.51, 3.96, 3.71, 1.83, 4.47, 4.29, 1.99, 4.24, 3.05, 18.23

2.23, 1.72, 2.91, 2.80, 4.16, 2.71, 3.54, 3.95, 3.70, 1.83, 4.47, 4.28, 1.99, 4.27, 3.12, 18.53

2.34, 1.73, 2.82, 2.78, 4.17, 2.74, 3.51, 3.96, 3.70, 1.83, 4.47, 4.26, 1.99, 4.25, 3.07, 18.68

2.33, 1.73, 2.89, 2.79, 4.16, 2.73, 3.52, 3.94, 3.71, 1.85, 4.49, 4.29, 1.99, 4.27, 3.08, 19.03

2.24, 1.71, 2.86, 2.81, 4.15, 2.74, 3.52, 3.93, 3.70, 1.85, 4.49, 4.27, 1.97, 4.24, 3.08, 19.85

2.23, 1.74, 2.85, 2.77, 4.16, 2.74, 3.52, 3.93, 3.71, 1.84, 4.50, 4.27, 1.98, 4.26, 3.18, 20.66

2.28, 1.73, 2.82, 2.79, 4.16, 2.75, 3.52, 3.95, 3.71, 1.84, 4.49, 4.29, 1.98, 4.24, 3.25, 21.18

2.45, 1.73, 2.89, 2.79, 4.11, 2.75, 3.52, 3.96, 3.70, 1.84, 4.49, 4.28, 1.99, 4.25, 3.29, 21.67

2.44, 1.71, 2.84, 2.77, 4.17, 2.74, 3.52, 3.96, 3.71, 1.85, 4.49, 4.27, 1.99, 4.23, 3.23, 21.57

2.32, 1.73, 2.86, 2.80, 4.12, 2.75, 3.50, 3.94, 3.70, 1.85, 4.46, 4.28, 1.99, 4.24, 3.21, 20.84

2.29, 1.71, 2.86, 2.78, 4.13, 2.74, 3.51, 3.94, 3.70, 1.86, 4.49, 4.28, 1.97, 4.26, 3.27, 20.56

2.32, 1.71, 2.82, 2.79, 4.13, 2.76, 3.52, 3.92, 3.70, 1.87, 4.47, 4.27, 1.98, 4.27, 3.26, 20.84

2.32, 1.73, 2.86, 2.80, 4.13, 2.77, 3.55, 3.97, 3.71, 1.87, 4.47, 4.28, 1.99, 4.31, 3.30, 21.39

2.35, 1.74, 2.79, 2.79, 4.16, 2.76, 3.52, 3.90, 3.71, 1.87, 4.47, 4.28, 1.98, 4.29, 3.27, 21.64

2.28, 1.75, 2.83, 2.79, 4.15, 2.75, 3.53, 3.92, 3.71, 1.87, 4.48, 4.27, 1.98, 4.28, 3.25, 21.87

2.43, 1.75, 2.89, 2.79, 4.13, 2.75, 3.54, 3.97, 3.71, 1.89, 4.47, 4.29, 1.98, 4.30, 3.20, 21.63

2.44, 1.74, 2.86, 2.78, 4.12, 2.73, 3.54, 3.96, 3.69, 1.89, 4.48, 4.27, 2.00, 4.31, 3.14, 21.64

2.45, 1.76, 2.90, 2.79, 4.17, 2.75, 3.53, 3.93, 3.71, 1.91, 4.47, 4.29, 1.97, 4.30, 3.09, 21.45

2.31, 1.76, 2.86, 2.79, 4.15, 2.74, 3.54, 3.92, 3.72, 1.89, 4.49, 4.29, 1.99, 4.27, 3.07, 21.00

2.38, 1.74, 2.88, 2.79, 4.11, 2.74, 3.53, 3.96, 3.70, 1.91, 4.46, 4.28, 1.99, 4.24, 3.07, 20.38

2.38, 1.74, 2.86, 2.79, 4.12, 2.76, 3.54, 3.91, 3.70, 1.90, 4.48, 4.30, 1.98, 4.20, 3.05, 19.44

2.45, 1.72, 2.83, 2.78, 4.12, 2.74, 3.53, 3.93, 3.70, 1.93, 4.46, 4.29, 2.00, 4.13, 3.03, 18.36

2.42, 1.72, 2.84, 2.78, 4.16, 2.77, 3.56, 3.95, 3.71, 1.91, 4.48, 4.27, 1.98, 4.06, 2.92, 17.21

2.41, 1.72, 2.83, 2.78, 4.12, 2.74, 3.54, 3.94, 3.70, 1.90, 4.48, 4.28, 1.98, 3.98, 2.79, 15.78

2.29, 1.73, 2.84, 2.79, 4.16, 2.73, 3.54, 3.93, 3.71, 1.90, 4.46, 4.29, 2.00, 3.88, 2.61, 13.85

2.46, 1.72, 2.88, 2.80, 4.13, 2.72, 3.53, 3.97, 3.70, 1.89, 4.45, 4.30, 1.98, 3.73, 2.41, 11.04

2.49, 1.67, 2.82, 2.78, 4.14, 2.71, 3.54, 3.97, 3.73, 1.89, 4.43, 4.30, 1.98, 3.42, 2.02, 7.46

2.50, 1.61, 2.71, 2.79, 4.13, 2.64, 3.51, 3.96, 3.82, 1.78, 4.36, 4.43, 1.99, 3.06, 1.62, 3.86

2.53, 1.61, 2.62, 2.81, 4.21, 2.49, 3.47, 4.06, 4.00, 1.62, 4.21, 4.58, 1.98, 2.87, 1.41, 2.69

2.65, 1.54, 2.61, 2.77, 4.31, 2.34, 3.36, 4.05, 3.98, 1.59, 4.20, 4.60, 2.00, 2.77, 1.37, 2.45

2.47, 1.58, 2.66, 2.81, 4.34, 2.30, 3.33, 4.05, 3.99, 1.59, 4.19, 4.56, 1.99, 2.76, 1.39, 2.47

2.56, 1.55, 2.60, 2.77, 4.34, 2.30, 3.30, 4.07, 4.01, 1.59, 4.20, 4.59, 1.98, 2.76, 1.36, 2.49

2.61, 1.55, 2.64, 2.79, 4.33, 2.32, 3.30, 4.13, 3.99, 1.60, 4.20, 4.58, 1.99, 2.75, 1.36, 2.47

2.47, 1.55, 2.64, 2.80, 4.36, 2.30, 3.29, 4.13, 4.00, 1.61, 4.19, 4.58, 1.99, 2.77, 1.37, 2.49

2.49, 1.55, 2.67, 2.80, 4.37, 2.28, 3.27, 4.14, 3.99, 1.60, 4.20, 4.60, 2.00, 2.74, 1.37, 2.47

2.62, 1.53, 2.59, 2.78, 4.36, 2.25, 3.27, 4.10, 4.00, 1.60, 4.18, 4.60, 1.99, 2.76, 1.38, 2.48

2.62, 1.56, 2.63, 2.80, 4.39, 2.26, 3.27, 4.12, 3.99, 1.58, 4.18, 4.56, 1.99, 2.77, 1.37, 2.45

2.64, 1.55, 2.60, 2.78, 4.35, 2.26, 3.24, 4.12, 3.98, 1.58, 4.19, 4.59, 1.98, 2.75, 1.39, 2.44

2.48, 1.54, 2.57, 2.81, 4.37, 2.25, 3.27, 4.12, 4.00, 1.57, 4.18, 4.59, 2.00, 2.74, 1.39, 2.46

2.59, 1.54, 2.63, 2.79, 4.38, 2.26, 3.27, 4.10, 4.00, 1.58, 4.18, 4.56, 1.98, 2.76, 1.41, 2.48

2.51, 1.55, 2.62, 2.78, 4.37, 2.28, 3.27, 4.11, 3.98, 1.58, 4.17, 4.59, 1.99, 2.75, 1.37, 2.46

2.60, 1.55, 2.66, 2.81, 4.37, 2.30, 3.26, 4.12, 3.97, 1.59, 4.18, 4.57, 1.99, 2.73, 1.37, 2.48

2.50, 1.56, 2.62, 2.79, 4.40, 2.26, 3.26, 4.12, 3.99, 1.57, 4.17, 4.59, 1.97, 2.74, 1.36, 2.47

2.64, 1.57, 2.65, 2.81, 4.35, 2.29, 3.25, 4.13, 3.98, 1.58, 4.17, 4.57, 1.99, 2.74, 1.37, 2.44

2.69, 1.57, 2.63, 2.80, 4.39, 2.27, 3.27, 4.09, 3.97, 1.59, 4.18, 4.58, 1.98, 2.74, 1.38, 2.46

2.55, 1.54, 2.64, 2.78, 4.36, 2.28, 3.25, 4.10, 3.99, 1.58, 4.18, 4.57, 1.97, 2.73, 1.36, 2.47

2.57, 1.57, 2.60, 2.78, 4.40, 2.25, 3.27, 4.13, 3.98, 1.57, 4.16, 4.57, 1.98, 2.73, 1.40, 2.44

2.47, 1.55, 2.60, 2.79, 4.39, 2.28, 3.25, 4.15, 3.98, 1.58, 4.16, 4.57, 1.98, 2.74, 1.39, 2.45

2.61, 1.54, 2.64, 2.78, 4.38, 2.24, 3.26, 4.11, 3.98, 1.58, 4.17, 4.58, 1.97, 2.74, 1.39, 2.45

2.62, 1.55, 2.66, 2.79, 4.40, 2.28, 3.27, 4.13, 3.97, 1.58, 4.17, 4.57, 1.98, 2.74, 1.36, 2.46

2.58, 1.56, 2.59, 2.78, 4.37, 2.30, 3.26, 4.12, 3.99, 1.59, 4.17, 4.60, 1.98, 2.73, 1.35, 2.47

2.48, 1.56, 2.60, 2.79, 4.37, 2.26, 3.24, 4.11, 3.98, 1.59, 4.18, 4.58, 1.98, 2.73, 1.38, 2.46

2.62, 1.53, 2.64, 2.78, 4.40, 2.26, 3.24, 4.13, 3.99, 1.60, 4.18, 4.58, 1.98, 2.73, 1.34, 2.46

2.67, 1.55, 2.58, 2.79, 4.39, 2.23, 3.24, 4.16, 3.98, 1.59, 4.18, 4.57, 1.97, 2.75, 1.38, 2.45

2.67, 1.54, 2.62, 2.78, 4.42, 2.24, 3.26, 4.10, 3.97, 1.58, 4.18, 4.56, 1.97, 2.73, 1.39, 2.46

2.54, 1.54, 2.63, 2.80, 4.38, 2.31, 3.25, 4.12, 3.97, 1.59, 4.17, 4.55, 1.97, 2.73, 1.35, 2.45

2.51, 1.57, 2.66, 2.80, 4.38, 2.28, 3.27, 4.16, 3.97, 1.56, 4.18, 4.54, 1.98, 2.74, 1.36, 2.47

2.45, 1.57, 2.61, 2.78, 4.42, 2.28, 3.25, 4.12, 3.96, 1.57, 4.17, 4.57, 1.97, 2.72, 1.33, 2.47

2.56, 1.57, 2.64, 2.81, 4.41, 2.26, 3.26, 4.15, 3.95, 1.57, 4.17, 4.55, 1.99, 2.72, 1.40, 2.45

2.63, 1.58, 2.68, 2.81, 4.41, 2.30, 3.25, 4.11, 3.96, 1.57, 4.18, 4.55, 1.99, 2.73, 1.37, 2.46

2.47, 1.55, 2.66, 2.78, 4.37, 2.25, 3.26, 4.14, 3.97, 1.56, 4.18, 4.55, 1.97, 2.73, 1.37, 2.44

2.58, 1.56, 2.60, 2.80, 4.41, 2.31, 3.24, 4.13, 3.96, 1.57, 4.17, 4.55, 1.97, 2.72, 1.34, 2.45

2.62, 1.53, 2.61, 2.81, 4.42, 2.27, 3.25, 4.10, 3.96, 1.57, 4.17, 4.54, 1.97, 2.74, 1.35, 2.44

2.46, 1.56, 2.60, 2.79, 4.38, 2.22, 3.22, 4.10, 3.96, 1.56, 4.18, 4.55, 1.96, 2.72, 1.39, 2.43

2.44, 1.54, 2.64, 2.78, 4.38, 2.23, 3.23, 4.11, 3.95, 1.56, 4.16, 4.55, 1.98, 2.72, 1.38, 2.45

2.53, 1.54, 2.60, 2.77, 4.38, 2.25, 3.25, 4.14, 3.95, 1.55, 4.15, 4.54, 2.00, 2.73, 1.39, 2.45

2.56, 1.54, 2.64, 2.80, 4.42, 2.23, 3.24, 4.13, 3.96, 1.53, 4.17, 4.53, 1.97, 2.74, 1.35, 2.46

2.43, 1.52, 2.59, 2.79, 4.41, 2.22, 3.24, 4.15, 3.96, 1.56, 4.16, 4.54, 1.98, 2.73, 1.35, 2.43

2.58, 1.54, 2.64, 2.78, 4.42, 2.23, 3.23, 4.13, 3.96, 1.55, 4.17, 4.55, 1.98, 2.75, 1.37, 2.45

2.55, 1.54, 2.67, 2.77, 4.40, 2.24, 3.25, 4.13, 3.95, 1.53, 4.17, 4.54, 1.98, 2.73, 1.38, 2.44

2.42, 1.55, 2.61, 2.79, 4.43, 2.27, 3.22, 4.13, 3.95, 1.53, 4.15, 4.52, 1.96, 2.72, 1.39, 2.40

2.59, 1.56, 2.69, 2.79, 4.42, 2.25, 3.23, 4.09, 3.96, 1.53, 4.17, 4.55, 1.95, 2.72, 1.39, 2.45

2.58, 1.54, 2.63, 2.80, 4.41, 2.23, 3.25, 4.12, 3.97, 1.53, 4.18, 4.55, 1.98, 2.72, 1.37, 2.45

2.53, 1.51, 2.67, 2.79, 4.40, 2.23, 3.25, 4.15, 3.95, 1.55, 4.19, 4.54, 1.97, 2.73, 1.36, 2.45

2.59, 1.52, 2.61, 2.80, 4.40, 2.25, 3.22, 4.16, 3.97, 1.54, 4.17, 4.55, 1.99, 2.74, 1.38, 2.46

2.59, 1.58, 2.62, 2.80, 4.42, 2.25, 3.22, 4.16, 3.97, 1.54, 4.18, 4.56, 1.98, 2.71, 1.38, 2.46

2.42, 1.54, 2.60, 2.79, 4.43, 2.22, 3.22, 4.17, 3.97, 1.54, 4.18, 4.55, 1.97, 2.73, 1.36, 2.50

2.59, 1.53, 2.62, 2.79, 4.43, 2.22, 3.20, 4.17, 3.96, 1.53, 4.17, 4.55, 1.99, 2.73, 1.37, 2.50

2.54, 1.50, 2.65, 2.80, 4.43, 2.24, 3.22, 4.17, 3.97, 1.53, 4.18, 4.56, 1.98, 2.73, 1.39, 2.49

2.44, 1.52, 2.58, 2.79, 4.39, 2.23, 3.25, 4.16, 3.99, 1.54, 4.20, 4.58, 1.98, 2.73, 1.41, 2.52

2.53, 1.53, 2.61, 2.77, 4.43, 2.22, 3.22, 4.17, 3.97, 1.53, 4.18, 4.56, 1.98, 2.81, 1.38, 2.52

2.50, 1.54, 2.63, 2.80, 4.44, 2.24, 3.21, 4.17, 3.95, 1.53, 4.18, 4.54, 1.98, 3.18, 1.38, 2.54

2.54, 1.55, 2.62, 2.80, 4.42, 2.23, 3.22, 4.16, 3.96, 1.54, 4.18, 4.52, 1.96, 3.52, 1.39, 2.57

2.62, 1.54, 2.63, 2.78, 4.41, 2.20, 3.20, 4.19, 3.96, 1.54, 4.17, 4.52, 1.98, 3.60, 1.40, 2.60

2.51, 1.54, 2.64, 2.77, 4.41, 2.21, 3.20, 4.17, 3.95, 1.53, 4.18, 4.54, 1.99, 3.62, 1.40, 2.58

2.53, 1.55, 2.65, 2.79, 4.45, 2.22, 3.21, 4.18, 3.95, 1.54, 4.17, 4.49, 2.00, 4.06, 1.37, 2.64

2.47, 1.55, 2.64, 2.78, 4.40, 2.19, 3.19, 4.16, 3.94, 1.57, 4.18, 4.49, 2.00, 4.85, 1.36, 2.66

2.46, 1.55, 2.66, 2.78, 4.43, 2.18, 3.18, 4.21, 3.91, 1.55, 4.18, 4.48, 1.99, 5.82, 1.33, 2.68

2.58, 1.54, 2.63, 2.79, 4.45, 2.17, 3.16, 4.20, 3.92, 1.58, 4.18, 4.46, 1.96, 7.13, 1.30, 2.77

2.61, 1.53, 2.59, 2.78, 4.49, 2.13, 3.13, 4.26, 3.91, 1.61, 4.19, 4.45, 2.02, 9.25, 1.28, 2.91

2.64, 1.55, 2.60, 2.78, 4.48, 2.09, 3.10, 4.28, 3.87, 1.64, 4.22, 4.40, 2.07, 11.57, 1.13, 3.11

2.55, 1.54, 2.65, 2.80, 4.50, 2.06, 3.06, 4.27, 3.84, 1.66, 4.23, 4.36, 2.09, 12.79, 1.10, 3.24

2.59, 1.54, 2.63, 2.81, 4.51, 2.02, 3.06, 4.32, 3.82, 1.70, 4.24, 4.34, 2.14, 13.69, 1.03, 3.32

2.49, 1.51, 2.61, 2.77, 4.53, 2.02, 3.04, 4.30, 3.81, 1.71, 4.25, 4.35, 2.17, 14.14, 1.07, 3.35

2.58, 1.52, 2.57, 2.78, 4.52, 2.05, 3.05, 4.33, 3.81, 1.72, 4.25, 4.33, 2.17, 14.93, 1.06, 3.46

2.55, 1.51, 2.62, 2.80, 4.55, 2.01, 3.03, 4.34, 3.79, 1.74, 4.28, 4.33, 2.18, 15.76, 1.02, 3.56

2.60, 1.52, 2.62, 2.79, 4.54, 2.03, 3.03, 4.32, 3.78, 1.74, 4.27, 4.31, 2.16, 15.74, 1.02, 3.62

2.42, 1.51, 2.60, 2.80, 4.54, 2.00, 3.08, 4.36, 3.77, 1.76, 4.27, 4.30, 2.15, 16.50, 1.00, 3.71

2.49, 1.53, 2.54, 2.79, 4.56, 1.99, 3.04, 4.33, 3.77, 1.76, 4.29, 4.29, 2.19, 16.69, 0.99, 3.71

2.56, 1.53, 2.55, 2.80, 4.55, 1.98, 3.04, 4.35, 3.76, 1.75, 4.26, 4.29, 2.27, 15.88, 1.00, 3.58

2.55, 1.48, 2.56, 2.75, 4.59, 1.99, 3.00, 4.37, 3.77, 1.73, 4.26, 4.32, 2.32, 15.33, 0.99, 3.49

2.45, 1.52, 2.58, 2.79, 4.57, 1.97, 3.04, 4.37, 3.78, 1.71, 4.25, 4.31, 2.37, 15.27, 0.98, 3.47

2.53, 1.49, 2.57, 2.79, 4.57, 1.93, 3.02, 4.38, 3.77, 1.74, 4.25, 4.31, 2.41, 15.80, 0.99, 3.48

2.52, 1.51, 2.60, 2.78, 4.60, 1.97, 3.03, 4.37, 3.77, 1.73, 4.25, 4.28, 2.40, 16.35, 0.96, 3.53

2.57, 1.50, 2.53, 2.79, 4.59, 1.98, 3.02, 4.36, 3.76, 1.76, 4.26, 4.25, 2.36, 16.94, 0.94, 3.61

2.58, 1.51, 2.55, 2.79, 4.58, 1.94, 3.02, 4.38, 3.76, 1.75, 4.27, 4.26, 2.30, 17.92, 0.93, 3.75

2.58, 1.50, 2.58, 2.81, 4.55, 1.95, 3.00, 4.36, 3.75, 1.75, 4.26, 4.28, 2.28, 18.92, 0.89, 3.82

2.47, 1.52, 2.60, 2.78, 4.56, 1.93, 3.00, 4.38, 3.74, 1.75, 4.28, 4.28, 2.31, 19.36, 0.87, 3.83

2.39, 1.50, 2.61, 2.80, 4.61, 1.97, 2.98, 4.42, 3.74, 1.75, 4.27, 4.27, 2.33, 19.29, 0.85, 3.80

2.58, 1.49, 2.56, 2.79, 4.57, 1.95, 2.99, 4.39, 3.75, 1.76, 4.26, 4.28, 2.36, 19.01, 0.89, 3.78

2.55, 1.53, 2.58, 2.79, 4.59, 1.92, 2.99, 4.37, 3.73, 1.77, 4.27, 4.28, 2.35, 19.14, 0.89, 3.77

2.63, 1.53, 2.59, 2.79, 4.60, 1.94, 3.00, 4.44, 3.75, 1.76, 4.28, 4.27, 2.42, 19.37, 0.86, 3.78

2.42, 1.51, 2.57, 2.77, 4.61, 1.91, 2.99, 4.39, 3.75, 1.76, 4.29, 4.28, 2.45, 19.59, 0.89, 3.79

2.38, 1.53, 2.58, 2.80, 4.59, 1.94, 2.98, 4.39, 3.76, 1.76, 4.26, 4.28, 2.48, 19.46, 0.88, 3.77

2.50, 1.50, 2.59, 2.79, 4.60, 1.97, 3.01, 4.41, 3.73, 1.77, 4.28, 4.29, 2.46, 19.49, 0.88, 3.81

2.42, 1.53, 2.60, 2.80, 4.60, 1.94, 2.98, 4.40, 3.75, 1.76, 4.28, 4.29, 2.40, 20.54, 0.88, 3.91

2.60, 1.53, 2.55, 2.79, 4.60, 1.93, 3.00, 4.40, 3.76, 1.75, 4.30, 4.29, 2.40, 21.43, 0.87, 3.97

2.40, 1.50, 2.59, 2.80, 4.57, 1.91, 3.00, 4.42, 3.74, 1.75, 4.27, 4.27, 2.38, 22.42, 0.88, 4.05

2.54, 1.52, 2.59, 2.78, 4.61, 1.94, 2.96, 4.42, 3.76, 1.74, 4.29, 4.27, 2.35, 23.11, 0.88, 4.10

2.46, 1.54, 2.58, 2.79, 4.58, 1.92, 3.00, 4.40, 3.75, 1.76, 4.29, 4.29, 2.30, 23.03, 0.90, 4.09

2.66, 1.50, 2.60, 2.80, 4.58, 1.90, 2.98, 4.38, 3.76, 1.77, 4.29, 4.29, 2.29, 23.13, 0.86, 4.08

2.57, 1.52, 2.60, 2.78, 4.63, 1.91, 2.98, 4.43, 3.75, 1.77, 4.28, 4.30, 2.33, 23.05, 0.88, 4.03

2.45, 1.50, 2.57, 2.81, 4.61, 1.93, 2.97, 4.41, 3.76, 1.77, 4.29, 4.30, 2.43, 22.68, 0.89, 3.96

2.61, 1.51, 2.59, 2.79, 4.64, 1.94, 3.01, 4.42, 3.76, 1.77, 4.31, 4.29, 2.45, 22.22, 0.89, 3.96

2.51, 1.51, 2.60, 2.78, 4.62, 1.92, 2.99, 4.42, 3.75, 1.78, 4.31, 4.29, 2.42, 22.09, 0.86, 4.00

2.53, 1.52, 2.61, 2.79, 4.63, 1.95, 3.00, 4.40, 3.76, 1.78, 4.29, 4.27, 2.37, 22.10, 0.85, 4.06

2.70, 1.51, 2.54, 2.79, 4.61, 1.92, 3.00, 4.41, 3.75, 1.75, 4.29, 4.29, 2.33, 21.14, 0.89, 4.00

2.67, 1.50, 2.60, 2.77, 4.63, 1.92, 3.02, 4.42, 3.74, 1.76, 4.28, 4.30, 2.34, 18.91, 0.91, 3.85

2.49, 1.48, 2.53, 2.78, 4.62, 1.93, 3.00, 4.37, 3.78, 1.75, 4.27, 4.33, 2.30, 15.74, 0.87, 3.64

2.48, 1.51, 2.58, 2.79, 4.62, 1.96, 3.02, 4.33, 3.85, 1.65, 4.20, 4.45, 2.15, 11.62, 1.00, 3.32

2.60, 1.46, 2.57, 2.79, 4.53, 2.00, 3.08, 4.26, 3.92, 1.57, 4.19, 4.56, 1.98, 6.58, 1.21, 2.84

2.67, 1.48, 2.57, 2.79, 4.47, 2.11, 3.16, 4.20, 3.97, 1.51, 4.20, 4.60, 2.00, 3.15, 1.38, 2.50

2.57, 1.50, 2.59, 2.80, 4.47, 2.17, 3.21, 4.20, 3.97, 1.53, 4.19, 4.62, 1.99, 2.80, 1.39, 2.49

2.65, 1.48, 2.56, 2.78, 4.43, 2.19, 3.21, 4.18, 3.98, 1.52, 4.19, 4.60, 1.99, 2.80, 1.44, 2.45

2.53, 1.49, 2.59, 2.79, 4.46, 2.19, 3.24, 4.17, 3.97, 1.52, 4.19, 4.60, 1.97, 2.78, 1.38, 2.47

2.63, 1.50, 2.61, 2.78, 4.46, 2.17, 3.22, 4.20, 3.96, 1.51, 4.18, 4.60, 1.99, 2.77, 1.39, 2.44

2.55, 1.51, 2.61, 2.77, 4.47, 2.18, 3.20, 4.19, 3.95, 1.51, 4.18, 4.59, 1.99, 2.77, 1.37, 2.44

2.51, 1.50, 2.64, 2.77, 4.42, 2.17, 3.22, 4.19, 3.94, 1.49, 4.19, 4.59, 1.99, 2.78, 1.39, 2.43

2.51, 1.52, 2.64, 2.78, 4.43, 2.19, 3.21, 4.21, 3.95, 1.47, 4.19, 4.58, 1.99, 2.77, 1.42, 2.42

2.60, 1.50, 2.59, 2.80, 4.46, 2.21, 3.21, 4.20, 3.94, 1.46, 4.18, 4.58, 1.97, 2.74, 1.39, 2.39

2.64, 1.51, 2.62, 2.82, 4.51, 2.15, 3.19, 4.22, 3.97, 1.43, 4.19, 4.61, 1.98, 2.71, 1.35, 2.43

2.57, 1.47, 2.58, 2.80, 4.50, 2.14, 3.13, 4.24, 3.99, 1.43, 4.18, 4.64, 1.97, 2.73, 1.32, 2.46

2.62, 1.47, 2.56, 2.81, 4.51, 2.10, 3.12, 4.22, 4.01, 1.46, 4.18, 4.64, 1.97, 2.69, 1.37, 2.49

2.66, 1.48, 2.58, 2.81, 4.52, 2.13, 3.14, 4.23, 4.00, 1.45, 4.18, 4.64, 1.99, 2.68, 1.33, 2.43

2.70, 1.49, 2.53, 2.84, 4.48, 2.10, 3.12, 4.23, 4.01, 1.48, 4.18, 4.64, 2.00, 2.71, 1.36, 2.48

2.63, 1.48, 2.57, 2.82, 4.49, 2.12, 3.12, 4.22, 3.98, 1.48, 4.18, 4.62, 1.97, 2.73, 1.37, 2.56

2.60, 1.47, 2.60, 2.80, 4.49, 2.14, 3.15, 4.23, 3.99, 1.48, 4.19, 4.63, 1.98, 2.73, 1.41, 2.58

2.66, 1.47, 2.59, 2.80, 4.48, 2.17, 3.16, 4.22, 3.97, 1.50, 4.18, 4.61, 1.99, 2.74, 1.39, 2.55

2.59, 1.48, 2.63, 2.79, 4.49, 2.17, 3.17, 4.20, 3.98, 1.52, 4.17, 4.59, 1.96, 2.75, 1.38, 2.55

2.61, 1.49, 2.58, 2.81, 4.46, 2.15, 3.17, 4.22, 3.99, 1.52, 4.18, 4.62, 1.99, 2.74, 1.42, 2.52

2.72, 1.49, 2.62, 2.78, 4.46, 2.18, 3.19, 4.22, 3.98, 1.52, 4.18, 4.61, 1.98, 2.74, 1.37, 2.52

2.65, 1.49, 2.57, 2.80, 4.48, 2.19, 3.20, 4.21, 3.98, 1.52, 4.17, 4.59, 1.98, 2.74, 1.39, 2.52

2.70, 1.50, 2.56, 2.79, 4.48, 2.18, 3.19, 4.21, 3.99, 1.53, 4.19, 4.59, 1.97, 2.75, 1.39, 2.54

2.56, 1.51, 2.57, 2.80, 4.49, 2.20, 3.18, 4.24, 3.97, 1.54, 4.16, 4.58, 1.97, 2.74, 1.37, 2.51

2.61, 1.47, 2.59, 2.78, 4.48, 2.17, 3.21, 4.20, 4.00, 1.56, 4.18, 4.59, 1.97, 2.74, 1.38, 2.52

2.87, 1.49, 2.58, 2.77, 4.49, 2.17, 3.18, 4.19, 3.99, 1.55, 4.17, 4.60, 1.99, 2.75, 1.39, 2.50

2.63, 1.49, 2.63, 2.78, 4.49, 2.17, 3.20, 4.22, 4.00, 1.55, 4.18, 4.60, 1.99, 2.73, 1.41, 2.48

2.64, 1.49, 2.59, 2.79, 4.49, 2.17, 3.17, 4.23, 4.00, 1.55, 4.18, 4.60, 1.99, 2.75, 1.44, 2.50

2.54, 1.48, 2.62, 2.80, 4.46, 2.16, 3.19, 4.22, 3.99, 1.55, 4.17, 4.60, 1.98, 2.75, 1.40, 2.49

2.51, 1.48, 2.59, 2.78, 4.49, 2.17, 3.17, 4.22, 4.00, 1.55, 4.17, 4.59, 1.99, 2.73, 1.38, 2.49

2.72, 1.50, 2.56, 2.80, 4.45, 2.17, 3.16, 4.21, 3.99, 1.56, 4.18, 4.59, 1.98, 2.76, 1.37, 2.51

2.64, 1.49, 2.56, 2.79, 4.47, 2.18, 3.17, 4.21, 4.01, 1.56, 4.18, 4.60, 1.98, 2.74, 1.38, 2.51

2.62, 1.49, 2.63, 2.80, 4.49, 2.14, 3.17, 4.24, 3.98, 1.57, 4.19, 4.58, 1.99, 2.74, 1.40, 2.51

2.69, 1.52, 2.60, 2.77, 4.47, 2.18, 3.20, 4.21, 3.98, 1.55, 4.18, 4.58, 1.99, 2.76, 1.38, 2.51

2.53, 1.49, 2.64, 2.78, 4.48, 2.16, 3.18, 4.22, 3.98, 1.56, 4.18, 4.58, 1.99, 2.75, 1.39, 2.53

2.53, 1.50, 2.58, 2.77, 4.45, 2.17, 3.21, 4.18, 4.00, 1.56, 4.18, 4.60, 1.99, 2.74, 1.44, 2.49

2.75, 1.49, 2.60, 2.78, 4.48, 2.17, 3.19, 4.19, 3.99, 1.57, 4.19, 4.59, 2.00, 2.74, 1.41, 2.51

2.75, 1.49, 2.62, 2.80, 4.46, 2.20, 3.18, 4.21, 3.99, 1.58, 4.19, 4.58, 1.98, 2.74, 1.40, 2.50

2.54, 1.51, 2.57, 2.78, 4.46, 2.18, 3.19, 4.20, 3.99, 1.56, 4.17, 4.59, 1.99, 2.77, 1.43, 2.52

2.72, 1.50, 2.62, 2.77, 4.45, 2.18, 3.19, 4.20, 3.97, 1.55, 4.18, 4.59, 1.98, 2.76, 1.39, 2.51

2.55, 1.50, 2.62, 2.80, 4.48, 2.16, 3.19, 4.19, 3.98, 1.55, 4.19, 4.58, 1.99, 2.77, 1.40, 2.51

2.52, 1.49, 2.61, 2.81, 4.47, 2.15, 3.22, 4.20, 3.97, 1.57, 4.17, 4.60, 1.99, 2.76, 1.38, 2.50

2.59, 1.49, 2.63, 2.77, 4.46, 2.15, 3.20, 4.20, 3.98, 1.56, 4.19, 4.59, 1.98, 2.76, 1.41, 2.49

2.58, 1.52, 2.61, 2.80, 4.47, 2.18, 3.19, 4.18, 3.97, 1.55, 4.19, 4.58, 1.98, 2.76, 1.38, 2.50

2.61, 1.50, 2.57, 2.79, 4.46, 2.18, 3.19, 4.17, 3.97, 1.56, 4.19, 4.59, 1.99, 2.74, 1.41, 2.52

2.70, 1.50, 2.57, 2.79, 4.49, 2.21, 3.21, 4.20, 3.97, 1.54, 4.18, 4.58, 1.98, 2.76, 1.38, 2.51

2.54, 1.50, 2.63, 2.79, 4.48, 2.17, 3.16, 4.20, 3.98, 1.56, 4.19, 4.58, 1.98, 2.75, 1.38, 2.52

2.62, 1.49, 2.58, 2.78, 4.47, 2.15, 3.18, 4.20, 3.99, 1.57, 4.18, 4.61, 1.98, 2.76, 1.43, 2.53

2.47, 1.50, 2.62, 2.76, 4.47, 2.17, 3.19, 4.20, 3.98, 1.55, 4.18, 4.60, 1.99, 2.77, 1.37, 2.52

2.67, 1.49, 2.61, 2.79, 4.48, 2.16, 3.17, 4.20, 4.00, 1.56, 4.19, 4.58, 1.98, 2.75, 1.40, 2.51

2.74, 1.52, 2.56, 2.80, 4.45, 2.14, 3.21, 4.20, 3.99, 1.55, 4.17, 4.60, 1.99, 2.75, 1.39, 2.52

2.65, 1.50, 2.61, 2.79, 4.45, 2.21, 3.20, 4.22, 4.00, 1.55, 4.19, 4.60, 1.99, 2.76, 1.42, 2.49

2.50, 1.48, 2.57, 2.78, 4.47, 2.16, 3.20, 4.22, 3.98, 1.57, 4.18, 4.58, 2.00, 2.77, 1.42, 2.50

2.75, 1.49, 2.60, 2.78, 4.48, 2.18, 3.18, 4.20, 3.99, 1.55, 4.19, 4.60, 1.98, 2.75, 1.40, 2.52

2.62, 1.49, 2.63, 2.78, 4.45, 2.16, 3.20, 4.20, 3.99, 1.56, 4.18, 4.55, 1.99, 2.76, 1.41, 2.50

2.62, 1.49, 2.60, 2.80, 4.48, 2.19, 3.20, 4.20, 3.97, 1.55, 4.20, 4.60, 1.97, 2.75, 1.38, 2.52

2.56, 1.48, 2.62, 2.79, 4.46, 2.16, 3.18, 4.21, 4.00, 1.56, 4.18, 4.68, 1.98, 2.75, 1.41, 2.51

2.71, 1.51, 2.62, 2.79, 4.48, 2.16, 3.18, 4.20, 4.02, 1.56, 4.18, 4.88, 1.99, 2.73, 1.40, 2.51

2.61, 1.49, 2.55, 2.80, 4.49, 2.13, 3.19, 4.22, 4.01, 1.57, 4.19, 5.18, 1.98, 2.71, 1.34, 2.56

2.71, 1.51, 2.56, 2.80, 4.50, 2.16, 3.19, 4.20, 4.01, 1.56, 4.19, 5.24, 1.99, 2.70, 1.35, 2.55

2.60, 1.51, 2.59, 2.80, 4.48, 2.13, 3.16, 4.21, 4.01, 1.57, 4.19, 5.45, 1.98, 2.70, 1.37, 2.56

2.80, 1.48, 2.60, 2.83, 4.52, 2.14, 3.15, 4.23, 4.01, 1.59, 4.18, 5.88, 1.99, 2.68, 1.32, 2.57

2.63, 1.49, 2.58, 2.85, 4.50, 2.10, 3.13, 4.23, 4.04, 1.65, 4.20, 6.52, 1.98, 2.62, 1.33, 2.60

2.58, 1.48, 2.53, 2.91, 4.57, 2.06, 3.12, 4.30, 4.06, 1.71, 4.17, 7.33, 1.99, 2.61, 1.24, 2.63

2.74, 1.42, 2.51, 2.95, 4.59, 2.01, 3.09, 4.31, 4.11, 1.76, 4.19, 7.78, 1.99, 2.55, 1.24, 2.65

2.70, 1.41, 2.49, 2.95, 4.58, 2.02, 3.04, 4.34, 4.14, 1.78, 4.19, 8.38, 1.99, 2.53, 1.18, 2.66

2.66, 1.41, 2.49, 2.97, 4.66, 1.97, 2.99, 4.35, 4.14, 1.79, 4.19, 9.40, 2.04, 2.46, 1.11, 2.73

2.77, 1.35, 2.43, 3.01, 4.67, 1.97, 2.96, 4.38, 4.18, 1.79, 4.20, 10.60, 2.12, 2.39, 1.02, 2.82

2.84, 1.33, 2.43, 3.04, 4.69, 1.90, 2.92, 4.46, 4.21, 1.82, 4.21, 11.86, 2.19, 2.33, 1.00, 2.85

2.80, 1.34, 2.36, 3.04, 4.75, 1.90, 2.91, 4.46, 4.24, 1.81, 4.20, 12.30, 2.18, 2.33, 0.96, 2.89

2.81, 1.33, 2.43, 3.03, 4.72, 1.90, 2.94, 4.44, 4.20, 1.80, 4.18, 12.37, 2.22, 2.31, 0.98, 2.91

2.75, 1.33, 2.43, 3.05, 4.73, 1.88, 2.90, 4.44, 4.19, 1.80, 4.20, 12.70, 2.23, 2.28, 0.95, 2.91

2.76, 1.33, 2.43, 3.04, 4.72, 1.87, 2.93, 4.48, 4.25, 1.84, 4.21, 13.36, 2.28, 2.25, 0.92, 2.95

2.67, 1.33, 2.40, 3.03, 4.74, 1.88, 2.90, 4.48, 4.29, 1.88, 4.20, 13.76, 2.29, 2.23, 0.88, 2.97

2.80, 1.32, 2.43, 3.03, 4.75, 1.87, 2.91, 4.48, 4.33, 1.89, 4.20, 14.58, 2.31, 2.21, 0.85, 2.99

2.89, 1.32, 2.37, 3.03, 4.74, 1.88, 2.88, 4.48, 4.34, 1.87, 4.20, 14.86, 2.32, 2.21, 0.89, 2.97

2.91, 1.30, 2.36, 3.03, 4.76, 1.87, 2.89, 4.49, 4.33, 1.86, 4.20, 14.64, 2.32, 2.21, 0.89, 2.97

2.79, 1.32, 2.44, 3.03, 4.78, 1.87, 2.88, 4.54, 4.32, 1.85, 4.21, 14.94, 2.33, 2.22, 0.87, 3.00

2.68, 1.33, 2.43, 3.03, 4.76, 1.88, 2.88, 4.52, 4.32, 1.88, 4.20, 15.17, 2.32, 2.21, 0.85, 2.99

2.69, 1.32, 2.35, 3.03, 4.75, 1.88, 2.87, 4.54, 4.32, 1.87, 4.20, 15.58, 2.34, 2.21, 0.89, 2.98

2.85, 1.33, 2.42, 3.05, 4.80, 1.90, 2.88, 4.55, 4.30, 1.85, 4.19, 16.40, 2.32, 2.21, 0.85, 2.97

2.87, 1.33, 2.41, 3.05, 4.77, 1.89, 2.87, 4.53, 4.30, 1.84, 4.20, 17.02, 2.31, 2.20, 0.89, 2.98

2.78, 1.33, 2.41, 3.09, 4.75, 1.90, 2.86, 4.54, 4.26, 1.85, 4.19, 17.45, 2.31, 2.20, 0.84, 2.99

2.81, 1.34, 2.40, 3.08, 4.78, 1.91, 2.86, 4.52, 4.26, 1.88, 4.21, 17.41, 2.32, 2.21, 0.85, 3.00

2.73, 1.34, 2.43, 3.07, 4.81, 1.88, 2.86, 4.51, 4.27, 1.89, 4.20, 17.35, 2.33, 2.20, 0.89, 2.99

2.84, 1.36, 2.34, 3.08, 4.79, 1.89, 2.87, 4.54, 4.28, 1.93, 4.20, 17.29, 2.33, 2.21, 0.86, 2.98

2.83, 1.32, 2.40, 3.07, 4.78, 1.88, 2.85, 4.54, 4.29, 1.93, 4.19, 17.12, 2.36, 2.22, 0.90, 3.00

2.76, 1.33, 2.40, 3.07, 4.82, 1.89, 2.87, 4.59, 4.34, 1.95, 4.20, 16.78, 2.33, 2.22, 0.87, 2.97

2.71, 1.30, 2.37, 3.07, 4.80, 1.91, 2.82, 4.56, 4.35, 1.94, 4.21, 16.64, 2.33, 2.22, 0.88, 2.99

2.79, 1.31, 2.38, 3.05, 4.80, 1.95, 2.84, 4.52, 4.33, 1.91, 4.20, 16.73, 2.33, 2.22, 0.89, 2.99

2.87, 1.34, 2.35, 3.07, 4.80, 1.87, 2.85, 4.55, 4.33, 1.91, 4.21, 17.42, 2.33, 2.23, 0.89, 2.98

2.85, 1.32, 2.43, 3.05, 4.79, 1.92, 2.85, 4.54, 4.35, 1.91, 4.20, 17.98, 2.32, 2.21, 0.90, 2.97

2.82, 1.32, 2.42, 3.08, 4.80, 1.89, 2.84, 4.58, 4.36, 1.90, 4.20, 18.20, 2.32, 2.21, 0.87, 2.98

2.69, 1.33, 2.44, 3.07, 4.81, 1.87, 2.87, 4.58, 4.33, 1.88, 4.21, 18.41, 2.33, 2.21, 0.85, 2.98

2.92, 1.32, 2.42, 3.06, 4.79, 1.92, 2.84, 4.57, 4.32, 1.89, 4.19, 18.77, 2.33, 2.22, 0.88, 2.97

2.79, 1.32, 2.41, 3.07, 4.79, 1.88, 2.82, 4.58, 4.31, 1.93, 4.20, 18.94, 2.34, 2.22, 0.86, 2.98

2.79, 1.35, 2.43, 3.09, 4.84, 1.90, 2.84, 4.58, 4.34, 1.97, 4.20, 18.82, 2.36, 2.22, 0.89, 2.97

2.84, 1.32, 2.37, 3.07, 4.81, 1.86, 2.83, 4.58, 4.36, 1.98, 4.20, 18.58, 2.34, 2.21, 0.87, 2.98

2.75, 1.32, 2.39, 3.07, 4.80, 1.88, 2.83, 4.56, 4.35, 1.97, 4.21, 18.41, 2.36, 2.23, 0.89, 2.98

2.79, 1.35, 2.36, 3.05, 4.83, 1.88, 2.84, 4.54, 4.35, 1.97, 4.20, 18.69, 2.34, 2.22, 0.89, 2.96

2.84, 1.32, 2.35, 3.08, 4.84, 1.88, 2.83, 4.55, 4.38, 1.96, 4.20, 18.88, 2.35, 2.22, 0.89, 2.96

2.72, 1.33, 2.40, 3.09, 4.83, 1.91, 2.85, 4.57, 4.39, 1.92, 4.20, 18.86, 2.35, 2.20, 0.89, 2.98

2.85, 1.31, 2.42, 3.08, 4.82, 1.90, 2.82, 4.58, 4.38, 1.87, 4.20, 18.72, 2.35, 2.20, 0.87, 2.99

2.90, 1.31, 2.40, 3.07, 4.80, 1.87, 2.86, 4.58, 4.33, 1.81, 4.20, 18.70, 2.34, 2.20, 0.86, 2.98

2.72, 1.33, 2.42, 3.08, 4.82, 1.93, 2.83, 4.65, 4.30, 1.81, 4.20, 18.94, 2.33, 2.21, 0.85, 2.98

2.75, 1.34, 2.39, 3.09, 4.82, 1.92, 2.82, 4.55, 4.29, 1.85, 4.20, 18.93, 2.33, 2.20, 0.86, 2.97

2.82, 1.32, 2.38, 3.07, 4.83, 1.88, 2.80, 4.56, 4.32, 1.86, 4.21, 18.91, 2.34, 2.20, 0.90, 2.99

2.87, 1.32, 2.36, 3.09, 4.81, 1.92, 2.83, 4.58, 4.33, 1.88, 4.19, 18.69, 2.34, 2.22, 0.86, 2.97

2.72, 1.33, 2.36, 3.08, 4.83, 1.90, 2.84, 4.55, 4.34, 1.91, 4.21, 18.53, 2.35, 2.22, 0.85, 3.01

2.83, 1.32, 2.38, 3.08, 4.82, 1.88, 2.83, 4.59, 4.34, 1.88, 4.20, 18.27, 2.34, 2.22, 0.88, 2.98

2.96, 1.32, 2.37, 3.07, 4.81, 1.90, 2.83, 4.57, 4.33, 1.83, 4.19, 18.24, 2.35, 2.21, 0.87, 2.99

2.83, 1.33, 2.41, 3.07, 4.84, 1.89, 2.84, 4.58, 4.34, 1.80, 4.19, 18.29, 2.34, 2.22, 0.85, 2.98

2.78, 1.32, 2.42, 3.08, 4.83, 1.89, 2.84, 4.55, 4.34, 1.78, 4.21, 18.47, 2.34, 2.22, 0.85, 2.99

2.91, 1.32, 2.39, 3.06, 4.84, 1.88, 2.83, 4.56, 4.31, 1.75, 4.21, 18.62, 2.34, 2.21, 0.88, 2.98

2.85, 1.32, 2.36, 3.08, 4.85, 1.90, 2.83, 4.56, 4.31, 1.72, 4.20, 18.55, 2.33, 2.22, 0.87, 2.98

2.76, 1.34, 2.44, 3.08, 4.82, 1.87, 2.85, 4.59, 4.28, 1.75, 4.20, 18.44, 2.32, 2.21, 0.86, 2.98

2.84, 1.34, 2.41, 3.08, 4.80, 1.87, 2.84, 4.57, 4.27, 1.75, 4.22, 18.27, 2.32, 2.23, 0.87, 2.97

2.71, 1.32, 2.41, 3.06, 4.82, 1.89, 2.84, 4.55, 4.27, 1.75, 4.21, 17.87, 2.32, 2.21, 0.88, 2.97

2.87, 1.33, 2.44, 3.07, 4.79, 1.89, 2.83, 4.58, 4.23, 1.68, 4.20, 17.12, 2.33, 2.21, 0.85, 2.96

2.84, 1.32, 2.44, 3.05, 4.82, 1.91, 2.86, 4.53, 4.20, 1.60, 4.20, 16.27, 2.33, 2.19, 0.85, 2.96

2.71, 1.36, 2.43, 3.05, 4.78, 1.88, 2.87, 4.54, 4.18, 1.59, 4.20, 14.92, 2.35, 2.20, 0.86, 2.99

2.86, 1.33, 2.36, 3.05, 4.81, 1.89, 2.88, 4.52, 4.16, 1.60, 4.19, 13.03, 2.35, 2.21, 0.85, 2.98

2.81, 1.35, 2.39, 3.01, 4.78, 1.88, 2.89, 4.51, 4.11, 1.59, 4.20, 10.75, 2.29, 2.25, 0.91, 2.92

2.80, 1.30, 2.38, 3.06, 4.74, 1.90, 2.93, 4.45, 4.04, 1.57, 4.20, 8.27, 2.15, 2.42, 1.11, 2.78

2.94, 1.38, 2.50, 2.99, 4.64, 1.98, 3.02, 4.37, 3.94, 1.63, 4.20, 5.86, 1.99, 2.64, 1.30, 2.57

2.71, 1.49, 2.58, 2.90, 4.55, 2.08, 3.10, 4.28, 3.87, 1.67, 4.21, 4.60, 1.99, 2.70, 1.34, 2.54

2.60, 1.52, 2.58, 2.86, 4.49, 2.10, 3.13, 4.24, 3.89, 1.67, 4.21, 4.51, 1.99, 2.72, 1.39, 2.54

2.59, 1.53, 2.61, 2.85, 4.53, 2.12, 3.13, 4.27, 3.90, 1.65, 4.20, 4.51, 2.00, 2.73, 1.37, 2.56

2.66, 1.54, 2.57, 2.83, 4.53, 2.11, 3.12, 4.24, 3.92, 1.66, 4.22, 4.51, 2.01, 2.73, 1.37, 2.56

2.60, 1.53, 2.65, 2.86, 4.50, 2.13, 3.14, 4.22, 3.92, 1.66, 4.20, 4.53, 2.00, 2.74, 1.39, 2.50

2.52, 1.52, 2.57, 2.88, 4.48, 2.11, 3.13, 4.28, 3.91, 1.65, 4.20, 4.53, 2.00, 2.71, 1.39, 2.52

2.72, 1.54, 2.61, 2.86, 4.49, 2.12, 3.13, 4.27, 3.93, 1.65, 4.20, 4.52, 2.00, 2.72, 1.38, 2.50

2.68, 1.55, 2.64, 2.88, 4.52, 2.10, 3.14, 4.25, 3.93, 1.66, 4.18, 4.53, 1.98, 2.74, 1.38, 2.51

2.73, 1.53, 2.54, 2.87, 4.52, 2.11, 3.14, 4.23, 3.93, 1.66, 4.22, 4.54, 1.99, 2.73, 1.44, 2.51

2.62, 1.56, 2.62, 2.88, 4.53, 2.14, 3.16, 4.25, 3.93, 1.64, 4.20, 4.53, 1.99, 2.74, 1.40, 2.52

2.66, 1.55, 2.64, 2.86, 4.53, 2.10, 3.13, 4.22, 3.92, 1.66, 4.21, 4.54, 1.99, 2.72, 1.38, 2.51

2.62, 1.53, 2.56, 2.86, 4.48, 2.13, 3.15, 4.25, 3.93, 1.66, 4.21, 4.53, 2.00, 2.74, 1.40, 2.51

2.73, 1.55, 2.62, 2.87, 4.54, 2.10, 3.15, 4.25, 3.93, 1.65, 4.20, 4.54, 1.99, 2.75, 1.40, 2.51

2.69, 1.55, 2.56, 2.87, 4.51, 2.12, 3.15, 4.20, 3.94, 1.66, 4.20, 4.53, 2.00, 2.74, 1.37, 2.53

2.63, 1.52, 2.59, 2.86, 4.51, 2.11, 3.13, 4.25, 3.94, 1.66, 4.21, 4.53, 1.99, 2.74, 1.40, 2.53

2.52, 1.54, 2.57, 2.85, 4.52, 2.11, 3.15, 4.25, 3.94, 1.66, 4.21, 4.53, 1.96, 2.73, 1.41, 2.51

2.62, 1.53, 2.61, 2.84, 4.49, 2.16, 3.14, 4.24, 3.94, 1.64, 4.20, 4.54, 1.99, 2.73, 1.38, 2.51

2.64, 1.54, 2.59, 2.85, 4.52, 2.11, 3.14, 4.23, 3.94, 1.64, 4.18, 4.55, 2.00, 2.74, 1.37, 2.54

2.51, 1.54, 2.62, 2.85, 4.50, 2.12, 3.14, 4.25, 3.93, 1.65, 4.20, 4.54, 2.01, 2.73, 1.39, 2.51

2.74, 1.57, 2.63, 2.87, 4.49, 2.11, 3.12, 4.26, 3.95, 1.65, 4.20, 4.52, 1.98, 2.73, 1.37, 2.52

2.66, 1.53, 2.55, 2.86, 4.48, 2.11, 3.14, 4.22, 3.94, 1.64, 4.21, 4.55, 1.99, 2.73, 1.42, 2.50

2.63, 1.55, 2.59, 2.85, 4.50, 2.15, 3.13, 4.22, 3.92, 1.64, 4.20, 4.54, 1.98, 2.72, 1.40, 2.52

2.51, 1.54, 2.64, 2.86, 4.48, 2.11, 3.15, 4.21, 3.94, 1.63, 4.21, 4.54, 2.00, 2.74, 1.37, 2.54

2.59, 1.54, 2.57, 2.85, 4.51, 2.13, 3.15, 4.22, 3.93, 1.63, 4.20, 4.54, 2.01, 2.74, 1.40, 2.51

2.61, 1.55, 2.63, 2.87, 4.52, 2.11, 3.14, 4.25, 3.94, 1.64, 4.20, 4.53, 2.00, 2.72, 1.39, 2.51

2.59, 1.55, 2.61, 2.85, 4.48, 2.11, 3.14, 4.23, 3.93, 1.65, 4.20, 4.54, 1.99, 2.73, 1.41, 2.50

2.70, 1.56, 2.60, 2.86, 4.51, 2.15, 3.15, 4.24, 3.92, 1.64, 4.22, 4.53, 2.00, 2.74, 1.40, 2.53

2.67, 1.56, 2.59, 2.86, 4.51, 2.14, 3.13, 4.24, 3.94, 1.62, 4.20, 4.54, 1.99, 2.73, 1.38, 2.52

2.66, 1.57, 2.57, 2.87, 4.48, 2.14, 3.14, 4.23, 3.93, 1.65, 4.20, 4.53, 2.00, 2.75, 1.43, 2.52

2.64, 1.55, 2.61, 2.85, 4.50, 2.12, 3.13, 4.25, 3.93, 1.64, 4.21, 4.54, 1.98, 2.74, 1.41, 2.52

2.63, 1.54, 2.63, 2.86, 4.51, 2.11, 3.13, 4.24, 3.93, 1.63, 4.21, 4.53, 1.99, 2.74, 1.37, 2.53

2.55, 1.56, 2.57, 2.85, 4.52, 2.12, 3.16, 4.24, 3.95, 1.63, 4.20, 4.52, 1.99, 2.76, 1.43, 2.52

2.59, 1.57, 2.65, 2.87, 4.49, 2.14, 3.14, 4.22, 3.95, 1.63, 4.20, 4.56, 1.99, 2.73, 1.40, 2.51

2.67, 1.54, 2.60, 2.86, 4.51, 2.13, 3.14, 4.26, 3.94, 1.63, 4.20, 4.54, 1.98, 2.73, 1.38, 2.51

2.53, 1.55, 2.58, 2.86, 4.46, 2.11, 3.15, 4.24, 3.94, 1.63, 4.19, 4.54, 2.00, 2.74, 1.41, 2.52

2.51, 1.57, 2.64, 2.86, 4.50, 2.11, 3.12, 4.25, 3.93, 1.64, 4.20, 4.55, 1.99, 2.75, 1.42, 2.52

2.60, 1.55, 2.59, 2.86, 4.50, 2.13, 3.14, 4.21, 3.94, 1.64, 4.20, 4.53, 1.99, 2.73, 1.42, 2.53

2.52, 1.56, 2.60, 2.84, 4.47, 2.14, 3.13, 4.23, 3.93, 1.64, 4.20, 4.52, 1.98, 2.74, 1.39, 2.50

2.62, 1.54, 2.59, 2.86, 4.52, 2.15, 3.16, 4.23, 3.94, 1.63, 4.23, 4.53, 1.99, 2.75, 1.39, 2.54

2.65, 1.54, 2.60, 2.87, 4.50, 2.14, 3.13, 4.22, 3.93, 1.61, 4.21, 4.54, 2.00, 2.74, 1.37, 2.53

2.62, 1.54, 2.65, 2.87, 4.49, 2.13, 3.13, 4.24, 3.92, 1.63, 4.21, 4.55, 2.00, 2.75, 1.41, 2.50

2.71, 1.56, 2.58, 2.86, 4.51, 2.13, 3.15, 4.20, 3.94, 1.64, 4.20, 4.53, 1.98, 2.74, 1.40, 2.53

2.67, 1.53, 2.58, 2.85, 4.51, 2.12, 3.14, 4.21, 3.94, 1.62, 4.21, 4.55, 1.99, 2.73, 1.37, 2.54

2.51, 1.54, 2.61, 2.85, 4.52, 2.15, 3.14, 4.24, 3.94, 1.64, 4.21, 4.52, 2.00, 2.74, 1.38, 2.53

2.67, 1.55, 2.64, 2.86, 4.51, 2.12, 3.13, 4.22, 3.95, 1.63, 4.20, 4.53, 1.97, 2.75, 1.38, 2.52

2.70, 1.56, 2.57, 2.86, 4.52, 2.13, 3.14, 4.25, 3.96, 1.63, 4.21, 4.55, 1.99, 2.74, 1.38, 2.52

2.69, 1.56, 2.65, 2.85, 4.47, 2.15, 3.16, 4.21, 3.93, 1.62, 4.21, 4.52, 1.98, 2.73, 1.46, 2.53

2.54, 1.54, 2.62, 2.85, 4.48, 2.14, 3.15, 4.23, 3.95, 1.62, 4.21, 4.54, 2.00, 2.74, 1.41, 2.52

2.68, 1.55, 2.61, 2.84, 4.49, 2.13, 3.14, 4.26, 3.95, 1.63, 4.21, 4.56, 1.98, 2.74, 1.44, 2.52

2.66, 1.55, 2.63, 2.84, 4.47, 2.15, 3.14, 4.24, 3.92, 1.63, 4.22, 4.55, 1.99, 2.73, 1.40, 2.52

2.70, 1.56, 2.58, 2.85, 4.52, 2.12, 3.14, 4.27, 3.94, 1.63, 4.21, 4.51, 1.99, 2.75, 1.38, 2.54

2.66, 1.57, 2.58, 2.85, 4.50, 2.12, 3.12, 4.24, 3.94, 1.63, 4.21, 4.54, 2.00, 2.75, 1.42, 2.51

2.72, 1.56, 2.63, 2.85, 4.48, 2.14, 3.16, 4.24, 3.94, 1.62, 4.20, 4.55, 1.99, 2.75, 1.42, 2.51

2.69, 1.55, 2.63, 2.84, 4.46, 2.15, 3.15, 4.23, 3.95, 1.63, 4.20, 4.54, 2.00, 2.75, 1.38, 2.51

2.70, 1.55, 2.58, 2.84, 4.51, 2.14, 3.15, 4.23, 3.94, 1.64, 4.21, 4.54, 1.98, 2.72, 1.39, 2.52

2.69, 1.55, 2.59, 2.84, 4.48, 2.14, 3.14, 4.22, 3.94, 1.62, 4.20, 4.55, 1.99, 2.74, 1.42, 2.53

2.59, 1.53, 2.64, 2.84, 4.48, 2.16, 3.16, 4.24, 3.94, 1.63, 4.20, 4.52, 1.99, 2.75, 1.39, 2.52

2.68, 1.53, 2.63, 2.85, 4.49, 2.16, 3.16, 4.22, 3.94, 1.63, 4.21, 4.54, 2.00, 2.74, 1.44, 2.53

2.70, 1.56, 2.62, 2.84, 4.51, 2.12, 3.15, 4.23, 3.94, 1.63, 4.19, 4.53, 1.99, 2.74, 1.42, 2.53

2.65, 1.55, 2.59, 2.85, 4.49, 2.14, 3.14, 4.21, 3.94, 1.63, 4.19, 4.55, 1.99, 2.75, 1.41, 2.52

2.63, 1.55, 2.64, 2.85, 4.46, 2.15, 3.13, 4.17, 3.95, 1.64, 4.20, 4.55, 1.99, 2.74, 1.41, 2.52

2.60, 1.54, 2.61, 2.85, 4.48, 2.15, 3.15, 4.23, 3.93, 1.64, 4.20, 4.55, 1.99, 2.73, 1.39, 2.52

2.61, 1.55, 2.65, 2.85, 4.46, 2.15, 3.13, 4.23, 3.94, 1.63, 4.21, 4.52, 2.01, 2.74, 1.40, 2.53

2.64, 1.56, 2.65, 2.86, 4.48, 2.17, 3.16, 4.24, 3.95, 1.62, 4.19, 4.50, 2.01, 2.75, 1.40, 2.52

2.62, 1.55, 2.61, 2.84, 4.47, 2.14, 3.17, 4.23, 3.95, 1.63, 4.20, 4.54, 1.98, 2.72, 1.39, 2.51

2.65, 1.55, 2.62, 2.86, 4.50, 2.13, 3.17, 4.24, 3.93, 1.63, 4.20, 4.52, 1.98, 2.74, 1.39, 2.54

2.67, 1.53, 2.60, 2.84, 4.51, 2.13, 3.15, 4.24, 3.94, 1.63, 4.21, 4.54, 1.98, 2.75, 1.38, 2.54

2.58, 1.56, 2.64, 2.85, 4.49, 2.18, 3.14, 4.23, 3.93, 1.62, 4.20, 4.54, 2.00, 2.75, 1.41, 2.53

2.49, 1.53, 2.64, 2.86, 4.51, 2.14, 3.15, 4.24, 3.94, 1.63, 4.20, 4.53, 1.98, 2.73, 1.40, 2.53

2.66, 1.54, 2.62, 2.86, 4.49, 2.17, 3.16, 4.25, 3.94, 1.64, 4.19, 4.54, 2.00, 2.74, 1.42, 2.52

2.57, 1.53, 2.64, 2.86, 4.51, 2.14, 3.15, 4.23, 3.94, 1.64, 4.20, 4.54, 2.00, 2.74, 1.40, 2.52

2.70, 1.56, 2.58, 2.85, 4.49, 2.14, 3.15, 4.22, 3.94, 1.63, 4.21, 4.54, 1.99, 2.73, 1.44, 2.52

2.61, 1.52, 2.62, 2.85, 4.50, 2.16, 3.16, 4.23, 3.93, 1.64, 4.21, 4.53, 1.99, 2.74, 1.40, 2.53

2.67, 1.54, 2.60, 2.85, 4.48, 2.13, 3.14, 4.23, 3.95, 1.63, 4.21, 4.54, 2.00, 2.76, 1.43, 2.52

2.65, 1.56, 2.64, 2.82, 4.49, 2.14, 3.16, 4.22, 3.94, 1.62, 4.21, 4.55, 1.99, 2.75, 1.40, 2.54

2.60, 1.56, 2.61, 2.85, 4.51, 2.13, 3.16, 4.22, 3.94, 1.63, 4.20, 4.53, 1.99, 2.73, 1.39, 2.54

2.64, 1.55, 2.63, 2.84, 4.47, 2.12, 3.13, 4.23, 3.95, 1.63, 4.22, 4.54, 1.99, 2.75, 1.42, 2.52

2.66, 1.56, 2.58, 2.84, 4.47, 2.13, 3.14, 4.25, 3.94, 1.64, 4.20, 4.55, 1.98, 2.77, 1.39, 2.54

2.62, 1.56, 2.60, 2.86, 4.48, 2.14, 3.16, 4.22, 3.94, 1.63, 4.20, 4.53, 2.00, 2.74, 1.40, 2.54

2.58, 1.56, 2.64, 2.84, 4.48, 2.15, 3.15, 4.20, 3.95, 1.63, 4.20, 4.55, 2.00, 2.75, 1.44, 2.53

2.66, 1.53, 2.65, 2.82, 4.48, 2.13, 3.14, 4.25, 3.94, 1.63, 4.21, 4.55, 2.01, 2.75, 1.42, 2.52

2.58, 1.54, 2.64, 2.84, 4.47, 2.16, 3.15, 4.24, 3.96, 1.61, 4.20, 4.55, 2.00, 2.74, 1.40, 2.50

2.53, 1.56, 2.63, 2.87, 4.50, 2.13, 3.14, 4.21, 3.94, 1.63, 4.19, 4.55, 1.99, 2.74, 1.39, 2.53

2.59, 1.54, 2.61, 2.85, 4.49, 2.13, 3.14, 4.24, 3.95, 1.62, 4.21, 4.54, 1.98, 2.74, 1.41, 2.52

2.61, 1.55, 2.65, 2.85, 4.49, 2.14, 3.15, 4.26, 3.94, 1.63, 4.20, 4.54, 1.99, 2.74, 1.41, 2.51

2.55, 1.55, 2.63, 2.85, 4.50, 2.16, 3.16, 4.25, 3.95, 1.62, 4.20, 4.53, 1.99, 2.75, 1.38, 2.54

2.67, 1.53, 2.64, 2.83, 4.48, 2.16, 3.14, 4.21, 3.94, 1.63, 4.19, 4.53, 2.01, 2.74, 1.43, 2.51

2.58, 1.54, 2.59, 2.85, 4.49, 2.14, 3.15, 4.21, 3.95, 1.62, 4.20, 4.54, 2.00, 2.75, 1.42, 2.53

2.51, 1.56, 2.65, 2.85, 4.48, 2.13, 3.14, 4.24, 3.95, 1.62, 4.21, 4.55, 1.99, 2.74, 1.40, 2.54

2.53, 1.56, 2.64, 2.82, 4.46, 2.14, 3.14, 4.24, 3.94, 1.64, 4.22, 4.54, 1.99, 2.75, 1.43, 2.54

2.46, 1.55, 2.62, 2.85, 4.48, 2.17, 3.16, 4.25, 3.95, 1.64, 4.21, 4.51, 1.99, 2.74, 1.39, 2.51

2.64, 1.56, 2.59, 2.85, 4.47, 2.11, 3.15, 4.20, 3.94, 1.63, 4.20, 4.54, 2.00, 2.74, 1.39, 2.53

2.70, 1.56, 2.65, 2.84, 4.47, 2.13, 3.13, 4.19, 3.94, 1.62, 4.19, 4.55, 2.00, 2.74, 1.44, 2.51

2.66, 1.55, 2.62, 2.84, 4.53, 2.14, 3.15, 4.23, 3.94, 1.63, 4.20, 4.53, 2.00, 2.74, 1.42, 2.52

2.61, 1.56, 2.62, 2.86, 4.52, 2.13, 3.14, 4.23, 3.94, 1.62, 4.19, 4.55, 1.98, 2.74, 1.39, 2.53

2.51, 1.57, 2.59, 2.84, 4.51, 2.15, 3.15, 4.20, 3.96, 1.62, 4.21, 4.54, 2.00, 2.75, 1.43, 2.53

2.50, 1.54, 2.63, 2.84, 4.47, 2.13, 3.12, 4.23, 3.95, 1.62, 4.19, 4.55, 1.99, 2.75, 1.41, 2.51

2.66, 1.56, 2.59, 2.84, 4.51, 2.17, 3.14, 4.24, 3.94, 1.63, 4.20, 4.53, 1.99, 2.75, 1.43, 2.52

2.63, 1.57, 2.63, 2.83, 4.51, 2.14, 3.14, 4.24, 3.94, 1.64, 4.20, 4.53, 2.00, 2.75, 1.37, 2.55

2.58, 1.57, 2.63, 2.82, 4.50, 2.13, 3.16, 4.24, 3.94, 1.63, 4.21, 4.54, 2.00, 2.75, 1.42, 2.54

2.52, 1.55, 2.63, 2.83, 4.48, 2.13, 3.15, 4.20, 3.95, 1.62, 4.20, 4.54, 2.01, 2.74, 1.42, 2.54

2.79, 1.55, 2.64, 2.85, 4.50, 2.13, 3.16, 4.24, 3.95, 1.63, 4.20, 4.55, 1.98, 2.75, 1.38, 2.50

2.59, 1.56, 2.64, 2.86, 4.49, 2.13, 3.16, 4.23, 3.94, 1.63, 4.21, 4.52, 2.00, 2.73, 1.39, 2.52

2.54, 1.54, 2.58, 2.84, 4.51, 2.11, 3.13, 4.26, 3.93, 1.63, 4.20, 4.53, 2.00, 2.74, 1.42, 2.53

2.60, 1.57, 2.57, 2.87, 4.50, 2.13, 3.14, 4.24, 3.95, 1.62, 4.20, 4.54, 1.99, 2.73, 1.39, 2.53

2.49, 1.57, 2.59, 2.83, 4.47, 2.12, 3.15, 4.21, 3.94, 1.63, 4.20, 4.53, 1.99, 2.75, 1.44, 2.52

2.74, 1.53, 2.59, 2.85, 4.47, 2.17, 3.15, 4.24, 3.96, 1.62, 4.20, 4.54, 1.99, 2.74, 1.39, 2.52

2.58, 1.55, 2.61, 2.85, 4.49, 2.13, 3.16, 4.22, 3.95, 1.61, 4.21, 4.55, 1.99, 2.76, 1.38, 2.52

2.61, 1.55, 2.65, 2.83, 4.46, 2.12, 3.14, 4.24, 3.95, 1.63, 4.21, 4.55, 1.98, 2.74, 1.43, 2.54

2.62, 1.56, 2.61, 2.85, 4.48, 2.11, 3.16, 4.23, 3.97, 1.63, 4.20, 4.54, 2.00, 2.76, 1.38, 2.54

2.49, 1.56, 2.63, 2.86, 4.51, 2.13, 3.15, 4.26, 3.95, 1.61, 4.20, 4.54, 2.00, 2.75, 1.38, 2.52

2.66, 1.54, 2.66, 2.85, 4.48, 2.14, 3.16, 4.24, 3.96, 1.61, 4.19, 4.54, 2.01, 2.74, 1.44, 2.54

2.61, 1.56, 2.65, 2.85, 4.51, 2.16, 3.15, 4.25, 3.94, 1.63, 4.21, 4.54, 1.99, 2.75, 1.39, 2.53

2.50, 1.55, 2.60, 2.85, 4.49, 2.11, 3.15, 4.18, 3.94, 1.63, 4.21, 4.56, 1.99, 2.75, 1.41, 2.54

2.50, 1.54, 2.59, 2.83, 4.50, 2.13, 3.15, 4.23, 3.96, 1.62, 4.20, 4.55, 2.01, 2.74, 1.42, 2.51

2.55, 1.55, 2.60, 2.82, 4.49, 2.12, 3.14, 4.24, 3.94, 1.62, 4.20, 4.53, 1.99, 2.75, 1.40, 2.51

2.63, 1.52, 2.64, 2.83, 4.48, 2.17, 3.14, 4.23, 3.94, 1.62, 4.21, 4.52, 2.02, 2.74, 1.40, 2.52

2.60, 1.57, 2.63, 2.86, 4.49, 2.13, 3.12, 4.22, 3.94, 1.63, 4.21, 4.53, 1.97, 2.75, 1.39, 2.52

2.60, 1.56, 2.60, 2.84, 4.50, 2.12, 3.14, 4.21, 3.95, 1.62, 4.20, 4.54, 1.99, 2.72, 1.41, 2.54

2.57, 1.56, 2.64, 2.85, 4.49, 2.13, 3.17, 4.25, 3.93, 1.62, 4.20, 4.54, 2.01, 2.74, 1.40, 2.51

2.50, 1.55, 2.64, 2.85, 4.51, 2.12, 3.16, 4.23, 3.95, 1.63, 4.20, 4.55, 1.99, 2.74, 1.39, 2.52

2.66, 1.56, 2.64, 2.84, 4.50, 2.12, 3.14, 4.22, 3.94, 1.63, 4.20, 4.55, 1.99, 2.74, 1.42, 2.51

2.51, 1.56, 2.61, 2.84, 4.49, 2.18, 3.14, 4.20, 3.96, 1.62, 4.21, 4.54, 1.98, 2.75, 1.42, 2.53

2.67, 1.54, 2.62, 2.85, 4.49, 2.13, 3.15, 4.23, 3.94, 1.64, 4.20, 4.55, 2.00, 2.75, 1.42, 2.51

2.39, 1.56, 2.63, 2.84, 4.47, 2.16, 3.16, 4.23, 3.94, 1.63, 4.21, 4.55, 2.00, 2.75, 1.39, 2.54

2.57, 1.57, 2.60, 2.84, 4.47, 2.12, 3.16, 4.24, 3.93, 1.64, 4.20, 4.53, 1.96, 2.75, 1.42, 2.52

2.56, 1.55, 2.61, 2.83, 4.51, 2.16, 3.14, 4.23, 3.94, 1.63, 4.20, 4.54, 1.99, 2.73, 1.39, 2.54

2.61, 1.55, 2.59, 2.83, 4.50, 2.13, 3.14, 4.21, 3.96, 1.62, 4.20, 4.55, 1.99, 2.73, 1.42, 2.52

2.64, 1.54, 2.66, 2.82, 4.48, 2.15, 3.16, 4.23, 3.94, 1.63, 4.20, 4.54, 1.99, 2.75, 1.42, 2.51

2.68, 1.54, 2.62, 2.84, 4.46, 2.15, 3.16, 4.23, 3.95, 1.62, 4.20, 4.54, 1.99, 2.74, 1.42, 2.52

2.68, 1.56, 2.66, 2.84, 4.50, 2.15, 3.17, 4.24, 3.96, 1.62, 4.21, 4.54, 1.99, 2.75, 1.39, 2.52

2.58, 1.54, 2.57, 2.86, 4.51, 2.14, 3.14, 4.24, 3.96, 1.63, 4.20, 4.56, 1.99, 2.75, 1.39, 2.52

2.70, 1.54, 2.59, 2.83, 4.47, 2.13, 3.15, 4.22, 3.93, 1.63, 4.20, 4.53, 2.00, 2.75, 1.39, 2.52

2.68, 1.55, 2.63, 2.82, 4.48, 2.12, 3.15, 4.23, 3.95, 1.64, 4.21, 4.57, 1.98, 2.75, 1.41, 2.50

2.68, 1.55, 2.65, 2.83, 4.49, 2.13, 3.14, 4.20, 3.93, 1.62, 4.21, 4.55, 2.00, 2.74, 1.44, 2.52

2.53, 1.56, 2.65, 2.86, 4.46, 2.14, 3.15, 4.21, 3.94, 1.63, 4.21, 4.53, 2.00, 2.75, 1.41, 2.53

2.62, 1.58, 2.63, 2.84, 4.50, 2.14, 3.17, 4.19, 3.94, 1.63, 4.20, 4.55, 1.98, 2.77, 1.39, 2.53

2.67, 1.55, 2.60, 2.83, 4.50, 2.14, 3.14, 4.25, 3.94, 1.62, 4.21, 4.56, 2.00, 2.75, 1.42, 2.53

2.71, 1.54, 2.60, 2.82, 4.51, 2.12, 3.13, 4.24, 3.95, 1.63, 4.19, 4.54, 1.99, 2.73, 1.43, 2.54

2.61, 1.54, 2.60, 2.85, 4.50, 2.14, 3.15, 4.24, 3.94, 1.62, 4.21, 4.55, 2.01, 2.74, 1.39, 2.52

2.58, 1.56, 2.59, 2.84, 4.49, 2.14, 3.13, 4.21, 3.93, 1.61, 4.21, 4.54, 1.98, 2.74, 1.42, 2.53

2.66, 1.55, 2.59, 2.85, 4.51, 2.15, 3.15, 4.22, 3.95, 1.62, 4.22, 4.54, 2.01, 2.75, 1.45, 2.52

2.58, 1.54, 2.59, 2.86, 4.46, 2.17, 3.16, 4.22, 3.97, 1.64, 4.21, 4.52, 1.98, 2.73, 1.42, 2.52

2.58, 1.56, 2.58, 2.86, 4.49, 2.14, 3.15, 4.17, 3.94, 1.63, 4.21, 4.54, 2.00, 2.74, 1.41, 2.54

2.49, 1.55, 2.57, 2.85, 4.49, 2.11, 3.16, 4.25, 3.96, 1.62, 4.21, 4.55, 2.00, 2.74, 1.39, 2.52

2.66, 1.54, 2.64, 2.86, 4.46, 2.13, 3.13, 4.24, 3.96, 1.62, 4.20, 4.56, 2.01, 2.74, 1.40, 2.51

2.62, 1.56, 2.68, 2.84, 4.49, 2.15, 3.12, 4.25, 3.94, 1.61, 4.21, 4.53, 2.00, 2.75, 1.41, 2.54

2.57, 1.57, 2.66, 2.84, 4.51, 2.13, 3.14, 4.24, 3.94, 1.63, 4.21, 4.53, 1.98, 2.75, 1.42, 2.51

2.53, 1.56, 2.61, 2.83, 4.50, 2.13, 3.16, 4.22, 3.94, 1.61, 4.19, 4.53, 1.99, 2.76, 1.40, 2.54

2.64, 1.55, 2.65, 2.83, 4.48, 2.13, 3.16, 4.22, 3.95, 1.63, 4.19, 4.55, 2.00, 2.74, 1.40, 2.52

2.67, 1.55, 2.63, 2.85, 4.49, 2.16, 3.17, 4.21, 3.95, 1.63, 4.21, 4.56, 1.98, 2.73, 1.41, 2.53

2.50, 1.55, 2.62, 2.81, 4.49, 2.13, 3.15, 4.25, 3.95, 1.62, 4.21, 4.55, 1.99, 2.76, 1.41, 2.54

2.65, 1.56, 2.66, 2.85, 4.49, 2.13, 3.14, 4.21, 3.95, 1.63, 4.21, 4.55, 1.98, 2.74, 1.43, 2.52

2.60, 1.55, 2.58, 2.82, 4.47, 2.13, 3.15, 4.24, 3.95, 1.62, 4.20, 4.54, 1.99, 2.74, 1.44, 2.53

2.67, 1.54, 2.64, 2.84, 4.49, 2.16, 3.16, 4.22, 3.95, 1.64, 4.21, 4.55, 2.00, 2.76, 1.39, 2.53

2.76, 1.55, 2.61, 2.85, 4.46, 2.17, 3.16, 4.25, 3.95, 1.62, 4.21, 4.52, 1.99, 2.75, 1.43, 2.53

2.59, 1.54, 2.64, 2.83, 4.50, 2.14, 3.15, 4.20, 3.93, 1.63, 4.20, 4.56, 1.98, 2.75, 1.40, 2.53

2.57, 1.54, 2.64, 2.86, 4.46, 2.13, 3.14, 4.22, 3.95, 1.63, 4.19, 4.55, 1.99, 2.73, 1.44, 2.54

2.65, 1.54, 2.65, 2.83, 4.46, 2.13, 3.14, 4.20, 3.95, 1.61, 4.20, 4.56, 1.99, 2.73, 1.42, 2.52

2.54, 1.55, 2.60, 2.84, 4.50, 2.13, 3.13, 4.24, 3.94, 1.63, 4.20, 4.54, 2.00, 2.73, 1.40, 2.52

2.68, 1.54, 2.59, 2.81, 4.48, 2.13, 3.16, 4.24, 3.95, 1.62, 4.19, 4.56, 1.99, 2.75, 1.44, 2.52

2.63, 1.54, 2.61, 2.84, 4.49, 2.14, 3.15, 4.21, 3.94, 1.62, 4.18, 4.56, 2.01, 2.75, 1.38, 2.52

2.69, 1.55, 2.63, 2.84, 4.48, 2.17, 3.15, 4.24, 3.97, 1.62, 4.21, 4.55, 2.00, 2.75, 1.40, 2.50

2.61, 1.55, 2.63, 2.84, 4.47, 2.15, 3.16, 4.25, 3.94, 1.62, 4.20, 4.54, 1.99, 2.76, 1.39, 2.52

2.49, 1.55, 2.61, 2.83, 4.50, 2.14, 3.16, 4.23, 3.96, 1.63, 4.20, 4.53, 1.99, 2.74, 1.44, 2.54

2.53, 1.55, 2.65, 2.83, 4.48, 2.18, 3.17, 4.19, 3.96, 1.62, 4.21, 4.54, 2.00, 2.72, 1.40, 2.51

2.68, 1.54, 2.64, 2.84, 4.47, 2.13, 3.17, 4.26, 3.95, 1.62, 4.20, 4.54, 1.99, 2.76, 1.40, 2.53

2.57, 1.54, 2.64, 2.83, 4.50, 2.16, 3.16, 4.23, 3.95, 1.62, 4.22, 4.53, 1.99, 2.74, 1.40, 2.51

2.59, 1.54, 2.62, 2.83, 4.50, 2.13, 3.15, 4.21, 3.95, 1.62, 4.20, 4.54, 1.98, 2.74, 1.42, 2.52

2.61, 1.55, 2.64, 2.83, 4.51, 2.15, 3.15, 4.22, 3.95, 1.64, 4.19, 4.56, 2.00, 2.74, 1.44, 2.53

2.65, 1.57, 2.59, 2.83, 4.48, 2.14, 3.15, 4.22, 3.95, 1.62, 4.19, 4.54, 1.98, 2.74, 1.43, 2.53

2.57, 1.55, 2.63, 2.83, 4.46, 2.14, 3.15, 4.24, 3.95, 1.62, 4.20, 4.55, 1.99, 2.73, 1.44, 2.50

2.74, 1.56, 2.62, 2.85, 4.49, 2.12, 3.17, 4.24, 3.95, 1.61, 4.21, 4.54, 1.97, 2.73, 1.39, 2.51

2.67, 1.54, 2.62, 2.83, 4.46, 2.14, 3.16, 4.23, 3.94, 1.63, 4.21, 4.53, 2.00, 2.75, 1.42, 2.53

2.64, 1.54, 2.66, 2.82, 4.47, 2.13, 3.17, 4.25, 3.95, 1.62, 4.20, 4.54, 1.98, 2.75, 1.41, 2.53

2.69, 1.56, 2.62, 2.85, 4.46, 2.13, 3.15, 4.23, 3.95, 1.64, 4.21, 4.54, 1.99, 2.74, 1.41, 2.52

2.56, 1.56, 2.63, 2.85, 4.49, 2.13, 3.14, 4.22, 3.96, 1.61, 4.20, 4.54, 1.99, 2.74, 1.40, 2.52

2.72, 1.56, 2.57, 2.82, 4.49, 2.14, 3.14, 4.26, 3.94, 1.62, 4.19, 4.54, 2.00, 2.75, 1.39, 2.51

2.62, 1.54, 2.65, 2.84, 4.49, 2.13, 3.15, 4.24, 3.95, 1.63, 4.21, 4.54, 1.98, 2.74, 1.42, 2.51

2.70, 1.56, 2.59, 2.86, 4.49, 2.13, 3.16, 4.23, 3.95, 1.62, 4.20, 4.54, 1.99, 2.74, 1.40, 2.51

2.63, 1.56, 2.62, 2.83, 4.49, 2.15, 3.14, 4.23, 3.95, 1.64, 4.21, 4.55, 2.00, 2.74, 1.44, 2.52

2.53, 1.55, 2.59, 2.85, 4.49, 2.13, 3.14, 4.23, 3.94, 1.63, 4.20, 4.54, 1.99, 2.74, 1.41, 2.52

2.78, 1.56, 2.63, 2.85, 4.50, 2.17, 3.15, 4.22, 3.95, 1.62, 4.20, 4.54, 1.98, 2.75, 1.41, 2.50

2.57, 1.55, 2.58, 2.85, 4.49, 2.15, 3.16, 4.22, 3.95, 1.61, 4.22, 4.53, 1.99, 2.75, 1.41, 2.51

2.50, 1.55, 2.59, 2.82, 4.51, 2.16, 3.15, 4.21, 3.94, 1.63, 4.20, 4.55, 1.99, 2.73, 1.41, 2.54

2.50, 1.55, 2.65, 2.84, 4.50, 2.13, 3.15, 4.21, 3.95, 1.63, 4.21, 4.52, 2.00, 2.74, 1.45, 2.54

2.56, 1.53, 2.55, 2.83, 4.49, 2.14, 3.15, 4.24, 3.95, 1.63, 4.21, 4.56, 1.98, 2.73, 1.39, 2.52

2.66, 1.53, 2.59, 2.84, 4.46, 2.12, 3.14, 4.25, 3.95, 1.63, 4.20, 4.53, 2.00, 2.75, 1.44, 2.54

2.68, 1.56, 2.66, 2.83, 4.47, 2.13, 3.14, 4.22, 3.95, 1.63, 4.20, 4.54, 1.98, 2.74, 1.41, 2.52

2.55, 1.56, 2.63, 2.85, 4.48, 2.13, 3.17, 4.26, 3.94, 1.62, 4.21, 4.54, 1.98, 2.75, 1.39, 2.53

2.79, 1.55, 2.61, 2.84, 4.46, 2.14, 3.15, 4.20, 3.93, 1.61, 4.19, 4.55, 2.00, 2.74, 1.44, 2.51

2.49, 1.54, 2.63, 2.83, 4.48, 2.16, 3.17, 4.21, 3.96, 1.63, 4.20, 4.54, 2.01, 2.73, 1.42, 2.52

2.68, 1.55, 2.62, 2.86, 4.49, 2.13, 3.15, 4.22, 3.96, 1.62, 4.20, 4.54, 2.00, 2.74, 1.40, 2.54

2.63, 1.54, 2.64, 2.85, 4.50, 2.13, 3.14, 4.22, 3.94, 1.63, 4.20, 4.54, 1.99, 2.75, 1.40, 2.53

2.61, 1.56, 2.59, 2.83, 4.51, 2.14, 3.18, 4.23, 3.94, 1.63, 4.20, 4.53, 1.99, 2.74, 1.39, 2.53

2.58, 1.54, 2.60, 2.85, 4.51, 2.14, 3.16, 4.24, 3.94, 1.63, 4.21, 4.55, 1.98, 2.74, 1.42, 2.52

2.59, 1.56, 2.60, 2.83, 4.47, 2.13, 3.15, 4.20, 3.95, 1.62, 4.20, 4.53, 2.00, 2.74, 1.37, 2.52

2.67, 1.54, 2.65, 2.84, 4.49, 2.16, 3.14, 4.25, 3.94, 1.64, 4.20, 4.55, 1.99, 2.73, 1.39, 2.51

2.49, 1.57, 2.64, 2.83, 4.48, 2.13, 3.13, 4.22, 3.95, 1.61, 4.20, 4.55, 1.98, 2.75, 1.41, 2.51

2.62, 1.56, 2.64, 2.85, 4.49, 2.16, 3.15, 4.22, 3.95, 1.62, 4.21, 4.54, 2.00, 2.75, 1.44, 2.53

2.62, 1.55, 2.63, 2.85, 4.48, 2.12, 3.14, 4.23, 3.94, 1.62, 4.21, 4.56, 1.99, 2.75, 1.43, 2.51

2.66, 1.55, 2.65, 2.84, 4.46, 2.14, 3.16, 4.22, 3.95, 1.62, 4.19, 4.54, 1.98, 2.74, 1.40, 2.50

2.66, 1.57, 2.64, 2.85, 4.51, 2.14, 3.13, 4.23, 3.95, 1.61, 4.21, 4.54, 1.98, 2.75, 1.43, 2.52

2.51, 1.57, 2.62, 2.85, 4.48, 2.13, 3.16, 4.23, 3.94, 1.63, 4.21, 4.56, 2.00, 2.73, 1.44, 2.53

2.53, 1.56, 2.61, 2.84, 4.52, 2.14, 3.16, 4.25, 3.95, 1.62, 4.20, 4.54, 1.99, 2.75, 1.42, 2.51

2.57, 1.55, 2.58, 2.84, 4.49, 2.14, 3.14, 4.23, 3.95, 1.62, 4.20, 4.55, 1.98, 2.75, 1.42, 2.51

2.64, 1.55, 2.63, 2.84, 4.48, 2.15, 3.15, 4.22, 3.95, 1.62, 4.21, 4.55, 1.97, 2.75, 1.38, 2.52

2.65, 1.56, 2.65, 2.86, 4.49, 2.17, 3.12, 4.23, 3.95, 1.63, 4.20, 4.53, 1.99, 2.74, 1.42, 2.52

2.60, 1.57, 2.61, 2.83, 4.51, 2.14, 3.14, 4.24, 3.94, 1.63, 4.20, 4.56, 1.99, 2.73, 1.38, 2.52

2.57, 1.54, 2.59, 2.84, 4.46, 2.16, 3.14, 4.25, 3.94, 1.63, 4.19, 4.53, 2.00, 2.75, 1.43, 2.52

2.50, 1.55, 2.60, 2.85, 4.49, 2.16, 3.15, 4.22, 3.94, 1.63, 4.21, 4.55, 1.99, 2.75, 1.42, 2.52

2.46, 1.54, 2.62, 2.83, 4.49, 2.13, 3.15, 4.23, 3.94, 1.62, 4.20, 4.56, 2.00, 2.75, 1.38, 2.51

2.64, 1.55, 2.63, 2.85, 4.50, 2.14, 3.15, 4.20, 3.95, 1.62, 4.22, 4.53, 2.00, 2.74, 1.40, 2.52

2.56, 1.53, 2.60, 2.83, 4.49, 2.13, 3.14, 4.21, 3.95, 1.62, 4.20, 4.55, 1.99, 2.74, 1.43, 2.54

2.56, 1.56, 2.61, 2.83, 4.50, 2.13, 3.15, 4.23, 3.94, 1.64, 4.21, 4.55, 1.99, 2.77, 1.42, 2.54

2.70, 1.54, 2.65, 2.83, 4.50, 2.13, 3.14, 4.21, 3.95, 1.62, 4.20, 4.54, 1.99, 2.74, 1.39, 2.51

2.66, 1.55, 2.63, 2.84, 4.47, 2.12, 3.15, 4.20, 3.96, 1.63, 4.21, 4.55, 2.01, 2.73, 1.43, 2.53

2.67, 1.54, 2.62, 2.84, 4.47, 2.13, 3.17, 4.21, 3.95, 1.63, 4.21, 4.56, 1.97, 2.74, 1.43, 2.52

2.58, 1.54, 2.62, 2.84, 4.47, 2.14, 3.16, 4.22, 3.95, 1.62, 4.20, 4.54, 2.01, 2.74, 1.40, 2.52

2.59, 1.54, 2.61, 2.85, 4.49, 2.13, 3.15, 4.23, 3.95, 1.63, 4.21, 4.56, 2.00, 2.75, 1.45, 2.52

2.67, 1.56, 2.62, 2.85, 4.52, 2.17, 3.15, 4.25, 3.94, 1.62, 4.21, 4.55, 2.00, 2.75, 1.39, 2.51

2.49, 1.55, 2.63, 2.83, 4.50, 2.17, 3.15, 4.23, 3.95, 1.63, 4.20, 4.55, 1.98, 2.74, 1.39, 2.52

2.51, 1.54, 2.60, 2.82, 4.49, 2.15, 3.14, 4.21, 3.96, 1.62, 4.20, 4.56, 2.00, 2.73, 1.43, 2.53

2.59, 1.53, 2.61, 2.83, 4.47, 2.16, 3.16, 4.23, 3.93, 1.63, 4.20, 4.54, 1.98, 2.72, 1.42, 2.51

2.68, 1.54, 2.66, 2.84, 4.51, 2.19, 3.15, 4.20, 3.94, 1.63, 4.21, 4.56, 1.99, 2.74, 1.40, 2.52

2.56, 1.55, 2.66, 2.84, 4.47, 2.15, 3.17, 4.22, 3.94, 1.61, 4.20, 4.55, 2.00, 2.74, 1.41, 2.51

2.66, 1.56, 2.60, 2.85, 4.47, 2.17, 3.15, 4.22, 3.95, 1.63, 4.21, 4.56, 1.99, 2.74, 1.42, 2.52

2.57, 1.57, 2.62, 2.83, 4.47, 2.14, 3.14, 4.21, 3.96, 1.63, 4.19, 4.55, 2.00, 2.74, 1.41, 2.52

2.74, 1.55, 2.59, 2.84, 4.46, 2.17, 3.14, 4.22, 3.95, 1.63, 4.21, 4.54, 2.00, 2.75, 1.39, 2.52

2.65, 1.56, 2.63, 2.85, 4.49, 2.15, 3.15, 4.26, 3.96, 1.62, 4.21, 4.53, 1.99, 2.73, 1.39, 2.53

2.50, 1.54, 2.64, 2.83, 4.46, 2.16, 3.14, 4.23, 3.95, 1.62, 4.20, 4.53, 2.00, 2.74, 1.42, 2.51

2.58, 1.55, 2.59, 2.83, 4.51, 2.13, 3.14, 4.22, 3.96, 1.62, 4.21, 4.53, 2.00, 2.73, 1.45, 2.52

2.51, 1.56, 2.60, 2.84, 4.48, 2.14, 3.16, 4.24, 3.94, 1.62, 4.21, 4.54, 1.99, 2.74, 1.44, 2.53

2.56, 1.52, 2.61, 2.83, 4.48, 2.14, 3.19, 4.24, 3.96, 1.62, 4.20, 4.52, 2.00, 2.73, 1.40, 2.52

2.59, 1.54, 2.58, 2.84, 4.48, 2.17, 3.15, 4.22, 3.95, 1.61, 4.19, 4.55, 1.99, 2.74, 1.40, 2.53

2.66, 1.55, 2.62, 2.84, 4.48, 2.11, 3.17, 4.23, 3.95, 1.64, 4.20, 4.53, 2.00, 2.73, 1.40, 2.51

2.54, 1.54, 2.63, 2.82, 4.48, 2.12, 3.16, 4.24, 3.95, 1.64, 4.20, 4.54, 1.99, 2.74, 1.42, 2.53

2.67, 1.53, 2.59, 2.83, 4.48, 2.15, 3.15, 4.21, 3.96, 1.63, 4.21, 4.54, 1.99, 2.73, 1.41, 2.54

2.69, 1.55, 2.65, 2.84, 4.47, 2.17, 3.15, 4.23, 3.94, 1.62, 4.21, 4.54, 2.00, 2.73, 1.44, 2.51

2.61, 1.56, 2.64, 2.85, 4.50, 2.14, 3.17, 4.24, 3.95, 1.63, 4.20, 4.54, 1.99, 2.74, 1.38, 2.53

2.51, 1.57, 2.59, 2.84, 4.48, 2.14, 3.15, 4.23, 3.94, 1.62, 4.20, 4.54, 2.00, 2.75, 1.41, 2.53

2.68, 1.53, 2.60, 2.83, 4.48, 2.14, 3.13, 4.24, 3.96, 1.63, 4.20, 4.56, 1.98, 2.75, 1.44, 2.51

2.60, 1.53, 2.63, 2.85, 4.51, 2.17, 3.13, 4.21, 3.95, 1.62, 4.21, 4.57, 1.99, 2.74, 1.39, 2.51

2.50, 1.53, 2.63, 2.84, 4.45, 2.15, 3.16, 4.22, 3.94, 1.62, 4.21, 4.55, 1.97, 2.74, 1.40, 2.53

2.63, 1.56, 2.60, 2.85, 4.51, 2.15, 3.17, 4.24, 3.96, 1.63, 4.20, 4.54, 2.00, 2.75, 1.38, 2.54

2.50, 1.55, 2.63, 2.84, 4.51, 2.12, 3.17, 4.22, 3.94, 1.63, 4.20, 4.53, 1.99, 2.73, 1.41, 2.52

2.66, 1.54, 2.62, 2.85, 4.48, 2.17, 3.16, 4.22, 3.94, 1.63, 4.20, 4.53, 1.99, 2.73, 1.40, 2.55

2.66, 1.57, 2.60, 2.84, 4.49, 2.13, 3.17, 4.20, 3.95, 1.62, 4.20, 4.56, 2.00, 2.74, 1.37, 2.55

2.66, 1.54, 2.61, 2.82, 4.49, 2.17, 3.14, 4.23, 3.96, 1.62, 4.19, 4.55, 2.00, 2.73, 1.39, 2.52

2.63, 1.56, 2.65, 2.84, 4.47, 2.14, 3.16, 4.19, 3.94, 1.62, 4.22, 4.56, 1.99, 2.75, 1.41, 2.53

2.63, 1.53, 2.64, 2.83, 4.49, 2.12, 3.15, 4.19, 3.95, 1.62, 4.20, 4.54, 1.99, 2.74, 1.43, 2.52

2.60, 1.55, 2.64, 2.86, 4.49, 2.17, 3.16, 4.22, 3.95, 1.63, 4.20, 4.54, 2.00, 2.75, 1.38, 2.50

2.63, 1.55, 2.61, 2.84, 4.49, 2.16, 3.18, 4.24, 3.94, 1.62, 4.20, 4.53, 2.00, 2.75, 1.39, 2.53

2.62, 1.56, 2.62, 2.84, 4.50, 2.13, 3.14, 4.16, 3.94, 1.62, 4.20, 4.54, 1.99, 2.76, 1.40, 2.53

2.68, 1.55, 2.61, 2.84, 4.49, 2.18, 3.14, 4.23, 3.94, 1.62, 4.21, 4.56, 2.00, 2.74, 1.42, 2.51

2.62, 1.55, 2.64, 2.83, 4.47, 2.13, 3.15, 4.24, 3.95, 1.62, 4.20, 4.54, 2.00, 2.73, 1.42, 2.53

2.66, 1.55, 2.62, 2.84, 4.50, 2.16, 3.17, 4.23, 3.94, 1.62, 4.20, 4.54, 2.00, 2.74, 1.41, 2.53

2.64, 1.55, 2.67, 2.82, 4.51, 2.15, 3.16, 4.23, 3.95, 1.63, 4.21, 4.56, 2.00, 2.73, 1.40, 2.53

2.59, 1.55, 2.58, 2.83, 4.50, 2.13, 3.15, 4.23, 3.94, 1.62, 4.21, 4.55, 2.00, 2.75, 1.43, 2.53

2.63, 1.57, 2.60, 2.85, 4.48, 2.18, 3.14, 4.21, 3.94, 1.63, 4.20, 4.55, 1.98, 2.72, 1.43, 2.51

2.53, 1.56, 2.65, 2.84, 4.47, 2.13, 3.14, 4.20, 3.95, 1.62, 4.20, 4.54, 2.00, 2.74, 1.42, 2.52

2.58, 1.56, 2.58, 2.81, 4.46, 2.13, 3.17, 4.24, 3.96, 1.63, 4.20, 4.54, 1.99, 2.72, 1.39, 2.52

2.64, 1.55, 2.63, 2.83, 4.49, 2.14, 3.17, 4.22, 3.94, 1.62, 4.20, 4.53, 1.99, 2.75, 1.42, 2.52

2.50, 1.56, 2.57, 2.84, 4.50, 2.14, 3.15, 4.20, 3.94, 1.62, 4.20, 4.52, 1.98, 2.74, 1.39, 2.53

2.58, 1.54, 2.61, 2.84, 4.51, 2.16, 3.15, 4.21, 3.94, 1.64, 4.19, 4.54, 2.00, 2.73, 1.40, 2.53

2.50, 1.55, 2.58, 2.85, 4.49, 2.17, 3.19, 4.22, 3.95, 1.63, 4.20, 4.55, 1.99, 2.74, 1.40, 2.54

2.57, 1.56, 2.62, 2.84, 4.49, 2.12, 3.13, 4.24, 3.95, 1.62, 4.20, 4.55, 1.98, 2.74, 1.40, 2.53

2.55, 1.56, 2.62, 2.83, 4.50, 2.13, 3.15, 4.21, 3.97, 1.61, 4.20, 4.55, 2.00, 2.74, 1.41, 2.52

2.63, 1.53, 2.62, 2.82, 4.48, 2.15, 3.15, 4.24, 3.94, 1.62, 4.19, 4.54, 1.99, 2.76, 1.41, 2.52

2.53, 1.54, 2.64, 2.84, 4.47, 2.17, 3.15, 4.25, 3.95, 1.62, 4.20, 4.55, 1.98, 2.74, 1.43, 2.53

2.63, 1.52, 2.61, 2.85, 4.48, 2.17, 3.14, 4.21, 3.93, 1.63, 4.21, 4.54, 1.99, 2.73, 1.42, 2.52

2.66, 1.55, 2.60, 2.85, 4.51, 2.15, 3.15, 4.22, 3.95, 1.61, 4.20, 4.55, 2.00, 2.76, 1.39, 2.51

2.65, 1.55, 2.59, 2.84, 4.50, 2.16, 3.15, 4.25, 3.95, 1.62, 4.21, 4.54, 2.00, 2.75, 1.41, 2.55

2.67, 1.56, 2.63, 2.87, 4.50, 2.13, 3.17, 4.24, 3.95, 1.63, 4.19, 4.54, 1.99, 2.74, 1.40, 2.53

2.50, 1.54, 2.59, 2.83, 4.48, 2.12, 3.16, 4.23, 3.96, 1.62, 4.20, 4.54, 1.99, 2.74, 1.40, 2.53

2.65, 1.56, 2.64, 2.83, 4.46, 2.14, 3.15, 4.22, 3.95, 1.60, 4.21, 4.55, 2.00, 2.75, 1.44, 2.52

2.75, 1.54, 2.63, 2.84, 4.47, 2.14, 3.14, 4.23, 3.93, 1.63, 4.19, 4.54, 1.99, 2.72, 1.44, 2.52

2.67, 1.55, 2.66, 2.85, 4.48, 2.13, 3.14, 4.19, 3.96, 1.61, 4.22, 4.54, 1.99, 2.75, 1.39, 2.52

2.60, 1.55, 2.60, 2.84, 4.50, 2.14, 3.15, 4.22, 3.95, 1.61, 4.20, 4.54, 1.99, 2.72, 1.40, 2.54

2.57, 1.56, 2.65, 2.84, 4.49, 2.16, 3.14, 4.22, 3.94, 1.63, 4.21, 4.55, 1.99, 2.73, 1.40, 2.52

2.60, 1.56, 2.62, 2.83, 4.48, 2.15, 3.15, 4.22, 3.94, 1.62, 4.21, 4.53, 1.99, 2.75, 1.44, 2.52

2.60, 1.52, 2.64, 2.85, 4.48, 2.18, 3.16, 4.25, 3.94, 1.62, 4.20, 4.53, 2.00, 2.74, 1.41, 2.52

2.56, 1.55, 2.58, 2.84, 4.50, 2.15, 3.14, 4.26, 3.96, 1.63, 4.21, 4.56, 2.00, 2.75, 1.39, 2.54

2.55, 1.55, 2.65, 2.84, 4.49, 2.17, 3.16, 4.24, 3.96, 1.62, 4.20, 4.54, 1.99, 2.74, 1.39, 2.50

2.62, 1.53, 2.66, 2.83, 4.51, 2.16, 3.16, 4.24, 3.95, 1.62, 4.21, 4.54, 2.00, 2.75, 1.42, 2.55

2.56, 1.54, 2.58, 2.84, 4.49, 2.14, 3.14, 4.20, 3.93, 1.64, 4.20, 4.56, 1.99, 2.73, 1.38, 2.53

2.58, 1.55, 2.62, 2.84, 4.49, 2.14, 3.16, 4.24, 3.93, 1.63, 4.21, 4.55, 2.00, 2.74, 1.44, 2.53

2.61, 1.55, 2.60, 2.84, 4.47, 2.12, 3.15, 4.23, 3.94, 1.62, 4.20, 4.56, 1.99, 2.74, 1.40, 2.53

2.65, 1.54, 2.59, 2.83, 4.46, 2.15, 3.15, 4.23, 3.95, 1.62, 4.21, 4.54, 2.02, 2.74, 1.43, 2.51

2.49, 1.55, 2.62, 2.85, 4.51, 2.14, 3.15, 4.20, 3.96, 1.61, 4.22, 4.56, 2.00, 2.74, 1.38, 2.52

2.57, 1.55, 2.65, 2.84, 4.47, 2.12, 3.15, 4.22, 3.94, 1.63, 4.20, 4.55, 2.01, 2.75, 1.41, 2.53

2.51, 1.56, 2.63, 2.85, 4.50, 2.16, 3.14, 4.22, 3.94, 1.63, 4.20, 4.54, 1.99, 2.74, 1.40, 2.53

2.53, 1.53, 2.62, 2.82, 4.49, 2.15, 3.16, 4.23, 3.94, 1.64, 4.21, 4.56, 2.00, 2.74, 1.43, 2.53

2.45, 1.55, 2.64, 2.85, 4.47, 2.13, 3.16, 4.23, 3.95, 1.63, 4.19, 4.54, 2.00, 2.75, 1.39, 2.51

2.60, 1.53, 2.59, 2.84, 4.50, 2.13, 3.15, 4.20, 3.96, 1.63, 4.20, 4.55, 2.00, 2.74, 1.43, 2.54

2.57, 1.55, 2.64, 2.83, 4.48, 2.15, 3.16, 4.24, 3.96, 1.63, 4.21, 4.54, 1.99, 2.73, 1.43, 2.52

2.64, 1.56, 2.62, 2.86, 4.49, 2.15, 3.13, 4.27, 3.95, 1.62, 4.21, 4.55, 2.00, 2.74, 1.39, 2.53

2.51, 1.55, 2.57, 2.85, 4.50, 2.14, 3.15, 4.21, 3.96, 1.62, 4.20, 4.54, 2.00, 2.74, 1.44, 2.54

2.63, 1.55, 2.66, 2.82, 4.49, 2.13, 3.14, 4.21, 3.94, 1.62, 4.21, 4.55, 2.00, 2.72, 1.41, 2.51

2.59, 1.56, 2.64, 2.85, 4.48, 2.12, 3.14, 4.18, 3.95, 1.61, 4.21, 4.55, 1.98, 2.74, 1.40, 2.53

2.67, 1.57, 2.60, 2.84, 4.49, 2.15, 3.17, 4.22, 3.95, 1.63, 4.20, 4.55, 2.00, 2.73, 1.44, 2.50

2.61, 1.55, 2.61, 2.83, 4.50, 2.13, 3.15, 4.21, 3.95, 1.63, 4.20, 4.54, 1.99, 2.75, 1.42, 2.52

2.61, 1.55, 2.65, 2.84, 4.48, 2.16, 3.15, 4.22, 3.95, 1.62, 4.22, 4.54, 2.00, 2.75, 1.41, 2.51

2.63, 1.57, 2.65, 2.85, 4.48, 2.14, 3.16, 4.22, 3.94, 1.62, 4.19, 4.55, 2.00, 2.74, 1.41, 2.52

2.51, 1.56, 2.61, 2.85, 4.49, 2.16, 3.16, 4.21, 3.94, 1.63, 4.21, 4.55, 1.98, 2.75, 1.43, 2.52

2.57, 1.55, 2.59, 2.84, 4.47, 2.12, 3.15, 4.23, 3.95, 1.62, 4.19, 4.55, 1.99, 2.74, 1.41, 2.52

2.56, 1.54, 2.62, 2.85, 4.48, 2.14, 3.14, 4.24, 3.95, 1.62, 4.20, 4.52, 1.99, 2.74, 1.40, 2.52

2.63, 1.55, 2.61, 2.85, 4.50, 2.16, 3.15, 4.21, 3.97, 1.61, 4.20, 4.55, 2.00, 2.74, 1.42, 2.52

2.63, 1.55, 2.64, 2.85, 4.51, 2.12, 3.12, 4.24, 3.95, 1.63, 4.21, 4.55, 1.99, 2.74, 1.39, 2.54

2.65, 1.53, 2.58, 2.84, 4.50, 2.15, 3.15, 4.22, 3.96, 1.60, 4.20, 4.54, 1.99, 2.74, 1.43, 2.52

2.58, 1.54, 2.59, 2.83, 4.47, 2.13, 3.15, 4.22, 3.95, 1.63, 4.20, 4.54, 1.99, 2.74, 1.42, 2.52

2.57, 1.55, 2.63, 2.82, 4.50, 2.14, 3.14, 4.22, 3.94, 1.63, 4.20, 4.56, 2.00, 2.74, 1.41, 2.50

2.66, 1.54, 2.65, 2.85, 4.47, 2.18, 3.17, 4.25, 3.94, 1.61, 4.20, 4.54, 2.00, 2.74, 1.43, 2.51

2.56, 1.56, 2.65, 2.83, 4.47, 2.14, 3.17, 4.25, 3.95, 1.62, 4.21, 4.55, 2.00, 2.75, 1.41, 2.52

2.61, 1.55, 2.66, 2.85, 4.49, 2.14, 3.17, 4.22, 3.95, 1.62, 4.20, 4.55, 1.99, 2.74, 1.41, 2.53

2.50, 1.57, 2.62, 2.85, 4.48, 2.13, 3.14, 4.24, 3.94, 1.62, 4.21, 4.54, 1.99, 2.75, 1.43, 2.51

2.64, 1.53, 2.59, 2.85, 4.47, 2.18, 3.13, 4.23, 3.94, 1.63, 4.20, 4.53, 1.99, 2.74, 1.43, 2.51

2.60, 1.56, 2.61, 2.85, 4.47, 2.13, 3.17, 4.25, 3.96, 1.63, 4.20, 4.53, 1.99, 2.73, 1.42, 2.51

2.69, 1.54, 2.63, 2.86, 4.46, 2.15, 3.15, 4.23, 3.95, 1.62, 4.20, 4.54, 1.99, 2.74, 1.40, 2.54

2.62, 1.56, 2.62, 2.85, 4.49, 2.17, 3.15, 4.21, 3.94, 1.63, 4.20, 4.55, 2.00, 2.75, 1.40, 2.53

2.63, 1.55, 2.59, 2.85, 4.50, 2.14, 3.17, 4.24, 3.94, 1.62, 4.19, 4.54, 1.99, 2.75, 1.41, 2.54

2.64, 1.55, 2.60, 2.84, 4.49, 2.15, 3.17, 4.19, 3.95, 1.62, 4.20, 4.54, 1.99, 2.74, 1.37, 2.53

2.61, 1.55, 2.57, 2.83, 4.47, 2.14, 3.14, 4.24, 3.95, 1.63, 4.20, 4.55, 1.99, 2.73, 1.43, 2.52

2.53, 1.55, 2.64, 2.85, 4.48, 2.17, 3.14, 4.27, 3.95, 1.61, 4.20, 4.54, 2.00, 2.74, 1.40, 2.54

2.71, 1.56, 2.62, 2.82, 4.45, 2.13, 3.17, 4.23, 3.95, 1.63, 4.20, 4.54, 1.99, 2.74, 1.43, 2.52

2.71, 1.55, 2.64, 2.85, 4.47, 2.17, 3.15, 4.20, 3.95, 1.61, 4.20, 4.56, 2.00, 2.75, 1.41, 2.52

2.64, 1.54, 2.59, 2.81, 4.47, 2.15, 3.16, 4.23, 3.95, 1.62, 4.19, 4.55, 1.99, 2.73, 1.39, 2.54

2.58, 1.55, 2.59, 2.84, 4.50, 2.15, 3.15, 4.21, 3.95, 1.61, 4.20, 4.55, 2.00, 2.73, 1.42, 2.53

2.58, 1.57, 2.65, 2.83, 4.49, 2.15, 3.17, 4.22, 3.94, 1.64, 4.20, 4.55, 2.01, 2.75, 1.40, 2.54

2.63, 1.56, 2.62, 2.83, 4.49, 2.14, 3.16, 4.21, 3.95, 1.62, 4.21, 4.55, 1.99, 2.74, 1.40, 2.54

2.66, 1.55, 2.64, 2.82, 4.48, 2.13, 3.15, 4.23, 3.95, 1.63, 4.20, 4.56, 2.00, 2.76, 1.44, 2.53

2.70, 1.54, 2.57, 2.84, 4.47, 2.12, 3.14, 4.22, 3.95, 1.63, 4.21, 4.56, 1.99, 2.72, 1.41, 2.53

2.49, 1.56, 2.62, 2.84, 4.46, 2.14, 3.14, 4.22, 3.94, 1.61, 4.20, 4.55, 1.98, 2.75, 1.39, 2.53

2.61, 1.55, 2.64, 2.83, 4.50, 2.16, 3.16, 4.23, 3.94, 1.61, 4.21, 4.53, 1.98, 2.74, 1.47, 2.52

2.60, 1.56, 2.61, 2.83, 4.51, 2.15, 3.14, 4.22, 3.95, 1.64, 4.20, 4.53, 1.99, 2.74, 1.44, 2.52

2.68, 1.56, 2.58, 2.82, 4.51, 2.12, 3.15, 4.23, 3.96, 1.61, 4.19, 4.55, 2.01, 2.73, 1.40, 2.54

2.63, 1.54, 2.62, 2.84, 4.47, 2.13, 3.16, 4.22, 3.96, 1.61, 4.22, 4.54, 2.01, 2.74, 1.41, 2.53

2.58, 1.56, 2.59, 2.85, 4.48, 2.14, 3.16, 4.22, 3.93, 1.62, 4.20, 4.54, 2.00, 2.74, 1.43, 2.51

2.54, 1.55, 2.59, 2.84, 4.51, 2.13, 3.15, 4.23, 3.93, 1.63, 4.19, 4.55, 2.00, 2.75, 1.42, 2.51

2.62, 1.55, 2.62, 2.85, 4.51, 2.13, 3.15, 4.21, 3.95, 1.62, 4.20, 4.54, 1.99, 2.74, 1.43, 2.53

2.59, 1.55, 2.67, 2.84, 4.47, 2.14, 3.13, 4.23, 3.95, 1.60, 4.20, 4.54, 1.99, 2.74, 1.39, 2.53

2.60, 1.54, 2.58, 2.84, 4.51, 2.17, 3.15, 4.23, 3.94, 1.62, 4.19, 4.54, 2.01, 2.75, 1.43, 2.52

2.52, 1.54, 2.61, 2.85, 4.51, 2.16, 3.15, 4.23, 3.95, 1.62, 4.22, 4.54, 2.00, 2.71, 1.39, 2.52

2.67, 1.55, 2.62, 2.85, 4.49, 2.12, 3.14, 4.21, 3.95, 1.63, 4.20, 4.54, 2.01, 2.75, 1.43, 2.51

2.61, 1.54, 2.58, 2.85, 4.50, 2.18, 3.13, 4.20, 3.96, 1.61, 4.20, 4.55, 1.99, 2.73, 1.40, 2.52

2.69, 1.55, 2.62, 2.84, 4.51, 2.16, 3.15, 4.24, 3.95, 1.62, 4.20, 4.54, 1.99, 2.74, 1.42, 2.53

2.50, 1.54, 2.60, 2.84, 4.48, 2.15, 3.16, 4.20, 3.94, 1.62, 4.19, 4.54, 1.99, 2.74, 1.43, 2.53

2.55, 1.54, 2.62, 2.82, 4.47, 2.15, 3.13, 4.25, 3.96, 1.63, 4.20, 4.54, 1.99, 2.76, 1.41, 2.52

2.57, 1.54, 2.61, 2.86, 4.50, 2.14, 3.15, 4.21, 3.96, 1.63, 4.20, 4.55, 1.99, 2.74, 1.40, 2.53

2.60, 1.52, 2.61, 2.85, 4.50, 2.13, 3.14, 4.25, 3.96, 1.62, 4.20, 4.54, 1.97, 2.73, 1.40, 2.54

2.68, 1.57, 2.64, 2.85, 4.50, 2.15, 3.16, 4.22, 3.96, 1.62, 4.20, 4.54, 1.99, 2.74, 1.41, 2.52

2.66, 1.56, 2.61, 2.83, 4.51, 2.13, 3.13, 4.22, 3.96, 1.62, 4.22, 4.55, 1.97, 2.74, 1.40, 2.51

2.62, 1.54, 2.58, 2.83, 4.49, 2.15, 3.14, 4.21, 3.96, 1.61, 4.21, 4.55, 1.99, 2.74, 1.44, 2.52

2.69, 1.53, 2.63, 2.83, 4.49, 2.13, 3.15, 4.22, 3.94, 1.63, 4.20, 4.54, 1.99, 2.75, 1.42, 2.53

2.57, 1.55, 2.60, 2.84, 4.50, 2.13, 3.15, 4.24, 3.95, 1.62, 4.21, 4.55, 1.97, 2.74, 1.43, 2.54

2.60, 1.54, 2.61, 2.84, 4.46, 2.13, 3.17, 4.24, 3.95, 1.62, 4.20, 4.55, 1.98, 2.75, 1.40, 2.55

2.51, 1.56, 2.63, 2.84, 4.45, 2.12, 3.16, 4.22, 3.94, 1.61, 4.19, 4.54, 1.98, 2.73, 1.43, 2.53

2.62, 1.54, 2.65, 2.83, 4.50, 2.14, 3.16, 4.22, 3.95, 1.62, 4.21, 4.53, 1.99, 2.74, 1.39, 2.52

2.57, 1.55, 2.62, 2.84, 4.46, 2.12, 3.16, 4.19, 3.93, 1.62, 4.20, 4.55, 1.99, 2.74, 1.41, 2.53

2.55, 1.56, 2.64, 2.85, 4.50, 2.15, 3.17, 4.24, 3.93, 1.62, 4.19, 4.55, 1.98, 2.75, 1.41, 2.53

2.63, 1.55, 2.63, 2.82, 4.50, 2.13, 3.14, 4.22, 3.95, 1.62, 4.19, 4.56, 1.99, 2.74, 1.39, 2.52

2.58, 1.55, 2.61, 2.83, 4.50, 2.14, 3.13, 4.24, 3.94, 1.61, 4.21, 4.54, 1.99, 2.75, 1.44, 2.54

2.68, 1.56, 2.66, 2.84, 4.48, 2.16, 3.17, 4.22, 3.95, 1.61, 4.20, 4.54, 2.00, 2.76, 1.39, 2.51

2.50, 1.52, 2.62, 2.85, 4.47, 2.16, 3.17, 4.21, 3.94, 1.61, 4.21, 4.54, 1.98, 2.75, 1.43, 2.52

2.61, 1.55, 2.58, 2.83, 4.51, 2.13, 3.16, 4.19, 3.96, 1.61, 4.22, 4.56, 1.99, 2.73, 1.43, 2.55

2.67, 1.55, 2.65, 2.85, 4.52, 2.14, 3.13, 4.24, 3.96, 1.62, 4.20, 4.53, 1.98, 2.74, 1.41, 2.52

2.67, 1.55, 2.66, 2.85, 4.47, 2.18, 3.16, 4.22, 3.96, 1.64, 4.22, 4.54, 2.00, 2.75, 1.40, 2.52

2.67, 1.56, 2.57, 2.84, 4.47, 2.15, 3.15, 4.22, 3.96, 1.63, 4.20, 4.56, 1.98, 2.74, 1.40, 2.54

2.57, 1.55, 2.59, 2.83, 4.51, 2.14, 3.16, 4.23, 3.96, 1.63, 4.20, 4.56, 2.00, 2.74, 1.42, 2.53

2.63, 1.55, 2.61, 2.82, 4.50, 2.13, 3.15, 4.23, 3.96, 1.63, 4.20, 4.56, 2.00, 2.73, 1.43, 2.51

2.61, 1.54, 2.65, 2.81, 4.46, 2.12, 3.14, 4.23, 3.93, 1.62, 4.21, 4.54, 1.99, 2.74, 1.42, 2.52

2.61, 1.57, 2.65, 2.86, 4.47, 2.17, 3.16, 4.22, 3.94, 1.62, 4.21, 4.53, 2.00, 2.73, 1.41, 2.55

2.68, 1.55, 2.55, 2.84, 4.46, 2.13, 3.16, 4.22, 3.93, 1.63, 4.20, 4.53, 2.00, 2.73, 1.40, 2.52

2.70, 1.55, 2.61, 2.82, 4.48, 2.13, 3.15, 4.21, 3.95, 1.63, 4.20, 4.54, 1.99, 2.73, 1.43, 2.52

2.63, 1.54, 2.60, 2.83, 4.51, 2.13, 3.17, 4.23, 3.94, 1.63, 4.19, 4.54, 1.99, 2.74, 1.41, 2.52

2.66, 1.54, 2.61, 2.85, 4.49, 2.13, 3.15, 4.22, 3.94, 1.63, 4.19, 4.55, 2.01, 2.74, 1.40, 2.52

2.60, 1.55, 2.60, 2.82, 4.49, 2.13, 3.16, 4.22, 3.95, 1.62, 4.21, 4.54, 2.00, 2.73, 1.43, 2.53

2.52, 1.55, 2.61, 2.84, 4.50, 2.16, 3.15, 4.22, 3.93, 1.61, 4.20, 4.54, 1.98, 2.75, 1.40, 2.53

2.49, 1.56, 2.64, 2.84, 4.52, 2.14, 3.17, 4.19, 3.96, 1.63, 4.21, 4.55, 1.99, 2.74, 1.39, 2.52

2.67, 1.56, 2.65, 2.85, 4.51, 2.14, 3.15, 4.23, 3.95, 1.62, 4.20, 4.55, 1.99, 2.74, 1.43, 2.53

2.61, 1.55, 2.63, 2.84, 4.49, 2.14, 3.15, 4.24, 3.96, 1.61, 4.20, 4.55, 1.99, 2.74, 1.43, 2.52

2.50, 1.55, 2.64, 2.84, 4.47, 2.14, 3.15, 4.23, 3.95, 1.59, 4.19, 4.55, 1.99, 2.74, 1.39, 2.53

2.67, 1.56, 2.66, 2.83, 4.49, 2.15, 3.14, 4.21, 3.95, 1.61, 4.20, 4.53, 1.98, 2.74, 1.40, 2.54

2.70, 1.53, 2.64, 2.84, 4.49, 2.14, 3.14, 4.21, 3.95, 1.64, 4.20, 4.54, 1.99, 2.73, 1.44, 2.54

2.64, 1.53, 2.62, 2.84, 4.47, 2.14, 3.15, 4.23, 3.95, 1.62, 4.20, 4.55, 2.00, 2.75, 1.40, 2.51

2.58, 1.54, 2.61, 2.84, 4.49, 2.14, 3.17, 4.20, 3.94, 1.62, 4.21, 4.55, 2.00, 2.75, 1.42, 2.54

2.68, 1.55, 2.62, 2.84, 4.48, 2.16, 3.16, 4.22, 3.95, 1.61, 4.19, 4.55, 2.00, 2.73, 1.39, 2.51

2.63, 1.55, 2.60, 2.85, 4.51, 2.15, 3.16, 4.23, 3.96, 1.62, 4.19, 4.56, 1.99, 2.72, 1.41, 2.54

2.69, 1.56, 2.66, 2.84, 4.50, 2.14, 3.15, 4.21, 3.96, 1.61, 4.21, 4.54, 2.00, 2.72, 1.41, 2.55

2.65, 1.54, 2.59, 2.82, 4.48, 2.13, 3.17, 4.22, 3.94, 1.63, 4.20, 4.55, 1.99, 2.74, 1.40, 2.52

2.50, 1.56, 2.66, 2.84, 4.47, 2.14, 3.17, 4.20, 3.95, 1.62, 4.20, 4.54, 2.00, 2.75, 1.43, 2.54

2.60, 1.53, 2.63, 2.82, 4.51, 2.13, 3.18, 4.23, 3.95, 1.63, 4.19, 4.54, 1.99, 2.75, 1.40, 2.53

2.68, 1.55, 2.64, 2.83, 4.50, 2.13, 3.18, 4.23, 3.96, 1.62, 4.21, 4.55, 1.99, 2.75, 1.41, 2.53

2.65, 1.55, 2.65, 2.85, 4.51, 2.13, 3.15, 4.23, 3.95, 1.62, 4.20, 4.54, 1.99, 2.75, 1.39, 2.52

2.57, 1.56, 2.65, 2.84, 4.47, 2.16, 3.18, 4.23, 3.95, 1.63, 4.20, 4.53, 1.99, 2.73, 1.40, 2.54

2.68, 1.55, 2.63, 2.82, 4.51, 2.14, 3.17, 4.22, 3.95, 1.62, 4.19, 4.55, 1.99, 2.73, 1.37, 2.52

2.57, 1.55, 2.66, 2.82, 4.48, 2.15, 3.14, 4.23, 3.94, 1.63, 4.20, 4.55, 2.00, 2.73, 1.42, 2.51

2.61, 1.57, 2.59, 2.85, 4.50, 2.14, 3.17, 4.23, 3.95, 1.62, 4.19, 4.54, 1.99, 2.77, 1.40, 2.54

2.51, 1.55, 2.65, 2.83, 4.49, 2.15, 3.14, 4.20, 3.96, 1.63, 4.20, 4.53, 1.99, 2.73, 1.42, 2.52

2.69, 1.55, 2.64, 2.84, 4.50, 2.12, 3.16, 4.23, 3.95, 1.62, 4.20, 4.55, 1.99, 2.74, 1.42, 2.52

2.58, 1.56, 2.65, 2.83, 4.49, 2.14, 3.15, 4.22, 3.95, 1.61, 4.21, 4.54, 2.00, 2.74, 1.37, 2.53

2.48, 1.54, 2.59, 2.85, 4.48, 2.12, 3.15, 4.25, 3.95, 1.63, 4.20, 4.56, 1.99, 2.74, 1.41, 2.50

2.53, 1.55, 2.61, 2.84, 4.47, 2.18, 3.15, 4.23, 3.93, 1.62, 4.21, 4.54, 1.98, 2.72, 1.43, 2.51

2.50, 1.56, 2.62, 2.83, 4.48, 2.14, 3.17, 4.23, 3.94, 1.63, 4.21, 4.54, 2.01, 2.74, 1.43, 2.52

2.70, 1.54, 2.58, 2.83, 4.46, 2.18, 3.15, 4.24, 3.94, 1.62, 4.19, 4.55, 1.99, 2.74, 1.42, 2.53

2.50, 1.53, 2.61, 2.84, 4.50, 2.15, 3.16, 4.25, 3.95, 1.63, 4.21, 4.57, 2.00, 2.76, 1.41, 2.52

2.68, 1.55, 2.59, 2.84, 4.48, 2.14, 3.14, 4.22, 3.96, 1.61, 4.19, 4.54, 2.00, 2.73, 1.43, 2.54

2.59, 1.53, 2.62, 2.84, 4.45, 2.13, 3.14, 4.24, 3.96, 1.62, 4.19, 4.55, 1.99, 2.73, 1.41, 2.51

2.49, 1.57, 2.64, 2.82, 4.50, 2.15, 3.14, 4.19, 3.94, 1.61, 4.22, 4.54, 1.98, 2.75, 1.39, 2.53

2.57, 1.55, 2.62, 2.83, 4.49, 2.14, 3.15, 4.20, 3.95, 1.62, 4.21, 4.54, 1.99, 2.74, 1.44, 2.52

2.57, 1.55, 2.57, 2.81, 4.50, 2.13, 3.17, 4.20, 3.94, 1.62, 4.19, 4.55, 2.00, 2.73, 1.43, 2.54

2.74, 1.56, 2.63, 2.86, 4.47, 2.13, 3.16, 4.23, 3.95, 1.62, 4.20, 4.53, 2.00, 2.74, 1.39, 2.52

2.65, 1.56, 2.64, 2.82, 4.47, 2.13, 3.16, 4.24, 3.94, 1.63, 4.19, 4.55, 2.00, 2.75, 1.42, 2.52

2.76, 1.56, 2.66, 2.85, 4.47, 2.19, 3.15, 4.21, 3.93, 1.62, 4.20, 4.54, 1.98, 2.74, 1.39, 2.52

2.54, 1.56, 2.61, 2.83, 4.50, 2.15, 3.17, 4.23, 3.95, 1.61, 4.20, 4.54, 1.97, 2.73, 1.38, 2.52

2.70, 1.57, 2.65, 2.84, 4.47, 2.12, 3.14, 4.25, 3.93, 1.63, 4.19, 4.54, 1.99, 2.75, 1.42, 2.53

2.65, 1.55, 2.59, 2.83, 4.50, 2.17, 3.16, 4.22, 3.96, 1.61, 4.21, 4.54, 1.99, 2.75, 1.40, 2.54

2.57, 1.55, 2.57, 2.85, 4.47, 2.14, 3.17, 4.22, 3.94, 1.61, 4.19, 4.55, 1.98, 2.73, 1.39, 2.53

2.62, 1.55, 2.59, 2.84, 4.48, 2.16, 3.14, 4.22, 3.95, 1.62, 4.21, 4.55, 2.00, 2.73, 1.45, 2.53

2.49, 1.56, 2.64, 2.81, 4.50, 2.14, 3.17, 4.24, 3.94, 1.63, 4.21, 4.56, 2.00, 2.74, 1.40, 2.52

2.47, 1.54, 2.59, 2.84, 4.50, 2.16, 3.13, 4.20, 3.94, 1.61, 4.19, 4.56, 1.99, 2.73, 1.42, 2.53

2.62, 1.55, 2.67, 2.82, 4.49, 2.13, 3.17, 4.23, 3.95, 1.62, 4.19, 4.56, 2.00, 2.74, 1.41, 2.52

2.64, 1.55, 2.66, 2.82, 4.48, 2.19, 3.15, 4.23, 3.95, 1.61, 4.21, 4.57, 1.99, 2.75, 1.40, 2.53

2.59, 1.55, 2.62, 2.83, 4.49, 2.15, 3.15, 4.25, 3.94, 1.63, 4.20, 4.55, 1.99, 2.73, 1.39, 2.53

2.52, 1.56, 2.63, 2.83, 4.49, 2.15, 3.14, 4.19, 3.94, 1.61, 4.21, 4.54, 1.99, 2.74, 1.40, 2.54

2.70, 1.55, 2.60, 2.85, 4.49, 2.13, 3.17, 4.22, 3.95, 1.62, 4.19, 4.55, 2.00, 2.73, 1.40, 2.54

2.59, 1.53, 2.59, 2.82, 4.47, 2.14, 3.16, 4.20, 3.95, 1.61, 4.20, 4.56, 1.99, 2.74, 1.38, 2.54

2.63, 1.54, 2.64, 2.85, 4.46, 2.12, 3.16, 4.25, 3.94, 1.62, 4.21, 4.54, 2.00, 2.72, 1.40, 2.53

2.59, 1.55, 2.62, 2.84, 4.47, 2.14, 3.15, 4.22, 3.95, 1.62, 4.20, 4.56, 2.01, 2.73, 1.39, 2.55

2.58, 1.56, 2.58, 2.84, 4.48, 2.15, 3.17, 4.23, 3.94, 1.61, 4.20, 4.55, 2.00, 2.74, 1.39, 2.53

2.68, 1.54, 2.62, 2.83, 4.50, 2.14, 3.17, 4.23, 3.95, 1.62, 4.19, 4.56, 2.00, 2.73, 1.43, 2.51

2.65, 1.58, 2.63, 2.83, 4.51, 2.17, 3.18, 4.21, 3.95, 1.62, 4.21, 4.55, 2.01, 2.75, 1.42, 2.53

2.71, 1.55, 2.63, 2.84, 4.46, 2.14, 3.15, 4.23, 3.96, 1.61, 4.19, 4.54, 1.98, 2.74, 1.42, 2.53

2.62, 1.57, 2.59, 2.86, 4.48, 2.18, 3.13, 4.21, 3.94, 1.61, 4.19, 4.53, 1.98, 2.75, 1.40, 2.53

2.63, 1.55, 2.63, 2.85, 4.46, 2.15, 3.15, 4.20, 3.95, 1.62, 4.20, 4.54, 1.98, 2.74, 1.40, 2.53

2.71, 1.56, 2.61, 2.84, 4.47, 2.14, 3.14, 4.20, 3.95, 1.63, 4.21, 4.55, 2.00, 2.73, 1.38, 2.54

2.56, 1.54, 2.61, 2.85, 4.48, 2.17, 3.15, 4.22, 3.95, 1.62, 4.21, 4.52, 1.98, 2.73, 1.41, 2.52

2.67, 1.55, 2.64, 2.84, 4.47, 2.14, 3.15, 4.24, 3.94, 1.63, 4.21, 4.54, 2.00, 2.72, 1.41, 2.52

2.59, 1.55, 2.64, 2.83, 4.51, 2.14, 3.15, 4.21, 3.94, 1.62, 4.21, 4.53, 1.99, 2.74, 1.41, 2.52

2.60, 1.55, 2.63, 2.83, 4.50, 2.16, 3.17, 4.20, 3.95, 1.62, 4.21, 4.53, 1.98, 2.75, 1.41, 2.52

2.65, 1.56, 2.63, 2.83, 4.50, 2.18, 3.13, 4.21, 3.95, 1.62, 4.20, 4.53, 1.98, 2.75, 1.42, 2.52

2.64, 1.54, 2.61, 2.81, 4.50, 2.16, 3.15, 4.24, 3.95, 1.63, 4.21, 4.53, 1.99, 2.76, 1.42, 2.52

2.52, 1.55, 2.65, 2.85, 4.47, 2.17, 3.16, 4.20, 3.95, 1.62, 4.20, 4.55, 1.99, 2.74, 1.40, 2.52

2.53, 1.55, 2.64, 2.85, 4.49, 2.14, 3.15, 4.23, 3.94, 1.62, 4.20, 4.53, 1.99, 2.75, 1.42, 2.53

2.50, 1.53, 2.58, 2.84, 4.51, 2.13, 3.14, 4.23, 3.97, 1.63, 4.19, 4.55, 2.00, 2.74, 1.42, 2.52

2.61, 1.55, 2.64, 2.83, 4.49, 2.16, 3.15, 4.21, 3.96, 1.63, 4.20, 4.54, 2.01, 2.74, 1.38, 2.52

2.53, 1.56, 2.64, 2.83, 4.47, 2.14, 3.15, 4.23, 3.93, 1.62, 4.21, 4.56, 2.00, 2.74, 1.44, 2.53

2.70, 1.54, 2.64, 2.82, 4.50, 2.15, 3.16, 4.22, 3.95, 1.61, 4.21, 4.54, 1.99, 2.74, 1.41, 2.52

2.68, 1.56, 2.62, 2.83, 4.49, 2.13, 3.15, 4.20, 3.95, 1.63, 4.21, 4.54, 2.00, 2.73, 1.43, 2.52

2.59, 1.55, 2.62, 2.85, 4.48, 2.15, 3.16, 4.25, 3.95, 1.63, 4.21, 4.53, 2.00, 2.75, 1.38, 2.52

2.50, 1.55, 2.60, 2.83, 4.47, 2.14, 3.15, 4.23, 3.95, 1.63, 4.21, 4.54, 2.00, 2.74, 1.40, 2.53

2.58, 1.55, 2.57, 2.82, 4.50, 2.17, 3.14, 4.21, 3.95, 1.62, 4.19, 4.54, 1.98, 2.74, 1.42, 2.53

2.32, 1.56, 2.62, 2.82, 4.47, 2.18, 3.16, 4.25, 3.92, 1.62, 4.20, 4.54, 2.01, 2.73, 1.39, 2.51

2.60, 1.55, 2.63, 2.86, 4.46, 2.12, 3.14, 4.21, 3.94, 1.63, 4.20, 4.54, 2.00, 2.75, 1.43, 2.51

2.62, 1.55, 2.59, 2.84, 4.50, 2.15, 3.17, 4.25, 3.95, 1.62, 4.19, 4.56, 1.98, 2.75, 1.41, 2.53

2.50, 1.58, 2.64, 2.83, 4.47, 2.16, 3.15, 4.21, 3.95, 1.61, 4.20, 4.56, 2.00, 2.74, 1.43, 2.54

2.67, 1.54, 2.54, 2.84, 4.50, 2.15, 3.16, 4.20, 3.95, 1.61, 4.22, 4.53, 2.00, 2.73, 1.44, 2.52

2.55, 1.56, 2.63, 2.83, 4.48, 2.13, 3.14, 4.23, 3.94, 1.62, 4.20, 4.54, 1.98, 2.74, 1.42, 2.53

2.67, 1.58, 2.64, 2.84, 4.50, 2.13, 3.16, 4.23, 3.94, 1.62, 4.21, 4.55, 1.99, 2.73, 1.43, 2.52

2.50, 1.56, 2.65, 2.84, 4.48, 2.14, 3.17, 4.23, 3.94, 1.62, 4.22, 4.56, 1.99, 2.76, 1.40, 2.52

2.66, 1.55, 2.59, 2.85, 4.46, 2.15, 3.17, 4.23, 3.94, 1.62, 4.21, 4.54, 1.99, 2.75, 1.43, 2.54

2.57, 1.54, 2.63, 2.84, 4.48, 2.14, 3.14, 4.22, 3.96, 1.62, 4.21, 4.55, 2.00, 2.74, 1.42, 2.51

2.64, 1.55, 2.62, 2.86, 4.49, 2.14, 3.14, 4.23, 3.96, 1.62, 4.21, 4.54, 1.99, 2.74, 1.41, 2.51

2.61, 1.55, 2.63, 2.82, 4.49, 2.14, 3.15, 4.22, 3.94, 1.62, 4.22, 4.54, 2.00, 2.75, 1.46, 2.52

2.59, 1.57, 2.65, 2.85, 4.48, 2.15, 3.18, 4.22, 3.96, 1.63, 4.19, 4.54, 2.00, 2.75, 1.40, 2.52

2.61, 1.56, 2.59, 2.84, 4.49, 2.17, 3.14, 4.21, 3.95, 1.63, 4.22, 4.55, 1.97, 2.72, 1.41, 2.51

2.62, 1.54, 2.64, 2.84, 4.45, 2.15, 3.15, 4.22, 3.95, 1.61, 4.22, 4.55, 2.00, 2.75, 1.41, 2.51

2.46, 1.55, 2.67, 2.83, 4.47, 2.13, 3.17, 4.22, 3.94, 1.63, 4.19, 4.54, 1.97, 2.75, 1.41, 2.52

2.64, 1.52, 2.65, 2.82, 4.47, 2.13, 3.14, 4.21, 3.94, 1.61, 4.21, 4.55, 1.98, 2.75, 1.41, 2.53

2.65, 1.55, 2.61, 2.84, 4.49, 2.18, 3.15, 4.22, 3.95, 1.63, 4.19, 4.56, 2.00, 2.74, 1.38, 2.53

2.64, 1.55, 2.61, 2.83, 4.47, 2.15, 3.18, 4.24, 3.94, 1.61, 4.21, 4.54, 2.01, 2.75, 1.39, 2.53

2.58, 1.56, 2.61, 2.84, 4.47, 2.14, 3.15, 4.24, 3.97, 1.61, 4.21, 4.55, 1.97, 2.74, 1.40, 2.52

2.68, 1.54, 2.58, 2.84, 4.46, 2.13, 3.16, 4.22, 3.95, 1.62, 4.19, 4.54, 1.99, 2.74, 1.43, 2.52

2.53, 1.55, 2.58, 2.83, 4.47, 2.14, 3.16, 4.22, 3.95, 1.63, 4.20, 4.54, 1.99, 2.71, 1.41, 2.54

2.54, 1.54, 2.58, 2.83, 4.46, 2.13, 3.17, 4.25, 3.96, 1.62, 4.20, 4.55, 2.00, 2.74, 1.44, 2.53

2.71, 1.55, 2.61, 2.85, 4.47, 2.15, 3.16, 4.23, 3.95, 1.63, 4.20, 4.56, 1.99, 2.73, 1.40, 2.52

2.65, 1.55, 2.59, 2.82, 4.48, 2.14, 3.13, 4.23, 3.93, 1.63, 4.21, 4.57, 1.99, 2.74, 1.44, 2.51

2.52, 1.57, 2.58, 2.83, 4.49, 2.15, 3.15, 4.23, 3.95, 1.61, 4.21, 4.54, 2.01, 2.74, 1.41, 2.52

2.50, 1.55, 2.59, 2.84, 4.48, 2.15, 3.16, 4.22, 3.95, 1.61, 4.19, 4.54, 1.99, 2.74, 1.42, 2.54

2.59, 1.56, 2.58, 2.85, 4.47, 2.15, 3.14, 4.23, 3.95, 1.62, 4.19, 4.55, 2.00, 2.75, 1.39, 2.55

2.68, 1.56, 2.61, 2.83, 4.46, 2.16, 3.14, 4.22, 3.95, 1.63, 4.19, 4.52, 1.99, 2.73, 1.41, 2.52

2.64, 1.56, 2.58, 2.83, 4.50, 2.13, 3.15, 4.23, 3.94, 1.62, 4.19, 4.55, 1.98, 2.74, 1.40, 2.53

2.61, 1.56, 2.60, 2.84, 4.48, 2.15, 3.13, 4.23, 3.96, 1.62, 4.20, 4.55, 1.98, 2.72, 1.39, 2.53

2.58, 1.54, 2.63, 2.83, 4.45, 2.12, 3.16, 4.23, 3.93, 1.62, 4.21, 4.54, 2.00, 2.74, 1.39, 2.53

2.60, 1.57, 2.66, 2.84, 4.50, 2.14, 3.15, 4.22, 3.94, 1.63, 4.20, 4.55, 2.00, 2.73, 1.40, 2.54

2.50, 1.56, 2.61, 2.83, 4.50, 2.16, 3.14, 4.23, 3.94, 1.61, 4.19, 4.55, 1.98, 2.73, 1.39, 2.54

2.65, 1.56, 2.61, 2.84, 4.47, 2.12, 3.14, 4.25, 3.94, 1.62, 4.21, 4.54, 2.01, 2.76, 1.44, 2.51

2.52, 1.54, 2.64, 2.83, 4.49, 2.13, 3.16, 4.21, 3.95, 1.61, 4.20, 4.56, 2.00, 2.75, 1.37, 2.52

2.63, 1.53, 2.61, 2.83, 4.49, 2.18, 3.16, 4.24, 3.94, 1.64, 4.19, 4.56, 1.99, 2.74, 1.43, 2.54

2.66, 1.55, 2.66, 2.84, 4.49, 2.14, 3.17, 4.22, 3.95, 1.61, 4.20, 4.54, 1.99, 2.76, 1.43, 2.52

2.49, 1.55, 2.62, 2.84, 4.49, 2.13, 3.14, 4.23, 3.94, 1.62, 4.20, 4.55, 1.99, 2.76, 1.41, 2.51

2.50, 1.54, 2.63, 2.82, 4.50, 2.15, 3.17, 4.23, 3.95, 1.62, 4.20, 4.56, 1.98, 2.73, 1.40, 2.52

2.63, 1.55, 2.59, 2.83, 4.46, 2.14, 3.14, 4.22, 3.95, 1.61, 4.20, 4.56, 2.00, 2.72, 1.44, 2.53

2.72, 1.55, 2.66, 2.82, 4.48, 2.14, 3.16, 4.22, 3.94, 1.62, 4.20, 4.55, 2.00, 2.73, 1.40, 2.53

2.68, 1.56, 2.61, 2.85, 4.50, 2.18, 3.18, 4.23, 3.93, 1.62, 4.20, 4.54, 2.00, 2.74, 1.42, 2.52

2.54, 1.54, 2.56, 2.85, 4.48, 2.13, 3.16, 4.23, 3.95, 1.62, 4.20, 4.55, 1.98, 2.73, 1.44, 2.51

2.61, 1.54, 2.61, 2.82, 4.50, 2.14, 3.15, 4.20, 3.94, 1.63, 4.21, 4.56, 1.99, 2.76, 1.39, 2.53

2.53, 1.55, 2.60, 2.84, 4.47, 2.13, 3.15, 4.24, 3.95, 1.61, 4.20, 4.55, 1.99, 2.74, 1.40, 2.52

2.61, 1.56, 2.64, 2.84, 4.51, 2.15, 3.15, 4.25, 3.95, 1.63, 4.20, 4.55, 1.97, 2.75, 1.40, 2.52

2.58, 1.54, 2.60, 2.85, 4.49, 2.14, 3.16, 4.22, 3.94, 1.62, 4.20, 4.54, 1.97, 2.73, 1.40, 2.53

2.75, 1.55, 2.66, 2.84, 4.48, 2.17, 3.16, 4.22, 3.95, 1.62, 4.21, 4.54, 1.98, 2.75, 1.44, 2.53

2.67, 1.54, 2.63, 2.85, 4.47, 2.19, 3.16, 4.22, 3.94, 1.62, 4.20, 4.54, 2.00, 2.72, 1.42, 2.51

2.62, 1.56, 2.61, 2.84, 4.51, 2.13, 3.16, 4.25, 3.94, 1.62, 4.19, 4.53, 2.00, 2.74, 1.42, 2.52

2.61, 1.56, 2.60, 2.82, 4.50, 2.13, 3.15, 4.23, 3.96, 1.63, 4.20, 4.54, 1.98, 2.73, 1.44, 2.52

2.48, 1.56, 2.63, 2.84, 4.46, 2.17, 3.15, 4.22, 3.95, 1.62, 4.20, 4.53, 2.00, 2.73, 1.42, 2.51

2.61, 1.55, 2.64, 2.85, 4.49, 2.14, 3.16, 4.22, 3.95, 1.62, 4.20, 4.53, 1.99, 2.74, 1.38, 2.54

2.53, 1.51, 2.58, 2.84, 4.48, 2.14, 3.16, 4.25, 3.94, 1.63, 4.20, 4.54, 1.97, 2.76, 1.41, 2.53

2.58, 1.52, 2.64, 2.86, 4.48, 2.15, 3.17, 4.23, 3.94, 1.62, 4.19, 4.55, 1.99, 2.75, 1.40, 2.52

2.63, 1.55, 2.66, 2.84, 4.49, 2.15, 3.16, 4.19, 3.96, 1.62, 4.20, 4.54, 1.99, 2.73, 1.44, 2.54

2.66, 1.56, 2.65, 2.82, 4.48, 2.15, 3.16, 4.25, 3.94, 1.61, 4.20, 4.55, 2.00, 2.74, 1.44, 2.52

2.57, 1.54, 2.69, 2.84, 4.49, 2.14, 3.14, 4.20, 3.96, 1.61, 4.22, 4.55, 1.99, 2.73, 1.43, 2.52

2.50, 1.54, 2.63, 2.81, 4.48, 2.15, 3.15, 4.24, 3.95, 1.62, 4.21, 4.55, 2.00, 2.73, 1.42, 2.54

2.72, 1.57, 2.67, 2.85, 4.49, 2.14, 3.16, 4.21, 3.94, 1.61, 4.20, 4.55, 1.96, 2.74, 1.44, 2.54

2.51, 1.55, 2.63, 2.83, 4.50, 2.14, 3.15, 4.22, 3.95, 1.62, 4.20, 4.54, 1.99, 2.75, 1.41, 2.53

2.67, 1.55, 2.63, 2.81, 4.47, 2.14, 3.15, 4.23, 3.94, 1.61, 4.20, 4.55, 2.01, 2.74, 1.41, 2.53

2.62, 1.54, 2.65, 2.83, 4.47, 2.15, 3.16, 4.25, 3.95, 1.62, 4.20, 4.55, 2.00, 2.75, 1.40, 2.52

2.59, 1.56, 2.62, 2.85, 4.48, 2.15, 3.16, 4.25, 3.93, 1.62, 4.19, 4.53, 2.00, 2.72, 1.39, 2.52

2.67, 1.56, 2.61, 2.84, 4.51, 2.15, 3.15, 4.20, 3.95, 1.62, 4.20, 4.55, 2.00, 2.73, 1.41, 2.54

2.72, 1.54, 2.62, 2.82, 4.47, 2.15, 3.15, 4.22, 3.93, 1.61, 4.20, 4.55, 1.98, 2.74, 1.42, 2.52

2.67, 1.56, 2.66, 2.84, 4.47, 2.16, 3.16, 4.22, 3.94, 1.63, 4.20, 4.54, 1.99, 2.75, 1.43, 2.52

2.65, 1.55, 2.60, 2.84, 4.51, 2.14, 3.15, 4.21, 3.95, 1.62, 4.20, 4.54, 1.99, 2.74, 1.42, 2.52

2.58, 1.55, 2.58, 2.83, 4.46, 2.14, 3.14, 4.21, 3.95, 1.62, 4.20, 4.54, 2.00, 2.73, 1.42, 2.52

2.65, 1.54, 2.63, 2.85, 4.50, 2.16, 3.16, 4.22, 3.95, 1.62, 4.19, 4.55, 2.00, 2.74, 1.42, 2.52

2.50, 1.56, 2.62, 2.83, 4.50, 2.16, 3.18, 4.19, 3.95, 1.62, 4.21, 4.54, 1.99, 2.74, 1.40, 2.51

2.60, 1.54, 2.62, 2.85, 4.49, 2.13, 3.13, 4.20, 3.96, 1.62, 4.20, 4.55, 1.99, 2.74, 1.42, 2.53

2.64, 1.54, 2.66, 2.84, 4.50, 2.18, 3.18, 4.24, 3.95, 1.62, 4.20, 4.53, 1.98, 2.73, 1.41, 2.53

2.56, 1.54, 2.63, 2.84, 4.49, 2.13, 3.13, 4.20, 3.94, 1.63, 4.22, 4.54, 1.99, 2.73, 1.40, 2.54

2.59, 1.54, 2.64, 2.84, 4.50, 2.15, 3.15, 4.20, 3.96, 1.61, 4.19, 4.55, 1.98, 2.74, 1.43, 2.53

2.70, 1.55, 2.66, 2.84, 4.48, 2.13, 3.15, 4.25, 3.95, 1.63, 4.21, 4.53, 1.98, 2.74, 1.41, 2.52

2.59, 1.54, 2.63, 2.84, 4.47, 2.14, 3.15, 4.20, 3.96, 1.63, 4.20, 4.54, 1.99, 2.75, 1.40, 2.52

2.60, 1.55, 2.66, 2.82, 4.48, 2.13, 3.15, 4.23, 3.95, 1.61, 4.21, 4.56, 2.00, 2.73, 1.42, 2.52

2.54, 1.55, 2.60, 2.85, 4.50, 2.16, 3.15, 4.18, 3.95, 1.63, 4.20, 4.55, 1.99, 2.76, 1.42, 2.51

2.66, 1.56, 2.62, 2.84, 4.48, 2.15, 3.18, 4.26, 3.96, 1.63, 4.23, 4.55, 1.98, 2.74, 1.41, 2.51

2.56, 1.53, 2.67, 2.83, 4.46, 2.13, 3.17, 4.22, 3.95, 1.63, 4.20, 4.54, 2.00, 2.72, 1.45, 2.55

2.49, 1.54, 2.64, 2.83, 4.48, 2.13, 3.13, 4.26, 3.95, 1.63, 4.21, 4.55, 2.00, 2.73, 1.41, 2.51

2.66, 1.54, 2.65, 2.83, 4.49, 2.13, 3.15, 4.24, 3.95, 1.61, 4.21, 4.54, 2.00, 2.73, 1.43, 2.52

2.47, 1.54, 2.66, 2.85, 4.49, 2.13, 3.14, 4.21, 3.95, 1.61, 4.19, 4.54, 1.98, 2.75, 1.43, 2.53

2.62, 1.57, 2.59, 2.84, 4.49, 2.15, 3.14, 4.22, 3.93, 1.63, 4.21, 4.53, 1.98, 2.74, 1.38, 2.52

2.48, 1.54, 2.67, 2.85, 4.50, 2.12, 3.14, 4.23, 3.96, 1.63, 4.21, 4.56, 1.99, 2.74, 1.44, 2.53

2.71, 1.55, 2.66, 2.83, 4.49, 2.18, 3.16, 4.24, 3.95, 1.61, 4.20, 4.55, 1.98, 2.73, 1.38, 2.53

2.63, 1.54, 2.58, 2.84, 4.49, 2.15, 3.16, 4.23, 3.95, 1.61, 4.22, 4.55, 1.99, 2.74, 1.37, 2.53

2.63, 1.54, 2.64, 2.83, 4.46, 2.18, 3.13, 4.24, 3.95, 1.62, 4.20, 4.54, 1.99, 2.75, 1.40, 2.53

2.59, 1.53, 2.64, 2.82, 4.47, 2.18, 3.16, 4.25, 3.94, 1.62, 4.21, 4.54, 1.98, 2.72, 1.39, 2.52

2.70, 1.56, 2.58, 2.84, 4.50, 2.16, 3.14, 4.22, 3.93, 1.62, 4.20, 4.56, 2.00, 2.73, 1.40, 2.53

2.58, 1.54, 2.61, 2.83, 4.48, 2.12, 3.15, 4.21, 3.95, 1.63, 4.21, 4.54, 1.99, 2.75, 1.41, 2.52

2.68, 1.54, 2.61, 2.84, 4.46, 2.15, 3.16, 4.21, 3.97, 1.62, 4.21, 4.55, 2.00, 2.74, 1.40, 2.55

2.46, 1.56, 2.62, 2.83, 4.49, 2.14, 3.15, 4.23, 3.97, 1.63, 4.20, 4.54, 1.99, 2.75, 1.41, 2.52

2.68, 1.55, 2.58, 2.84, 4.48, 2.13, 3.15, 4.24, 3.94, 1.62, 4.21, 4.56, 1.99, 2.75, 1.42, 2.53

2.66, 1.54, 2.66, 2.85, 4.48, 2.14, 3.16, 4.23, 3.96, 1.63, 4.21, 4.54, 2.00, 2.75, 1.42, 2.52

2.68, 1.54, 2.64, 2.84, 4.48, 2.17, 3.15, 4.25, 3.96, 1.62, 4.20, 4.55, 2.01, 2.74, 1.39, 2.51

2.66, 1.55, 2.59, 2.84, 4.51, 2.14, 3.13, 4.25, 3.95, 1.61, 4.21, 4.54, 2.00, 2.73, 1.40, 2.52

2.63, 1.55, 2.64, 2.82, 4.50, 2.12, 3.17, 4.22, 3.95, 1.62, 4.20, 4.54, 2.00, 2.74, 1.41, 2.51

2.58, 1.54, 2.58, 2.84, 4.50, 2.13, 3.14, 4.22, 3.96, 1.63, 4.20, 4.55, 2.00, 2.73, 1.46, 2.54

2.63, 1.57, 2.64, 2.84, 4.46, 2.17, 3.14, 4.24, 3.94, 1.61, 4.21, 4.55, 1.98, 2.75, 1.40, 2.50

2.56, 1.56, 2.62, 2.84, 4.50, 2.14, 3.15, 4.21, 3.95, 1.61, 4.21, 4.54, 2.00, 2.74, 1.41, 2.54

2.51, 1.55, 2.62, 2.84, 4.47, 2.12, 3.16, 4.27, 3.94, 1.62, 4.19, 4.54, 1.97, 2.75, 1.39, 2.54

2.60, 1.54, 2.61, 2.83, 4.49, 2.14, 3.16, 4.23, 3.95, 1.63, 4.19, 4.54, 2.01, 2.73, 1.42, 2.51

2.66, 1.53, 2.63, 2.85, 4.46, 2.16, 3.15, 4.20, 3.94, 1.63, 4.20, 4.56, 2.00, 2.73, 1.41, 2.52

2.72, 1.54, 2.67, 2.85, 4.45, 2.18, 3.15, 4.24, 3.95, 1.61, 4.20, 4.54, 1.99, 2.74, 1.42, 2.51

2.50, 1.53, 2.59, 2.83, 4.51, 2.15, 3.17, 4.22, 3.93, 1.63, 4.21, 4.54, 1.98, 2.74, 1.40, 2.52

2.75, 1.55, 2.60, 2.83, 4.46, 2.14, 3.15, 4.20, 3.94, 1.62, 4.21, 4.55, 2.00, 2.76, 1.45, 2.52

2.58, 1.55, 2.63, 2.83, 4.46, 2.13, 3.16, 4.22, 3.94, 1.62, 4.21, 4.54, 2.00, 2.75, 1.41, 2.53

2.64, 1.55, 2.58, 2.82, 4.46, 2.15, 3.14, 4.23, 3.94, 1.61, 4.19, 4.56, 2.00, 2.73, 1.44, 2.53

2.60, 1.55, 2.63, 2.84, 4.50, 2.13, 3.15, 4.20, 3.96, 1.61, 4.21, 4.55, 1.99, 2.74, 1.39, 2.52

2.63, 1.55, 2.63, 2.83, 4.49, 2.15, 3.14, 4.22, 3.94, 1.62, 4.20, 4.56, 1.98, 2.72, 1.37, 2.52

2.58, 1.56, 2.63, 2.83, 4.49, 2.13, 3.14, 4.23, 3.96, 1.61, 4.20, 4.55, 1.97, 2.73, 1.41, 2.51

2.63, 1.56, 2.60, 2.84, 4.48, 2.14, 3.14, 4.24, 3.93, 1.62, 4.20, 4.56, 2.00, 2.73, 1.39, 2.53

2.62, 1.56, 2.64, 2.83, 4.47, 2.16, 3.17, 4.24, 3.94, 1.63, 4.19, 4.55, 1.99, 2.72, 1.40, 2.54

2.66, 1.55, 2.63, 2.82, 4.50, 2.14, 3.15, 4.20, 3.95, 1.62, 4.20, 4.55, 2.00, 2.74, 1.38, 2.55

2.64, 1.55, 2.64, 2.85, 4.46, 2.14, 3.16, 4.21, 3.95, 1.62, 4.20, 4.54, 2.00, 2.75, 1.44, 2.52

2.56, 1.55, 2.60, 2.82, 4.50, 2.14, 3.16, 4.23, 3.94, 1.62, 4.20, 4.54, 1.99, 2.74, 1.41, 2.52

2.62, 1.55, 2.62, 2.81, 4.49, 2.14, 3.18, 4.24, 3.95, 1.62, 4.20, 4.55, 1.99, 2.75, 1.41, 2.52

2.61, 1.56, 2.63, 2.84, 4.49, 2.15, 3.15, 4.24, 3.94, 1.62, 4.21, 4.55, 1.98, 2.76, 1.39, 2.53

2.55, 1.56, 2.61, 2.83, 4.50, 2.17, 3.16, 4.20, 3.95, 1.62, 4.20, 4.56, 2.00, 2.74, 1.37, 2.53

2.66, 1.56, 2.62, 2.84, 4.50, 2.17, 3.15, 4.25, 3.95, 1.63, 4.20, 4.55, 1.98, 2.73, 1.39, 2.54

2.58, 1.55, 2.57, 2.83, 4.47, 2.18, 3.17, 4.22, 3.94, 1.63, 4.20, 4.55, 1.99, 2.74, 1.44, 2.53

2.51, 1.57, 2.66, 2.83, 4.49, 2.17, 3.14, 4.24, 3.95, 1.62, 4.20, 4.54, 2.00, 2.75, 1.43, 2.52

2.54, 1.56, 2.57, 2.85, 4.44, 2.16, 3.16, 4.23, 3.94, 1.61, 4.20, 4.55, 1.99, 2.74, 1.38, 2.54

2.49, 1.55, 2.61, 2.84, 4.49, 2.15, 3.16, 4.23, 3.95, 1.62, 4.21, 4.57, 1.99, 2.74, 1.39, 2.51

2.64, 1.56, 2.61, 2.83, 4.50, 2.13, 3.16, 4.22, 3.95, 1.62, 4.19, 4.55, 1.98, 2.74, 1.41, 2.52

2.66, 1.55, 2.62, 2.81, 4.45, 2.16, 3.15, 4.22, 3.94, 1.62, 4.21, 4.54, 1.99, 2.74, 1.42, 2.53

2.60, 1.55, 2.66, 2.82, 4.49, 2.16, 3.16, 4.23, 3.95, 1.62, 4.21, 4.53, 2.00, 2.73, 1.42, 2.52

2.56, 1.56, 2.59, 2.84, 4.50, 2.14, 3.14, 4.22, 3.95, 1.62, 4.20, 4.55, 1.98, 2.74, 1.39, 2.54

2.55, 1.57, 2.59, 2.86, 4.52, 2.16, 3.16, 4.20, 3.93, 1.61, 4.20, 4.55, 1.98, 2.73, 1.40, 2.53

2.63, 1.56, 2.64, 2.85, 4.47, 2.15, 3.17, 4.21, 3.93, 1.62, 4.21, 4.55, 1.98, 2.74, 1.38, 2.53

2.60, 1.55, 2.60, 2.84, 4.46, 2.13, 3.16, 4.23, 3.94, 1.62, 4.21, 4.54, 1.99, 2.72, 1.43, 2.53

2.65, 1.54, 2.62, 2.84, 4.49, 2.18, 3.15, 4.22, 3.94, 1.61, 4.21, 4.55, 1.98, 2.74, 1.43, 2.52

2.60, 1.55, 2.66, 2.84, 4.50, 2.17, 3.15, 4.24, 3.95, 1.61, 4.20, 4.54, 1.97, 2.74, 1.42, 2.52

2.56, 1.55, 2.61, 2.83, 4.47, 2.13, 3.16, 4.21, 3.95, 1.62, 4.19, 4.55, 2.00, 2.74, 1.42, 2.52

2.50, 1.56, 2.64, 2.85, 4.46, 2.14, 3.15, 4.23, 3.95, 1.62, 4.18, 4.52, 2.01, 2.73, 1.41, 2.53

2.68, 1.53, 2.65, 2.81, 4.48, 2.13, 3.15, 4.24, 3.94, 1.61, 4.20, 4.54, 1.99, 2.76, 1.39, 2.51

2.50, 1.55, 2.64, 2.84, 4.48, 2.14, 3.17, 4.23, 3.95, 1.63, 4.20, 4.54, 1.99, 2.76, 1.40, 2.52

2.68, 1.56, 2.66, 2.84, 4.48, 2.13, 3.15, 4.19, 3.94, 1.62, 4.19, 4.56, 1.98, 2.73, 1.40, 2.54

2.60, 1.54, 2.62, 2.82, 4.46, 2.15, 3.15, 4.20, 3.95, 1.61, 4.20, 4.54, 2.00, 2.75, 1.41, 2.52

2.59, 1.54, 2.61, 2.82, 4.46, 2.14, 3.15, 4.21, 3.95, 1.62, 4.19, 4.55, 2.00, 2.76, 1.42, 2.52

2.41, 1.55, 2.63, 2.83, 4.50, 2.18, 3.15, 4.22, 3.94, 1.60, 4.19, 4.55, 1.99, 2.73, 1.42, 2.52

2.52, 1.56, 2.67, 2.83, 4.49, 2.15, 3.17, 4.25, 3.96, 1.63, 4.21, 4.55, 1.99, 2.74, 1.40, 2.52

2.60, 1.54, 2.60, 2.82, 4.49, 2.14, 3.17, 4.22, 3.95, 1.63, 4.20, 4.53, 1.98, 2.72, 1.38, 2.51

2.65, 1.55, 2.62, 2.82, 4.46, 2.15, 3.16, 4.21, 3.95, 1.63, 4.20, 4.55, 1.99, 2.75, 1.43, 2.53

2.67, 1.55, 2.67, 2.85, 4.49, 2.16, 3.17, 4.23, 3.94, 1.62, 4.20, 4.54, 2.00, 2.75, 1.40, 2.52

2.61, 1.55, 2.67, 2.84, 4.50, 2.17, 3.16, 4.22, 3.95, 1.62, 4.20, 4.55, 1.98, 2.76, 1.38, 2.53

2.65, 1.54, 2.59, 2.83, 4.47, 2.15, 3.15, 4.24, 3.94, 1.64, 4.20, 4.56, 2.00, 2.75, 1.42, 2.53

2.67, 1.55, 2.66, 2.84, 4.48, 2.16, 3.16, 4.22, 3.94, 1.61, 4.21, 4.55, 1.99, 2.75, 1.42, 2.52

2.58, 1.58, 2.57, 2.85, 4.45, 2.14, 3.15, 4.24, 3.94, 1.63, 4.20, 4.54, 1.99, 2.72, 1.44, 2.53

2.66, 1.56, 2.62, 2.83, 4.48, 2.15, 3.18, 4.24, 3.95, 1.61, 4.22, 4.55, 2.00, 2.74, 1.44, 2.50

2.51, 1.55, 2.61, 2.84, 4.51, 2.15, 3.16, 4.24, 3.95, 1.63, 4.21, 4.53, 2.00, 2.74, 1.40, 2.52

2.50, 1.55, 2.66, 2.85, 4.49, 2.16, 3.13, 4.25, 3.96, 1.61, 4.20, 4.53, 1.98, 2.75, 1.42, 2.52

2.64, 1.56, 2.64, 2.84, 4.47, 2.15, 3.15, 4.22, 3.96, 1.62, 4.20, 4.55, 1.99, 2.74, 1.42, 2.53

2.61, 1.54, 2.60, 2.83, 4.46, 2.16, 3.16, 4.24, 3.96, 1.62, 4.19, 4.56, 2.00, 2.74, 1.39, 2.54

2.65, 1.56, 2.63, 2.84, 4.49, 2.15, 3.18, 4.24, 3.95, 1.63, 4.21, 4.52, 1.99, 2.74, 1.42, 2.54

2.65, 1.55, 2.61, 2.84, 4.47, 2.13, 3.17, 4.23, 3.94, 1.62, 4.20, 4.56, 1.97, 2.72, 1.42, 2.52

2.60, 1.57, 2.60, 2.84, 4.48, 2.13, 3.16, 4.23, 3.94, 1.62, 4.21, 4.54, 1.97, 2.75, 1.42, 2.54

2.60, 1.54, 2.66, 2.82, 4.47, 2.14, 3.15, 4.24, 3.96, 1.63, 4.19, 4.53, 1.99, 2.73, 1.44, 2.54

2.63, 1.56, 2.64, 2.84, 4.45, 2.16, 3.17, 4.23, 3.93, 1.63, 4.20, 4.54, 1.99, 2.75, 1.42, 2.51

2.62, 1.55, 2.65, 2.82, 4.49, 2.15, 3.15, 4.25, 3.94, 1.63, 4.19, 4.52, 2.00, 2.73, 1.41, 2.52

2.50, 1.56, 2.65, 2.83, 4.47, 2.14, 3.16, 4.23, 3.94, 1.63, 4.20, 4.53, 1.98, 2.74, 1.40, 2.53

2.54, 1.56, 2.65, 2.85, 4.47, 2.19, 3.16, 4.22, 3.94, 1.62, 4.20, 4.54, 1.99, 2.76, 1.41, 2.52

2.73, 1.58, 2.63, 2.83, 4.48, 2.18, 3.16, 4.25, 3.95, 1.61, 4.21, 4.54, 1.99, 2.75, 1.39, 2.52

2.50, 1.56, 2.64, 2.85, 4.47, 2.14, 3.16, 4.21, 3.95, 1.62, 4.20, 4.55, 1.99, 2.74, 1.42, 2.51

2.68, 1.54, 2.63, 2.84, 4.47, 2.19, 3.15, 4.24, 3.95, 1.63, 4.20, 4.53, 2.01, 2.74, 1.41, 2.52

2.61, 1.55, 2.64, 2.84, 4.45, 2.15, 3.17, 4.21, 3.94, 1.61, 4.19, 4.55, 2.00, 2.73, 1.41, 2.53

2.49, 1.58, 2.62, 2.83, 4.46, 2.13, 3.16, 4.20, 3.95, 1.62, 4.20, 4.53, 1.99, 2.73, 1.43, 2.54

2.66, 1.54, 2.60, 2.83, 4.46, 2.18, 3.15, 4.25, 3.94, 1.63, 4.21, 4.54, 1.99, 2.74, 1.42, 2.51

2.66, 1.56, 2.63, 2.84, 4.49, 2.16, 3.17, 4.23, 3.94, 1.62, 4.21, 4.53, 2.01, 2.74, 1.39, 2.52

2.56, 1.54, 2.65, 2.84, 4.47, 2.19, 3.16, 4.20, 3.94, 1.64, 4.20, 4.53, 1.98, 2.74, 1.39, 2.51

2.50, 1.55, 2.67, 2.84, 4.47, 2.14, 3.14, 4.23, 3.94, 1.62, 4.20, 4.55, 2.00, 2.74, 1.40, 2.53

2.60, 1.56, 2.58, 2.83, 4.46, 2.15, 3.16, 4.20, 3.95, 1.63, 4.21, 4.55, 2.00, 2.75, 1.41, 2.52

2.65, 1.55, 2.65, 2.83, 4.47, 2.16, 3.17, 4.23, 3.95, 1.62, 4.19, 4.54, 1.99, 2.74, 1.40, 2.53

2.66, 1.57, 2.64, 2.83, 4.51, 2.17, 3.19, 4.22, 3.95, 1.60, 4.19, 4.54, 2.00, 2.74, 1.41, 2.52

2.48, 1.56, 2.67, 2.83, 4.49, 2.15, 3.15, 4.20, 3.93, 1.63, 4.21, 4.53, 1.98, 2.75, 1.39, 2.51

2.61, 1.56, 2.65, 2.82, 4.49, 2.17, 3.17, 4.21, 3.94, 1.61, 4.20, 4.53, 1.99, 2.75, 1.41, 2.52

2.61, 1.57, 2.65, 2.84, 4.49, 2.15, 3.15, 4.23, 3.95, 1.62, 4.20, 4.52, 1.98, 2.74, 1.41, 2.53

2.61, 1.57, 2.54, 2.83, 4.47, 2.14, 3.16, 4.23, 3.97, 1.63, 4.20, 4.55, 1.98, 2.72, 1.41, 2.54

2.58, 1.57, 2.58, 2.82, 4.50, 2.13, 3.16, 4.24, 3.93, 1.62, 4.19, 4.54, 2.01, 2.74, 1.45, 2.53

2.70, 1.53, 2.65, 2.84, 4.47, 2.17, 3.16, 4.22, 3.94, 1.63, 4.19, 4.54, 1.98, 2.73, 1.43, 2.53

2.49, 1.58, 2.64, 2.84, 4.47, 2.14, 3.16, 4.23, 3.93, 1.62, 4.21, 4.56, 1.99, 2.73, 1.44, 2.53

2.55, 1.56, 2.62, 2.82, 4.48, 2.15, 3.15, 4.22, 3.96, 1.62, 4.20, 4.55, 2.00, 2.74, 1.40, 2.52

2.48, 1.56, 2.65, 2.83, 4.47, 2.15, 3.16, 4.20, 3.94, 1.64, 4.22, 4.55, 1.99, 2.75, 1.42, 2.53

2.58, 1.55, 2.57, 2.85, 4.46, 2.14, 3.16, 4.23, 3.95, 1.63, 4.20, 4.54, 1.99, 2.74, 1.39, 2.53

2.64, 1.57, 2.64, 2.83, 4.49, 2.15, 3.18, 4.24, 3.94, 1.61, 4.20, 4.54, 2.00, 2.74, 1.42, 2.53

2.62, 1.53, 2.65, 2.84, 4.51, 2.16, 3.15, 4.22, 3.94, 1.63, 4.20, 4.56, 1.99, 2.73, 1.40, 2.54

2.50, 1.56, 2.63, 2.83, 4.50, 2.15, 3.14, 4.22, 3.95, 1.63, 4.20, 4.55, 1.99, 2.74, 1.45, 2.52

2.63, 1.55, 2.62, 2.82, 4.45, 2.17, 3.14, 4.24, 3.95, 1.64, 4.20, 4.54, 1.99, 2.75, 1.39, 2.53

2.67, 1.57, 2.61, 2.83, 4.49, 2.15, 3.14, 4.23, 3.96, 1.63, 4.21, 4.55, 2.00, 2.75, 1.43, 2.51

2.53, 1.57, 2.65, 2.83, 4.51, 2.14, 3.15, 4.18, 3.96, 1.62, 4.20, 4.55, 2.00, 2.73, 1.41, 2.53

2.63, 1.55, 2.62, 2.83, 4.47, 2.16, 3.14, 4.21, 3.93, 1.63, 4.21, 4.55, 1.99, 2.73, 1.46, 2.54

2.66, 1.56, 2.65, 2.84, 4.46, 2.17, 3.16, 4.26, 3.95, 1.62, 4.20, 4.55, 2.00, 2.74, 1.43, 2.53

2.66, 1.56, 2.62, 2.82, 4.48, 2.16, 3.17, 4.21, 3.95, 1.63, 4.21, 4.55, 2.00, 2.71, 1.40, 2.54

2.68, 1.55, 2.66, 2.85, 4.47, 2.16, 3.16, 4.20, 3.94, 1.62, 4.21, 4.54, 2.00, 2.73, 1.43, 2.53

2.66, 1.56, 2.62, 2.84, 4.50, 2.16, 3.14, 4.21, 3.96, 1.63, 4.20, 4.53, 1.99, 2.74, 1.40, 2.52

2.64, 1.56, 2.65, 2.83, 4.45, 2.14, 3.14, 4.27, 3.95, 1.62, 4.20, 4.55, 2.00, 2.73, 1.39, 2.52

2.63, 1.56, 2.60, 2.84, 4.45, 2.14, 3.16, 4.20, 3.94, 1.61, 4.20, 4.55, 2.00, 2.72, 1.40, 2.52

2.65, 1.54, 2.65, 2.82, 4.47, 2.16, 3.14, 4.22, 3.95, 1.62, 4.21, 4.53, 2.00, 2.73, 1.42, 2.52

2.55, 1.55, 2.65, 2.84, 4.49, 2.17, 3.20, 4.20, 3.95, 1.62, 4.20, 4.53, 1.98, 2.73, 1.42, 2.53

2.56, 1.55, 2.60, 2.83, 4.50, 2.14, 3.15, 4.20, 3.95, 1.62, 4.20, 4.55, 2.00, 2.74, 1.43, 2.52

2.58, 1.55, 2.59, 2.83, 4.49, 2.14, 3.16, 4.22, 3.95, 1.63, 4.20, 4.55, 1.99, 2.73, 1.43, 2.52

2.51, 1.54, 2.64, 2.83, 4.47, 2.14, 3.15, 4.25, 3.94, 1.62, 4.20, 4.55, 1.99, 2.74, 1.44, 2.51

2.45, 1.57, 2.66, 2.83, 4.46, 2.15, 3.18, 4.23, 3.94, 1.62, 4.20, 4.53, 2.01, 2.75, 1.40, 2.53

2.69, 1.57, 2.59, 2.85, 4.48, 2.15, 3.17, 4.22, 3.95, 1.63, 4.20, 4.54, 1.98, 2.73, 1.40, 2.53

2.59, 1.55, 2.58, 2.84, 4.50, 2.14, 3.15, 4.23, 3.95, 1.63, 4.19, 4.55, 1.99, 2.72, 1.38, 2.52

2.66, 1.55, 2.65, 2.83, 4.48, 2.15, 3.16, 4.23, 3.94, 1.63, 4.21, 4.55, 2.00, 2.74, 1.45, 2.52

2.60, 1.55, 2.66, 2.83, 4.50, 2.14, 3.17, 4.22, 3.95, 1.62, 4.21, 4.56, 1.99, 2.74, 1.41, 2.52

2.51, 1.56, 2.64, 2.83, 4.46, 2.16, 3.15, 4.23, 3.93, 1.63, 4.20, 4.54, 1.99, 2.75, 1.45, 2.51

2.57, 1.54, 2.58, 2.85, 4.50, 2.12, 3.16, 4.24, 3.94, 1.62, 4.20, 4.53, 2.00, 2.75, 1.40, 2.55

2.56, 1.56, 2.64, 2.84, 4.48, 2.13, 3.18, 4.21, 3.94, 1.61, 4.19, 4.56, 2.00, 2.75, 1.40, 2.54

2.65, 1.55, 2.64, 2.83, 4.49, 2.19, 3.15, 4.23, 3.94, 1.62, 4.21, 4.56, 2.00, 2.73, 1.41, 2.51

2.56, 1.55, 2.70, 2.85, 4.52, 2.15, 3.17, 4.23, 3.95, 1.63, 4.21, 4.54, 1.98, 2.75, 1.43, 2.54

2.62, 1.55, 2.61, 2.84, 4.49, 2.15, 3.14, 4.21, 3.93, 1.62, 4.21, 4.55, 2.00, 2.73, 1.38, 2.53

2.57, 1.55, 2.59, 2.84, 4.49, 2.13, 3.15, 4.22, 3.94, 1.62, 4.20, 4.54, 1.99, 2.75, 1.43, 2.53

2.62, 1.54, 2.60, 2.82, 4.50, 2.14, 3.16, 4.23, 3.94, 1.63, 4.21, 4.54, 1.99, 2.75, 1.42, 2.52

2.63, 1.54, 2.65, 2.84, 4.47, 2.16, 3.14, 4.22, 3.94, 1.62, 4.21, 4.54, 2.00, 2.76, 1.42, 2.52

2.53, 1.57, 2.62, 2.84, 4.49, 2.14, 3.15, 4.20, 3.95, 1.61, 4.20, 4.54, 1.98, 2.75, 1.42, 2.54

2.65, 1.55, 2.65, 2.82, 4.48, 2.13, 3.17, 4.24, 3.94, 1.62, 4.21, 4.53, 1.99, 2.76, 1.40, 2.52

2.59, 1.55, 2.64, 2.84, 4.45, 2.14, 3.14, 4.21, 3.95, 1.62, 4.21, 4.54, 1.98, 2.74, 1.42, 2.54

2.62, 1.57, 2.64, 2.83, 4.51, 2.15, 3.14, 4.21, 3.96, 1.62, 4.21, 4.55, 1.98, 2.73, 1.38, 2.54

2.57, 1.55, 2.64, 2.83, 4.44, 2.15, 3.15, 4.22, 3.94, 1.63, 4.20, 4.54, 1.99, 2.73, 1.42, 2.52

2.53, 1.54, 2.65, 2.83, 4.48, 2.16, 3.16, 4.21, 3.95, 1.63, 4.20, 4.55, 1.99, 2.73, 1.39, 2.51

2.70, 1.55, 2.59, 2.83, 4.49, 2.13, 3.16, 4.22, 3.96, 1.63, 4.21, 4.54, 1.99, 2.75, 1.44, 2.53

2.62, 1.55, 2.65, 2.84, 4.48, 2.15, 3.15, 4.22, 3.94, 1.62, 4.20, 4.56, 1.98, 2.76, 1.40, 2.54

2.67, 1.57, 2.60, 2.83, 4.46, 2.14, 3.16, 4.22, 3.97, 1.62, 4.19, 4.55, 1.97, 2.73, 1.40, 2.52

2.48, 1.56, 2.66, 2.85, 4.49, 2.14, 3.16, 4.23, 3.95, 1.61, 4.20, 4.55, 2.00, 2.74, 1.39, 2.52

2.53, 1.55, 2.64, 2.85, 4.49, 2.15, 3.15, 4.26, 3.95, 1.63, 4.21, 4.55, 2.00, 2.74, 1.39, 2.54

2.61, 1.54, 2.59, 2.82, 4.47, 2.14, 3.15, 4.22, 3.94, 1.63, 4.21, 4.55, 1.99, 2.75, 1.44, 2.52

2.66, 1.55, 2.64, 2.82, 4.49, 2.19, 3.15, 4.23, 3.94, 1.61, 4.20, 4.55, 1.99, 2.74, 1.40, 2.52

2.63, 1.56, 2.65, 2.84, 4.47, 2.18, 3.18, 4.19, 3.93, 1.63, 4.19, 4.55, 1.99, 2.76, 1.43, 2.51

2.69, 1.58, 2.64, 2.86, 4.49, 2.15, 3.18, 4.21, 3.94, 1.62, 4.21, 4.55, 1.98, 2.74, 1.40, 2.51

2.56, 1.56, 2.65, 2.83, 4.48, 2.17, 3.15, 4.23, 3.94, 1.62, 4.20, 4.54, 1.99, 2.75, 1.38, 2.51

2.63, 1.56, 2.64, 2.83, 4.50, 2.15, 3.17, 4.25, 3.94, 1.62, 4.20, 4.54, 1.99, 2.75, 1.41, 2.52

2.65, 1.57, 2.65, 2.83, 4.46, 2.14, 3.16, 4.20, 3.94, 1.62, 4.20, 4.55, 1.99, 2.73, 1.39, 2.53

2.69, 1.56, 2.65, 2.83, 4.47, 2.15, 3.17, 4.20, 3.94, 1.62, 4.23, 4.54, 2.01, 2.75, 1.39, 2.52

2.65, 1.56, 2.57, 2.83, 4.46, 2.17, 3.16, 4.21, 3.95, 1.62, 4.19, 4.54, 1.99, 2.75, 1.40, 2.53

2.62, 1.56, 2.60, 2.82, 4.49, 2.15, 3.18, 4.22, 3.94, 1.63, 4.20, 4.54, 2.00, 2.73, 1.40, 2.53

2.62, 1.55, 2.67, 2.84, 4.46, 2.17, 3.15, 4.22, 3.95, 1.63, 4.20, 4.54, 1.99, 2.74, 1.41, 2.51

2.60, 1.57, 2.62, 2.85, 4.49, 2.14, 3.15, 4.21, 3.96, 1.62, 4.19, 4.53, 1.97, 2.74, 1.41, 2.52

2.49, 1.55, 2.67, 2.83, 4.47, 2.19, 3.15, 4.21, 3.95, 1.63, 4.20, 4.54, 1.99, 2.73, 1.39, 2.54

2.66, 1.56, 2.62, 2.84, 4.47, 2.14, 3.15, 4.23, 3.94, 1.62, 4.20, 4.55, 2.00, 2.75, 1.40, 2.52

2.66, 1.57, 2.60, 2.82, 4.49, 2.14, 3.15, 4.20, 3.96, 1.62, 4.21, 4.53, 1.99, 2.75, 1.42, 2.53

2.62, 1.55, 2.67, 2.84, 4.48, 2.14, 3.15, 4.23, 3.96, 1.62, 4.21, 4.56, 1.98, 2.74, 1.42, 2.52

2.66, 1.54, 2.59, 2.80, 4.49, 2.14, 3.16, 4.24, 3.94, 1.63, 4.21, 4.53, 1.99, 2.74, 1.41, 2.54

2.66, 1.54, 2.63, 2.82, 4.48, 2.16, 3.15, 4.24, 3.95, 1.64, 4.21, 4.54, 1.99, 2.74, 1.38, 2.52

2.50, 1.53, 2.63, 2.81, 4.46, 2.15, 3.16, 4.22, 3.95, 1.61, 4.21, 4.54, 1.98, 2.75, 1.38, 2.53

2.62, 1.56, 2.60, 2.81, 4.48, 2.13, 3.18, 4.23, 3.95, 1.62, 4.20, 4.53, 1.98, 2.73, 1.40, 2.53

2.61, 1.55, 2.62, 2.81, 4.48, 2.14, 3.14, 4.30, 3.94, 1.62, 4.19, 4.54, 1.99, 2.75, 1.43, 2.52

2.58, 1.57, 2.63, 2.83, 4.46, 2.16, 3.15, 4.22, 3.94, 1.64, 4.21, 4.55, 1.97, 2.72, 1.41, 2.52

2.62, 1.59, 2.62, 2.83, 4.50, 2.15, 3.18, 4.24, 3.95, 1.61, 4.19, 4.54, 1.98, 2.74, 1.40, 2.51

2.65, 1.57, 2.60, 2.83, 4.49, 2.15, 3.17, 4.22, 3.94, 1.61, 4.20, 4.54, 1.99, 2.73, 1.42, 2.53

2.61, 1.56, 2.63, 2.84, 4.51, 2.18, 3.15, 4.19, 3.96, 1.61, 4.20, 4.56, 2.00, 2.73, 1.46, 2.52

2.63, 1.55, 2.64, 2.82, 4.50, 2.15, 3.15, 4.20, 3.96, 1.62, 4.21, 4.55, 1.99, 2.73, 1.41, 2.54

2.67, 1.55, 2.61, 2.83, 4.46, 2.15, 3.16, 4.22, 3.94, 1.61, 4.21, 4.54, 1.98, 2.72, 1.40, 2.51

2.67, 1.55, 2.59, 2.83, 4.50, 2.15, 3.17, 4.22, 3.94, 1.62, 4.20, 4.54, 1.99, 2.74, 1.39, 2.52

2.60, 1.57, 2.59, 2.84, 4.46, 2.17, 3.15, 4.21, 3.94, 1.63, 4.21, 4.53, 1.98, 2.74, 1.39, 2.54

2.65, 1.55, 2.60, 2.82, 4.48, 2.13, 3.15, 4.24, 3.93, 1.62, 4.20, 4.55, 2.01, 2.75, 1.43, 2.53

2.50, 1.54, 2.65, 2.84, 4.48, 2.11, 3.17, 4.22, 3.95, 1.64, 4.20, 4.53, 2.01, 2.74, 1.39, 2.51

2.69, 1.57, 2.67, 2.82, 4.49, 2.16, 3.15, 4.22, 3.95, 1.62, 4.21, 4.54, 2.00, 2.73, 1.41, 2.54

2.50, 1.55, 2.60, 2.84, 4.47, 2.13, 3.16, 4.23, 3.95, 1.63, 4.20, 4.56, 1.97, 2.73, 1.40, 2.53

2.49, 1.55, 2.63, 2.82, 4.46, 2.14, 3.15, 4.20, 3.95, 1.63, 4.20, 4.56, 1.99, 2.74, 1.43, 2.52

2.59, 1.55, 2.65, 2.83, 4.45, 2.13, 3.17, 4.23, 3.93, 1.62, 4.20, 4.55, 1.99, 2.74, 1.43, 2.51

2.53, 1.55, 2.61, 2.82, 4.46, 2.15, 3.18, 4.20, 3.95, 1.62, 4.20, 4.54, 2.01, 2.73, 1.39, 2.53

2.58, 1.55, 2.59, 2.84, 4.46, 2.12, 3.14, 4.20, 3.94, 1.61, 4.21, 4.55, 2.00, 2.73, 1.43, 2.52

2.67, 1.55, 2.59, 2.83, 4.46, 2.14, 3.16, 4.20, 3.94, 1.63, 4.21, 4.55, 1.99, 2.75, 1.43, 2.54

2.58, 1.57, 2.67, 2.85, 4.49, 2.14, 3.17, 4.24, 3.95, 1.62, 4.21, 4.55, 1.99, 2.74, 1.42, 2.54

2.60, 1.55, 2.63, 2.82, 4.49, 2.17, 3.14, 4.22, 3.92, 1.63, 4.21, 4.54, 1.98, 2.74, 1.40, 2.53

2.68, 1.56, 2.65, 2.83, 4.46, 2.14, 3.17, 4.22, 3.93, 1.61, 4.21, 4.55, 2.00, 2.73, 1.45, 2.52

2.49, 1.54, 2.64, 2.84, 4.48, 2.12, 3.16, 4.23, 3.93, 1.63, 4.19, 4.53, 2.00, 2.73, 1.41, 2.53

2.70, 1.57, 2.65, 2.84, 4.49, 2.15, 3.17, 4.22, 3.95, 1.63, 4.20, 4.53, 2.00, 2.75, 1.39, 2.52

2.58, 1.55, 2.62, 2.83, 4.47, 2.13, 3.16, 4.20, 3.95, 1.62, 4.21, 4.56, 2.00, 2.74, 1.40, 2.54

2.54, 1.56, 2.61, 2.82, 4.47, 2.13, 3.17, 4.22, 3.94, 1.63, 4.21, 4.55, 1.99, 2.75, 1.44, 2.52

2.57, 1.54, 2.64, 2.84, 4.50, 2.17, 3.18, 4.25, 3.94, 1.63, 4.19, 4.55, 1.99, 2.74, 1.39, 2.53

2.60, 1.54, 2.60, 2.84, 4.47, 2.18, 3.14, 4.23, 3.95, 1.62, 4.20, 4.53, 1.99, 2.75, 1.39, 2.55

2.65, 1.56, 2.57, 2.85, 4.52, 2.14, 3.16, 4.23, 3.95, 1.62, 4.20, 4.55, 1.98, 2.72, 1.41, 2.54

2.49, 1.56, 2.64, 2.85, 4.47, 2.18, 3.17, 4.21, 3.94, 1.62, 4.19, 4.52, 2.00, 2.73, 1.43, 2.52

2.49, 1.57, 2.62, 2.83, 4.46, 2.15, 3.16, 4.22, 3.95, 1.63, 4.19, 4.55, 1.98, 2.73, 1.38, 2.53

2.52, 1.56, 2.59, 2.83, 4.50, 2.14, 3.16, 4.24, 3.94, 1.61, 4.21, 4.56, 2.00, 2.75, 1.43, 2.52

2.58, 1.58, 2.63, 2.85, 4.49, 2.17, 3.15, 4.23, 3.96, 1.63, 4.20, 4.53, 2.00, 2.74, 1.41, 2.52

2.48, 1.56, 2.65, 2.84, 4.49, 2.15, 3.16, 4.20, 3.93, 1.63, 4.19, 4.54, 1.98, 2.74, 1.38, 2.52

2.60, 1.54, 2.64, 2.82, 4.47, 2.15, 3.17, 4.23, 3.94, 1.63, 4.21, 4.54, 2.00, 2.74, 1.42, 2.53

2.57, 1.56, 2.64, 2.83, 4.47, 2.17, 3.17, 4.22, 3.95, 1.62, 4.20, 4.55, 1.99, 2.74, 1.41, 2.51

2.57, 1.56, 2.67, 2.84, 4.49, 2.15, 3.17, 4.22, 3.95, 1.63, 4.21, 4.54, 2.00, 2.74, 1.39, 2.53

2.68, 1.55, 2.65, 2.83, 4.46, 2.18, 3.17, 4.23, 3.93, 1.64, 4.20, 4.53, 2.00, 2.73, 1.41, 2.53

2.50, 1.55, 2.64, 2.83, 4.47, 2.16, 3.15, 4.23, 3.96, 1.62, 4.20, 4.55, 1.99, 2.73, 1.41, 2.54

2.62, 1.54, 2.64, 2.84, 4.48, 2.13, 3.15, 4.21, 3.94, 1.62, 4.20, 4.55, 1.99, 2.74, 1.42, 2.51

2.56, 1.56, 2.61, 2.84, 4.50, 2.16, 3.16, 4.22, 3.95, 1.61, 4.20, 4.55, 1.99, 2.75, 1.40, 2.51

2.57, 1.55, 2.60, 2.84, 4.48, 2.17, 3.15, 4.24, 3.94, 1.62, 4.21, 4.56, 2.01, 2.73, 1.42, 2.52

2.61, 1.57, 2.65, 2.82, 4.50, 2.19, 3.16, 4.24, 3.95, 1.62, 4.19, 4.56, 2.00, 2.74, 1.39, 2.52

2.53, 1.56, 2.62, 2.84, 4.50, 2.16, 3.16, 4.23, 3.95, 1.61, 4.22, 4.55, 2.01, 2.74, 1.42, 2.53

2.63, 1.57, 2.59, 2.83, 4.50, 2.16, 3.15, 4.20, 3.95, 1.62, 4.20, 4.54, 2.00, 2.73, 1.39, 2.54

2.68, 1.53, 2.66, 2.83, 4.47, 2.16, 3.14, 4.23, 3.94, 1.63, 4.20, 4.55, 2.00, 2.75, 1.43, 2.53

2.83, 1.57, 2.64, 2.84, 4.48, 2.17, 3.18, 4.23, 3.95, 1.62, 4.20, 4.54, 2.00, 2.74, 1.39, 2.51

2.62, 1.56, 2.60, 2.81, 4.46, 2.13, 3.17, 4.23, 3.95, 1.62, 4.21, 4.56, 2.00, 2.74, 1.44, 2.51

2.53, 1.54, 2.67, 2.84, 4.50, 2.18, 3.20, 4.21, 3.96, 1.61, 4.21, 4.54, 1.99, 2.75, 1.39, 2.52

2.67, 1.56, 2.64, 2.83, 4.45, 2.14, 3.16, 4.24, 3.95, 1.62, 4.19, 4.54, 2.00, 2.75, 1.41, 2.51

2.61, 1.55, 2.67, 2.85, 4.48, 2.18, 3.16, 4.22, 3.97, 1.61, 4.22, 4.53, 2.01, 2.75, 1.41, 2.54

2.50, 1.57, 2.64, 2.85, 4.47, 2.14, 3.17, 4.23, 3.95, 1.63, 4.20, 4.56, 1.99, 2.74, 1.40, 2.53

2.58, 1.55, 2.59, 2.81, 4.48, 2.15, 3.15, 4.20, 3.95, 1.61, 4.20, 4.55, 1.98, 2.73, 1.44, 2.53

2.75, 1.55, 2.64, 2.85, 4.50, 2.17, 3.16, 4.22, 3.95, 1.63, 4.21, 4.53, 1.99, 2.74, 1.41, 2.53

2.62, 1.55, 2.65, 2.84, 4.49, 2.14, 3.14, 4.25, 3.95, 1.61, 4.20, 4.54, 1.97, 2.74, 1.42, 2.53

2.70, 1.56, 2.60, 2.84, 4.50, 2.14, 3.14, 4.19, 3.96, 1.61, 4.20, 4.55, 2.00, 2.73, 1.43, 2.52

2.56, 1.55, 2.67, 2.81, 4.46, 2.15, 3.14, 4.24, 3.96, 1.62, 4.21, 4.54, 2.00, 2.74, 1.40, 2.52

2.73, 1.54, 2.62, 2.83, 4.48, 2.18, 3.16, 4.22, 3.96, 1.62, 4.20, 4.56, 1.98, 2.74, 1.41, 2.53

2.56, 1.55, 2.62, 2.83, 4.47, 2.14, 3.14, 4.23, 3.94, 1.63, 4.20, 4.55, 2.01, 2.75, 1.42, 2.53

2.65, 1.54, 2.62, 2.81, 4.46, 2.15, 3.16, 4.24, 3.94, 1.63, 4.19, 4.54, 2.00, 2.72, 1.41, 2.51

2.59, 1.53, 2.65, 2.83, 4.49, 2.16, 3.18, 4.23, 3.94, 1.63, 4.20, 4.55, 1.98, 2.73, 1.40, 2.52

2.61, 1.56, 2.61, 2.82, 4.45, 2.13, 3.17, 4.23, 3.95, 1.62, 4.20, 4.53, 1.98, 2.71, 1.42, 2.52

2.68, 1.55, 2.64, 2.84, 4.47, 2.16, 3.15, 4.24, 3.94, 1.62, 4.22, 4.54, 1.98, 2.74, 1.44, 2.52

2.65, 1.55, 2.67, 2.85, 4.50, 2.15, 3.18, 4.20, 3.95, 1.62, 4.21, 4.53, 1.98, 2.76, 1.40, 2.52

2.49, 1.56, 2.60, 2.84, 4.48, 2.15, 3.16, 4.23, 3.95, 1.63, 4.21, 4.54, 2.00, 2.74, 1.40, 2.53

2.62, 1.54, 2.64, 2.83, 4.46, 2.15, 3.15, 4.20, 3.94, 1.64, 4.20, 4.54, 2.00, 2.74, 1.43, 2.51

2.50, 1.54, 2.55, 2.83, 4.47, 2.14, 3.18, 4.22, 3.95, 1.62, 4.21, 4.54, 1.97, 2.75, 1.41, 2.52

2.66, 1.56, 2.65, 2.82, 4.45, 2.14, 3.16, 4.23, 3.94, 1.62, 4.21, 4.54, 1.98, 2.74, 1.45, 2.53

2.65, 1.55, 2.64, 2.84, 4.48, 2.15, 3.16, 4.24, 3.95, 1.62, 4.19, 4.55, 1.98, 2.75, 1.43, 2.52

2.61, 1.55, 2.65, 2.82, 4.46, 2.15, 3.19, 4.23, 3.95, 1.62, 4.20, 4.55, 1.98, 2.74, 1.40, 2.54

2.62, 1.55, 2.64, 2.83, 4.48, 2.14, 3.16, 4.24, 3.94, 1.63, 4.20, 4.53, 1.98, 2.72, 1.41, 2.55

2.62, 1.56, 2.64, 2.83, 4.47, 2.13, 3.14, 4.20, 3.94, 1.62, 4.21, 4.55, 1.99, 2.75, 1.42, 2.53

2.64, 1.55, 2.65, 2.86, 4.47, 2.19, 3.17, 4.24, 3.94, 1.63, 4.20, 4.53, 1.99, 2.73, 1.39, 2.51

2.57, 1.55, 2.63, 2.84, 4.50, 2.13, 3.18, 4.23, 3.94, 1.63, 4.21, 4.54, 2.01, 2.74, 1.38, 2.52

2.57, 1.55, 2.60, 2.84, 4.49, 2.15, 3.16, 4.22, 3.92, 1.62, 4.19, 4.53, 1.99, 2.74, 1.39, 2.54

2.58, 1.58, 2.65, 2.83, 4.48, 2.16, 3.14, 4.21, 3.95, 1.64, 4.20, 4.55, 2.00, 2.75, 1.39, 2.51

2.56, 1.54, 2.65, 2.85, 4.46, 2.15, 3.17, 4.23, 3.94, 1.63, 4.20, 4.54, 2.00, 2.74, 1.42, 2.53

2.62, 1.55, 2.61, 2.84, 4.45, 2.14, 3.14, 4.22, 3.94, 1.62, 4.19, 4.56, 1.97, 2.74, 1.40, 2.52

2.49, 1.56, 2.60, 2.84, 4.48, 2.15, 3.16, 4.24, 3.94, 1.61, 4.19, 4.55, 2.00, 2.75, 1.43, 2.52

2.58, 1.57, 2.60, 2.84, 4.50, 2.16, 3.15, 4.22, 3.95, 1.62, 4.21, 4.55, 1.99, 2.78, 1.43, 2.51

2.60, 1.58, 2.61, 2.83, 4.45, 2.13, 3.18, 4.23, 3.95, 1.62, 4.21, 4.55, 1.99, 2.75, 1.43, 2.52

2.57, 1.57, 2.62, 2.85, 4.46, 2.13, 3.14, 4.23, 3.95, 1.61, 4.21, 4.54, 1.99, 2.74, 1.41, 2.52

2.56, 1.57, 2.61, 2.82, 4.49, 2.15, 3.15, 4.26, 3.96, 1.63, 4.20, 4.54, 1.99, 2.72, 1.39, 2.55

2.62, 1.55, 2.65, 2.84, 4.47, 2.16, 3.17, 4.24, 3.94, 1.62, 4.21, 4.55, 1.99, 2.74, 1.43, 2.52

2.71, 1.57, 2.67, 2.82, 4.48, 2.17, 3.16, 4.23, 3.93, 1.63, 4.20, 4.52, 1.99, 2.73, 1.38, 2.51

2.55, 1.54, 2.60, 2.84, 4.49, 2.14, 3.15, 4.22, 3.96, 1.62, 4.20, 4.56, 2.00, 2.74, 1.39, 2.54

2.58, 1.55, 2.64, 2.83, 4.47, 2.15, 3.16, 4.23, 3.94, 1.62, 4.21, 4.55, 1.96, 2.74, 1.44, 2.49

2.55, 1.57, 2.59, 2.84, 4.50, 2.13, 3.16, 4.23, 3.94, 1.62, 4.21, 4.54, 2.01, 2.74, 1.40, 2.55

2.57, 1.54, 2.62, 2.81, 4.49, 2.13, 3.16, 4.22, 3.94, 1.62, 4.21, 4.54, 2.00, 2.76, 1.43, 2.52

2.56, 1.57, 2.57, 2.81, 4.50, 2.14, 3.19, 4.23, 3.94, 1.61, 4.20, 4.53, 2.00, 2.75, 1.43, 2.51

2.52, 1.58, 2.63, 2.83, 4.47, 2.13, 3.16, 4.22, 3.94, 1.63, 4.20, 4.53, 2.01, 2.73, 1.41, 2.52

2.65, 1.57, 2.63, 2.84, 4.50, 2.14, 3.16, 4.25, 3.95, 1.62, 4.20, 4.53, 2.00, 2.76, 1.41, 2.52

2.60, 1.54, 2.61, 2.83, 4.45, 2.11, 3.18, 4.23, 3.95, 1.63, 4.21, 4.55, 2.00, 2.73, 1.43, 2.53

2.71, 1.54, 2.65, 2.85, 4.47, 2.13, 3.17, 4.21, 3.94, 1.63, 4.20, 4.52, 1.99, 2.75, 1.43, 2.52

2.57, 1.56, 2.59, 2.84, 4.47, 2.13, 3.16, 4.22, 3.93, 1.62, 4.21, 4.54, 1.96, 2.73, 1.41, 2.53

2.53, 1.56, 2.63, 2.81, 4.50, 2.14, 3.16, 4.23, 3.93, 1.61, 4.21, 4.56, 1.99, 2.73, 1.39, 2.53

2.55, 1.55, 2.59, 2.83, 4.51, 2.16, 3.16, 4.20, 3.95, 1.63, 4.20, 4.53, 1.98, 2.72, 1.43, 2.52

2.57, 1.54, 2.67, 2.83, 4.49, 2.14, 3.16, 4.23, 3.95, 1.61, 4.20, 4.55, 2.00, 2.73, 1.39, 2.54

2.50, 1.54, 2.66, 2.83, 4.46, 2.15, 3.16, 4.20, 3.94, 1.61, 4.19, 4.56, 1.99, 2.76, 1.44, 2.51

2.67, 1.55, 2.62, 2.83, 4.47, 2.14, 3.15, 4.24, 3.95, 1.62, 4.20, 4.56, 2.00, 2.74, 1.44, 2.52

2.50, 1.56, 2.64, 2.82, 4.48, 2.14, 3.15, 4.21, 3.95, 1.62, 4.20, 4.54, 1.99, 2.73, 1.43, 2.52

2.56, 1.57, 2.63, 2.81, 4.47, 2.15, 3.16, 4.21, 3.93, 1.63, 4.20, 4.55, 2.00, 2.73, 1.38, 2.54

2.64, 1.57, 2.64, 2.84, 4.48, 2.14, 3.17, 4.21, 3.94, 1.62, 4.20, 4.55, 1.99, 2.74, 1.41, 2.52

2.54, 1.56, 2.62, 2.83, 4.46, 2.15, 3.15, 4.22, 3.97, 1.62, 4.20, 4.54, 1.99, 2.74, 1.43, 2.52

2.59, 1.57, 2.65, 2.85, 4.45, 2.17, 3.18, 4.23, 3.94, 1.62, 4.21, 4.54, 2.00, 2.73, 1.41, 2.53

2.49, 1.56, 2.62, 2.83, 4.50, 2.14, 3.18, 4.22, 3.94, 1.62, 4.20, 4.55, 1.99, 2.73, 1.44, 2.53

2.56, 1.56, 2.60, 2.83, 4.48, 2.15, 3.15, 4.23, 3.95, 1.62, 4.21, 4.54, 2.00, 2.75, 1.36, 2.54

2.58, 1.53, 2.65, 2.85, 4.47, 2.14, 3.17, 4.24, 3.96, 1.62, 4.19, 4.56, 2.00, 2.74, 1.40, 2.54

2.49, 1.55, 2.59, 2.82, 4.50, 2.15, 3.17, 4.22, 3.95, 1.62, 4.21, 4.56, 2.00, 2.73, 1.43, 2.52

2.53, 1.54, 2.66, 2.84, 4.46, 2.14, 3.17, 4.23, 3.93, 1.62, 4.21, 4.54, 2.00, 2.75, 1.44, 2.53

2.63, 1.56, 2.63, 2.83, 4.48, 2.17, 3.19, 4.24, 3.94, 1.62, 4.19, 4.54, 2.00, 2.73, 1.40, 2.54

2.61, 1.54, 2.60, 2.83, 4.46, 2.12, 3.15, 4.18, 3.94, 1.62, 4.21, 4.54, 1.99, 2.73, 1.41, 2.54

2.55, 1.55, 2.63, 2.83, 4.46, 2.14, 3.15, 4.21, 3.95, 1.62, 4.21, 4.56, 2.01, 2.73, 1.46, 2.53

2.56, 1.55, 2.64, 2.85, 4.47, 2.17, 3.16, 4.19, 3.95, 1.61, 4.19, 4.55, 1.99, 2.75, 1.42, 2.52

2.59, 1.54, 2.60, 2.85, 4.49, 2.15, 3.14, 4.20, 3.96, 1.61, 4.20, 4.55, 1.99, 2.74, 1.39, 2.52

2.68, 1.55, 2.62, 2.83, 4.46, 2.13, 3.14, 4.22, 3.96, 1.62, 4.20, 4.54, 2.00, 2.74, 1.44, 2.51

2.64, 1.55, 2.62, 2.83, 4.49, 2.14, 3.19, 4.23, 3.94, 1.63, 4.22, 4.54, 2.01, 2.73, 1.43, 2.53

2.50, 1.54, 2.60, 2.83, 4.50, 2.14, 3.18, 4.21, 3.94, 1.62, 4.20, 4.56, 1.99, 2.75, 1.42, 2.52

2.70, 1.57, 2.64, 2.82, 4.47, 2.15, 3.15, 4.23, 3.95, 1.62, 4.19, 4.53, 2.00, 2.74, 1.39, 2.52

