2.53, 1.56, 2.61, 2.86, 4.48, 2.16, 3.13, 4.18, 4.01, 1.62, 4.21, 4.58, 1.99, 2.73, 1.42, 2.51

2.70, 1.52, 2.56, 2.85, 4.49, 2.13, 3.14, 4.26, 4.02, 1.64, 4.20, 4.55, 1.99, 2.76, 1.44, 2.52

2.72, 1.52, 2.59, 2.84, 4.49, 2.13, 3.13, 4.23, 4.01, 1.64, 4.20, 4.56, 1.99, 2.72, 1.42, 2.52

2.62, 1.54, 2.62, 2.82, 4.50, 2.13, 3.15, 4.25, 3.99, 1.65, 4.21, 4.56, 2.00, 2.73, 1.45, 2.51

2.64, 1.54, 2.61, 2.84, 4.51, 2.17, 3.13, 4.26, 4.00, 1.64, 4.20, 4.56, 1.99, 2.73, 1.40, 2.50

2.65, 1.54, 2.56, 2.84, 4.50, 2.15, 3.16, 4.22, 3.97, 1.63, 4.19, 4.56, 1.98, 2.73, 1.38, 2.49

2.50, 1.54, 2.59, 2.82, 4.49, 2.15, 3.15, 4.20, 3.99, 1.64, 4.19, 4.54, 1.97, 2.72, 1.40, 2.47

2.69, 1.54, 2.57, 2.84, 4.54, 2.12, 3.13, 4.23, 3.95, 1.64, 4.18, 4.56, 1.97, 2.72, 1.35, 2.46

2.48, 1.52, 2.65, 2.82, 4.54, 2.13, 3.12, 4.25, 3.95, 1.63, 4.18, 4.54, 1.99, 2.72, 1.39, 2.47

2.70, 1.53, 2.60, 2.82, 4.52, 2.16, 3.14, 4.25, 3.97, 1.64, 4.19, 4.54, 1.99, 2.73, 1.39, 2.46

2.49, 1.50, 2.58, 2.81, 4.49, 2.15, 3.13, 4.25, 3.95, 1.63, 4.19, 4.54, 1.97, 2.72, 1.39, 2.47

2.57, 1.51, 2.58, 2.81, 4.54, 2.12, 3.14, 4.24, 3.96, 1.64, 4.19, 4.54, 1.98, 2.73, 1.38, 2.46

2.52, 1.52, 2.61, 2.84, 4.53, 2.17, 3.12, 4.25, 3.96, 1.65, 4.18, 4.54, 1.98, 2.71, 1.36, 2.44

2.54, 1.51, 2.62, 2.82, 4.54, 2.14, 3.14, 4.26, 3.96, 1.63, 4.18, 4.54, 1.98, 2.73, 1.35, 2.43

2.55, 1.53, 2.64, 2.85, 4.52, 2.16, 3.15, 4.22, 3.95, 1.64, 4.18, 4.54, 1.97, 2.75, 1.37, 2.46

2.58, 1.53, 2.57, 2.84, 4.52, 2.15, 3.13, 4.20, 3.96, 1.63, 4.17, 4.53, 1.98, 2.72, 1.40, 2.46

2.56, 1.52, 2.62, 2.82, 4.50, 2.15, 3.16, 4.23, 3.96, 1.64, 4.18, 4.55, 1.97, 2.73, 1.35, 2.45

2.67, 1.53, 2.63, 2.84, 4.52, 2.19, 3.15, 4.22, 3.97, 1.63, 4.17, 4.55, 1.97, 2.73, 1.36, 2.47

2.62, 1.55, 2.64, 2.84, 4.55, 2.16, 3.18, 4.24, 3.98, 1.64, 4.17, 4.55, 1.96, 2.73, 1.39, 2.46

2.56, 1.53, 2.62, 2.81, 4.51, 2.18, 3.20, 4.23, 3.96, 1.66, 4.16, 4.55, 1.97, 2.75, 1.41, 2.44

2.45, 1.52, 2.57, 2.84, 4.55, 2.19, 3.16, 4.23, 3.96, 1.63, 4.18, 4.53, 1.97, 2.73, 1.37, 2.48

2.58, 1.52, 2.58, 2.82, 4.54, 2.16, 3.16, 4.21, 3.96, 1.65, 4.19, 4.54, 1.99, 2.75, 1.38, 2.46

2.55, 1.55, 2.62, 2.83, 4.53, 2.20, 3.21, 4.22, 3.94, 1.64, 4.18, 4.54, 1.99, 2.74, 1.37, 2.44

2.53, 1.53, 2.63, 2.84, 4.53, 2.14, 3.22, 4.23, 3.93, 1.65, 4.20, 4.56, 1.98, 2.73, 1.36, 2.46

2.47, 1.54, 2.65, 2.83, 4.51, 2.16, 3.20, 4.21, 3.95, 1.65, 4.20, 4.56, 1.98, 2.73, 1.36, 2.44

2.57, 1.54, 2.61, 2.82, 4.49, 2.17, 3.19, 4.23, 3.95, 1.63, 4.17, 4.54, 1.99, 2.74, 1.35, 2.44

2.58, 1.53, 2.61, 2.84, 4.49, 2.14, 3.19, 4.23, 3.95, 1.63, 4.18, 4.55, 1.99, 2.76, 1.41, 2.45

2.63, 1.53, 2.58, 2.81, 4.49, 2.14, 3.19, 4.22, 3.95, 1.65, 4.17, 4.56, 1.98, 2.75, 1.42, 2.46

2.60, 1.55, 2.57, 2.84, 4.51, 2.17, 3.19, 4.25, 3.97, 1.65, 4.18, 4.56, 1.97, 2.71, 1.37, 2.47

2.65, 1.53, 2.63, 2.83, 4.50, 2.13, 3.18, 4.26, 3.95, 1.63, 4.19, 4.55, 1.98, 2.74, 1.43, 2.47

2.64, 1.54, 2.64, 2.82, 4.52, 2.17, 3.20, 4.25, 3.94, 1.63, 4.18, 4.54, 1.98, 2.73, 1.42, 2.45

2.61, 1.56, 2.58, 2.84, 4.52, 2.17, 3.24, 4.24, 3.95, 1.64, 4.17, 4.54, 1.97, 2.75, 1.40, 2.44

2.69, 1.54, 2.63, 2.83, 4.47, 2.14, 3.25, 4.37, 3.98, 1.64, 4.19, 4.54, 1.98, 2.75, 1.36, 2.45

2.65, 1.52, 2.65, 2.83, 4.45, 2.14, 3.24, 4.26, 3.97, 1.63, 4.21, 4.54, 1.98, 2.76, 1.38, 2.47

2.66, 1.53, 2.57, 2.82, 4.49, 2.10, 3.20, 4.31, 3.97, 1.65, 4.21, 4.57, 1.99, 2.73, 1.38, 2.47

2.52, 1.52, 2.59, 2.82, 4.49, 2.10, 3.19, 4.32, 3.98, 1.64, 4.19, 4.57, 1.99, 2.76, 1.41, 2.44

2.66, 1.50, 2.59, 2.83, 4.45, 2.12, 3.19, 4.27, 3.97, 1.65, 4.21, 4.57, 1.98, 2.76, 1.43, 2.43

2.68, 1.48, 2.58, 2.85, 4.46, 2.11, 3.16, 4.36, 3.95, 1.65, 4.19, 4.57, 1.98, 2.74, 1.37, 2.47

2.58, 1.48, 2.63, 2.85, 4.46, 2.10, 3.21, 4.41, 3.96, 1.65, 4.19, 4.58, 1.99, 2.76, 1.36, 2.45

2.83, 1.28, 2.44, 3.04, 4.57, 2.03, 3.10, 4.60, 4.54, 1.53, 4.20, 4.71, 1.98, 2.76, 1.38, 2.45

2.70, 1.48, 2.57, 2.87, 4.48, 2.08, 3.18, 4.47, 4.25, 1.55, 4.19, 4.68, 1.98, 2.76, 1.38, 2.46

2.71, 1.45, 2.52, 2.79, 4.46, 2.10, 3.18, 4.44, 4.12, 1.56, 4.19, 4.65, 1.99, 2.77, 1.43, 2.47

2.61, 1.48, 2.56, 2.79, 4.46, 2.13, 3.22, 4.43, 4.03, 1.59, 4.20, 4.61, 1.98, 2.77, 1.38, 2.47

2.54, 1.48, 2.58, 2.81, 4.46, 2.11, 3.21, 4.39, 3.99, 1.60, 4.20, 4.59, 1.98, 2.76, 1.39, 2.45

2.59, 1.50, 2.59, 2.79, 4.45, 2.13, 3.20, 4.43, 3.97, 1.60, 4.18, 4.62, 1.98, 2.76, 1.41, 2.47

2.71, 1.48, 2.59, 2.79, 4.46, 2.12, 3.25, 4.43, 4.00, 1.59, 4.19, 4.60, 1.98, 2.76, 1.38, 2.47

2.59, 1.46, 2.62, 2.79, 4.47, 2.11, 3.24, 4.41, 3.96, 1.58, 4.20, 4.62, 1.98, 2.78, 1.44, 2.46

2.56, 1.48, 2.61, 2.78, 4.43, 2.14, 3.23, 4.29, 3.95, 1.58, 4.19, 4.57, 1.98, 2.77, 1.39, 2.46

2.48, 1.50, 2.67, 2.80, 4.45, 2.15, 3.22, 4.25, 3.90, 1.56, 4.17, 4.53, 1.98, 2.77, 1.39, 2.43

2.61, 1.52, 2.66, 2.79, 4.45, 2.14, 3.23, 4.16, 3.86, 1.58, 4.17, 4.54, 1.98, 2.76, 1.41, 2.43

2.53, 1.52, 2.67, 2.77, 4.42, 2.12, 3.21, 4.19, 3.86, 1.58, 4.16, 4.55, 1.95, 2.76, 1.39, 2.42

2.45, 1.49, 2.57, 2.76, 4.40, 2.13, 3.21, 4.20, 3.85, 1.65, 4.16, 4.56, 1.97, 2.76, 1.34, 2.40

2.40, 1.52, 2.65, 2.78, 4.41, 2.15, 3.19, 4.21, 3.74, 1.65, 4.16, 4.48, 1.96, 2.74, 1.37, 2.43

2.46, 1.52, 2.58, 2.78, 4.42, 2.15, 3.21, 4.21, 3.74, 1.70, 4.15, 4.50, 1.97, 2.74, 1.39, 2.44

2.40, 1.48, 2.55, 2.78, 4.44, 2.13, 3.21, 4.21, 3.73, 1.76, 4.16, 4.49, 1.98, 2.77, 1.41, 2.43

2.41, 1.49, 2.56, 2.80, 4.44, 2.18, 3.22, 4.21, 3.74, 1.78, 4.16, 4.49, 1.97, 2.75, 1.38, 2.47

2.34, 1.48, 2.57, 2.80, 4.44, 2.15, 3.24, 4.24, 3.76, 1.82, 4.17, 4.54, 1.98, 2.74, 1.37, 2.45

2.42, 1.49, 2.58, 2.80, 4.49, 2.13, 3.24, 4.23, 3.75, 1.84, 4.15, 4.56, 1.96, 2.75, 1.39, 2.45

2.31, 1.51, 2.62, 2.79, 4.47, 2.11, 3.23, 4.23, 3.76, 1.87, 4.18, 4.63, 1.97, 2.76, 1.38, 2.46

2.77, 1.45, 2.57, 2.80, 4.47, 2.14, 3.20, 4.19, 3.79, 1.85, 4.17, 4.62, 1.96, 2.76, 1.36, 2.47

2.69, 1.52, 2.63, 2.80, 4.49, 2.10, 3.21, 4.21, 3.78, 1.80, 4.16, 4.63, 1.96, 2.75, 1.37, 2.47

2.67, 1.52, 2.63, 2.80, 4.49, 2.12, 3.19, 4.23, 3.82, 1.81, 4.17, 4.64, 1.98, 2.73, 1.35, 2.48

2.51, 1.50, 2.61, 2.80, 4.48, 2.11, 3.19, 4.25, 3.82, 1.83, 4.16, 4.63, 1.97, 2.75, 1.39, 2.47

2.67, 1.52, 2.60, 2.80, 4.52, 2.11, 3.18, 4.19, 3.81, 1.82, 4.17, 4.63, 1.98, 2.76, 1.35, 2.49

2.70, 1.51, 2.58, 2.80, 4.51, 2.11, 3.19, 4.23, 3.81, 1.81, 4.17, 4.63, 1.96, 2.75, 1.38, 2.48

2.64, 1.52, 2.64, 2.79, 4.48, 2.16, 3.17, 4.24, 3.82, 1.81, 4.15, 4.63, 1.98, 2.75, 1.39, 2.46

2.66, 1.53, 2.60, 2.82, 4.51, 2.12, 3.17, 4.23, 3.81, 1.81, 4.15, 4.62, 1.97, 2.74, 1.38, 2.48

2.67, 1.51, 2.56, 2.81, 4.49, 2.12, 3.15, 4.21, 3.83, 1.81, 4.17, 4.64, 1.97, 2.74, 1.34, 2.47

2.50, 1.52, 2.57, 2.79, 4.48, 2.11, 3.17, 4.21, 3.80, 1.79, 4.17, 4.65, 1.98, 2.75, 1.39, 2.45

2.58, 1.51, 2.60, 2.77, 4.52, 2.12, 3.15, 4.22, 3.83, 1.79, 4.16, 4.64, 1.98, 2.75, 1.39, 2.46

2.61, 1.50, 2.63, 2.80, 4.46, 2.12, 3.19, 4.25, 3.81, 1.81, 4.16, 4.65, 1.97, 2.73, 1.38, 2.48

2.68, 1.52, 2.61, 2.77, 4.45, 2.15, 3.17, 4.22, 3.81, 1.78, 4.16, 4.63, 1.97, 2.73, 1.38, 2.49

2.66, 1.51, 2.62, 2.79, 4.47, 2.10, 3.19, 4.20, 3.81, 1.79, 4.15, 4.63, 1.99, 2.74, 1.34, 2.48

2.52, 1.52, 2.65, 2.79, 4.48, 2.11, 3.20, 4.21, 3.81, 1.79, 4.16, 4.63, 1.97, 2.74, 1.36, 2.48

2.79, 1.52, 2.64, 2.79, 4.48, 2.16, 3.20, 4.21, 3.81, 1.79, 4.16, 4.62, 1.96, 2.76, 1.36, 2.48

2.54, 1.49, 2.59, 2.80, 4.49, 2.12, 3.19, 4.23, 3.82, 1.79, 4.16, 4.62, 1.98, 2.75, 1.35, 2.48

2.57, 1.49, 2.58, 2.78, 4.47, 2.12, 3.21, 4.22, 3.80, 1.78, 4.17, 4.65, 1.98, 2.76, 1.39, 2.48

2.69, 1.49, 2.59, 2.80, 4.49, 2.11, 3.20, 4.22, 3.81, 1.79, 4.16, 4.63, 1.98, 2.76, 1.36, 2.48

2.61, 1.51, 2.64, 2.81, 4.48, 2.10, 3.20, 4.22, 3.80, 1.79, 4.16, 4.61, 1.95, 2.75, 1.34, 2.50

2.50, 1.52, 2.63, 2.79, 4.47, 2.15, 3.17, 4.23, 3.80, 1.79, 4.16, 4.63, 1.97, 2.75, 1.37, 2.48

2.67, 1.50, 2.58, 2.80, 4.47, 2.14, 3.17, 4.23, 3.80, 1.77, 4.17, 4.62, 1.97, 2.75, 1.40, 2.48

2.51, 1.50, 2.64, 2.79, 4.46, 2.10, 3.18, 4.24, 3.80, 1.78, 4.17, 4.62, 1.99, 2.75, 1.37, 2.47

2.67, 1.51, 2.62, 2.82, 4.48, 2.11, 3.19, 4.20, 3.81, 1.78, 4.17, 4.61, 1.95, 2.74, 1.38, 2.48

2.64, 1.50, 2.62, 2.79, 4.49, 2.10, 3.18, 4.20, 3.83, 1.78, 4.16, 4.63, 1.98, 2.74, 1.40, 2.48

2.64, 1.51, 2.62, 2.81, 4.46, 2.11, 3.19, 4.22, 3.81, 1.77, 4.15, 4.64, 1.96, 2.75, 1.38, 2.47

2.69, 1.89, 2.52, 2.93, 4.54, 2.08, 3.10, 4.27, 3.74, 1.84, 4.16, 4.56, 1.96, 2.80, 1.42, 2.42

2.89, 4.20, 2.42, 3.36, 4.75, 1.90, 2.91, 4.46, 3.67, 1.93, 4.17, 4.50, 1.97, 2.82, 1.39, 2.44

2.82, 5.72, 2.42, 3.51, 4.84, 1.88, 2.85, 4.50, 3.68, 1.91, 4.19, 4.50, 1.96, 2.84, 1.39, 2.43

2.87, 5.57, 2.42, 3.50, 4.86, 1.89, 2.86, 4.48, 3.68, 1.90, 4.17, 4.50, 1.97, 2.83, 1.37, 2.46

2.87, 6.12, 2.36, 3.51, 4.85, 1.89, 2.86, 4.52, 3.68, 1.92, 4.17, 4.49, 1.98, 2.84, 1.43, 2.41

3.03, 7.15, 2.39, 3.57, 4.88, 1.90, 2.83, 4.53, 3.67, 1.93, 4.21, 4.48, 1.98, 2.88, 1.43, 2.40

3.01, 7.91, 2.36, 3.64, 4.92, 1.88, 2.80, 4.56, 3.66, 1.94, 4.22, 4.50, 1.98, 2.87, 1.44, 2.39

3.15, 8.81, 2.43, 3.79, 4.94, 1.87, 2.78, 4.59, 3.69, 1.93, 4.22, 4.49, 1.98, 2.86, 1.41, 2.41

3.06, 9.78, 2.37, 3.89, 5.00, 1.88, 2.75, 4.62, 3.68, 1.93, 4.23, 4.48, 1.95, 2.85, 1.39, 2.43

3.13, 10.74, 2.40, 3.93, 4.99, 1.89, 2.76, 4.67, 3.68, 1.93, 4.25, 4.50, 1.98, 2.88, 1.40, 2.42

3.19, 12.37, 2.43, 4.02, 5.05, 1.90, 2.71, 4.64, 3.68, 1.96, 4.30, 4.47, 1.97, 2.87, 1.41, 2.41

3.16, 13.79, 2.42, 4.06, 5.04, 1.86, 2.70, 4.69, 3.67, 1.94, 4.34, 4.47, 1.96, 2.88, 1.41, 2.39

3.13, 14.64, 2.41, 4.14, 5.06, 1.87, 2.71, 4.71, 3.68, 1.93, 4.35, 4.48, 1.97, 2.86, 1.40, 2.42

3.14, 15.35, 2.34, 4.29, 5.07, 1.88, 2.69, 4.70, 3.68, 1.93, 4.27, 4.46, 1.97, 2.88, 1.42, 2.41

3.23, 16.09, 2.42, 4.40, 5.04, 1.88, 2.70, 4.72, 3.67, 1.93, 4.28, 4.44, 1.98, 2.89, 1.42, 2.40

2.91, 16.97, 2.40, 4.41, 5.06, 1.87, 2.68, 4.70, 3.66, 1.95, 4.31, 4.43, 1.96, 2.89, 1.39, 2.43

3.02, 17.86, 2.37, 4.48, 5.06, 1.88, 2.67, 4.72, 3.67, 1.96, 4.35, 4.42, 1.97, 2.88, 1.41, 2.41

2.94, 18.84, 2.40, 4.57, 5.06, 1.89, 2.65, 4.76, 3.67, 1.99, 4.37, 4.39, 1.98, 2.91, 1.40, 2.39

3.04, 19.96, 2.49, 4.59, 5.08, 1.86, 2.66, 4.77, 3.68, 2.00, 4.39, 4.39, 1.97, 2.88, 1.42, 2.40

2.97, 20.90, 2.37, 4.60, 5.11, 1.87, 2.64, 4.79, 3.67, 1.99, 4.39, 4.40, 1.97, 2.90, 1.44, 2.41

2.92, 21.70, 2.43, 4.75, 5.09, 1.92, 2.61, 4.80, 3.67, 2.01, 4.37, 4.38, 1.98, 2.89, 1.40, 2.38

2.87, 22.74, 2.43, 4.91, 5.11, 1.88, 2.63, 4.85, 3.68, 2.00, 4.38, 4.37, 1.97, 2.90, 1.43, 2.39

3.02, 23.51, 2.43, 4.91, 5.13, 1.87, 2.60, 4.80, 3.68, 2.02, 4.38, 4.38, 2.00, 2.89, 1.39, 2.40

2.94, 23.96, 2.40, 4.96, 5.14, 1.87, 2.62, 4.79, 3.69, 2.02, 4.38, 4.38, 1.97, 2.89, 1.45, 2.41

2.88, 24.44, 2.39, 4.99, 5.14, 1.88, 2.60, 4.83, 3.67, 2.03, 4.36, 4.40, 1.98, 2.90, 1.41, 2.39

2.90, 24.79, 2.41, 4.96, 5.14, 1.88, 2.62, 4.87, 3.69, 2.01, 4.37, 4.40, 1.97, 2.90, 1.42, 2.42

2.80, 24.71, 2.44, 4.93, 5.15, 1.86, 2.60, 4.85, 3.68, 2.02, 4.35, 4.40, 1.97, 2.88, 1.41, 2.41

2.85, 24.58, 2.41, 4.88, 5.15, 1.89, 2.59, 4.84, 3.69, 2.01, 4.37, 4.41, 1.98, 2.89, 1.45, 2.42

2.89, 24.62, 2.41, 4.90, 5.17, 1.88, 2.56, 4.83, 3.67, 2.02, 4.35, 4.42, 1.98, 2.87, 1.44, 2.42

2.96, 24.80, 2.40, 4.89, 5.17, 1.91, 2.59, 4.86, 3.68, 2.02, 4.37, 4.41, 1.98, 2.88, 1.41, 2.41

2.89, 24.71, 2.34, 4.82, 5.17, 1.91, 2.55, 4.84, 3.68, 2.01, 4.36, 4.42, 1.96, 2.89, 1.42, 2.40

2.80, 24.73, 2.36, 4.81, 5.14, 1.86, 2.56, 4.83, 3.70, 2.02, 4.36, 4.44, 1.99, 2.90, 1.42, 2.39

2.95, 24.53, 2.36, 4.81, 5.14, 1.89, 2.58, 4.84, 3.67, 1.99, 4.35, 4.43, 1.97, 2.88, 1.44, 2.39

2.92, 24.34, 2.42, 4.90, 5.17, 1.88, 2.58, 4.83, 3.66, 2.01, 4.35, 4.43, 1.96, 2.89, 1.44, 2.39

2.81, 24.30, 2.37, 4.91, 5.15, 1.89, 2.58, 4.80, 3.68, 1.99, 4.35, 4.45, 1.95, 2.88, 1.38, 2.42

2.85, 24.37, 2.41, 4.92, 5.16, 1.87, 2.58, 4.88, 3.67, 2.00, 4.36, 4.43, 1.98, 2.90, 1.44, 2.39

2.85, 24.48, 2.40, 4.92, 5.17, 1.92, 2.58, 4.85, 3.69, 1.98, 4.34, 4.44, 1.97, 2.89, 1.41, 2.40

2.99, 24.42, 2.39, 4.90, 5.17, 1.88, 2.60, 4.87, 3.68, 1.99, 4.34, 4.43, 1.98, 2.88, 1.39, 2.41

2.97, 24.61, 2.39, 4.94, 5.19, 1.91, 2.58, 4.84, 3.68, 1.99, 4.36, 4.42, 1.97, 2.88, 1.45, 2.40

3.13, 25.05, 2.35, 4.98, 5.18, 1.91, 2.58, 4.85, 3.68, 2.01, 4.35, 4.41, 1.96, 2.90, 1.40, 2.39

3.01, 25.80, 2.39, 5.01, 5.18, 1.86, 2.56, 4.84, 3.68, 2.03, 4.37, 4.39, 1.97, 2.89, 1.41, 2.39

3.10, 27.25, 2.37, 5.13, 5.17, 1.88, 2.57, 4.86, 3.69, 2.07, 4.39, 4.38, 1.97, 2.91, 1.45, 2.41

3.06, 28.68, 2.42, 5.35, 5.21, 1.89, 2.54, 4.86, 3.68, 2.07, 4.41, 4.36, 1.97, 2.92, 1.45, 2.39

3.13, 29.54, 2.43, 5.45, 5.17, 1.88, 2.55, 4.87, 3.69, 2.06, 4.40, 4.37, 1.98, 2.91, 1.46, 2.38

3.12, 28.69, 2.39, 5.38, 5.21, 1.87, 2.55, 4.90, 3.69, 2.01, 4.37, 4.39, 1.98, 2.92, 1.42, 2.41

3.07, 26.30, 2.40, 5.20, 5.22, 1.88, 2.56, 4.87, 3.68, 1.97, 4.31, 4.41, 1.95, 2.90, 1.44, 2.40

3.03, 22.08, 2.36, 4.86, 5.15, 1.90, 2.59, 4.85, 3.68, 1.97, 4.36, 4.38, 1.97, 2.86, 1.40, 2.41

2.98, 17.07, 2.39, 4.46, 5.11, 1.86, 2.65, 4.81, 3.67, 2.01, 4.39, 4.38, 1.98, 2.83, 1.40, 2.45

2.90, 11.56, 2.41, 4.25, 4.98, 1.88, 2.79, 4.72, 3.73, 1.99, 4.33, 4.45, 2.00, 2.80, 1.37, 2.45

2.89, 6.37, 2.36, 4.01, 4.87, 1.91, 2.95, 4.53, 3.99, 1.76, 4.17, 4.63, 1.98, 2.75, 1.35, 2.47

2.89, 2.45, 2.42, 3.48, 4.59, 1.87, 3.12, 4.39, 4.06, 1.72, 4.15, 4.66, 1.97, 2.69, 1.32, 2.51

2.66, 1.39, 2.46, 2.93, 4.55, 2.02, 3.06, 4.33, 4.14, 1.64, 4.16, 4.75, 1.97, 2.70, 1.34, 2.49

2.72, 1.41, 2.48, 2.94, 4.57, 2.05, 3.10, 4.29, 4.13, 1.67, 4.16, 4.75, 1.97, 2.68, 1.30, 2.51

2.74, 1.42, 2.52, 2.94, 4.58, 2.07, 3.09, 4.30, 4.12, 1.66, 4.16, 4.72, 1.97, 2.68, 1.32, 2.51

2.60, 1.41, 2.50, 2.94, 4.59, 2.04, 3.10, 4.32, 4.12, 1.65, 4.17, 4.74, 1.96, 2.70, 1.32, 2.51

2.67, 1.42, 2.52, 2.92, 4.56, 2.05, 3.12, 4.29, 4.12, 1.66, 4.15, 4.74, 1.97, 2.70, 1.36, 2.49

2.66, 1.41, 2.51, 2.92, 4.58, 2.06, 3.10, 4.29, 4.11, 1.66, 4.16, 4.75, 1.97, 2.69, 1.38, 2.50

2.82, 1.44, 2.53, 2.91, 4.56, 2.05, 3.09, 4.30, 4.12, 1.66, 4.15, 4.73, 1.97, 2.69, 1.31, 2.49

2.61, 1.41, 2.54, 2.93, 4.53, 2.04, 3.11, 4.29, 4.11, 1.67, 4.17, 4.76, 1.97, 2.68, 1.33, 2.50

2.58, 1.44, 2.51, 2.90, 4.54, 2.04, 3.10, 4.27, 4.12, 1.66, 4.17, 4.74, 1.97, 2.69, 1.34, 2.50

2.75, 1.42, 2.54, 2.92, 4.53, 2.08, 3.12, 4.30, 4.12, 1.65, 4.16, 4.74, 1.97, 2.71, 1.33, 2.50

2.57, 1.44, 2.52, 2.92, 4.56, 2.08, 3.11, 4.30, 4.12, 1.66, 4.17, 4.74, 1.97, 2.69, 1.34, 2.48

2.63, 1.45, 2.55, 2.93, 4.58, 2.05, 3.13, 4.32, 4.13, 1.65, 4.17, 4.73, 1.97, 2.69, 1.33, 2.50

2.80, 1.46, 2.52, 2.92, 4.55, 2.05, 3.09, 4.29, 4.11, 1.65, 4.17, 4.74, 1.97, 2.69, 1.31, 2.51

2.70, 1.42, 2.54, 2.92, 4.56, 2.06, 3.11, 4.29, 4.12, 1.66, 4.18, 4.75, 1.97, 2.70, 1.37, 2.52

2.72, 1.43, 2.54, 2.90, 4.54, 2.09, 3.09, 4.32, 4.12, 1.66, 4.16, 4.74, 1.99, 2.70, 1.36, 2.49

2.64, 1.44, 2.54, 2.92, 4.54, 2.06, 3.10, 4.32, 4.11, 1.67, 4.16, 4.73, 1.97, 2.72, 1.34, 2.50

2.56, 1.44, 2.58, 2.92, 4.54, 2.09, 3.11, 4.31, 4.11, 1.66, 4.15, 4.72, 1.98, 2.70, 1.32, 2.50

2.62, 1.44, 2.55, 2.92, 4.57, 2.06, 3.10, 4.30, 4.11, 1.65, 4.17, 4.73, 1.96, 2.70, 1.36, 2.48

2.62, 1.46, 2.53, 2.92, 4.59, 2.06, 3.08, 4.25, 4.12, 1.63, 4.15, 4.75, 1.98, 2.72, 1.37, 2.48

2.75, 1.47, 2.58, 2.92, 4.53, 2.08, 3.10, 4.29, 4.11, 1.64, 4.18, 4.76, 1.97, 2.70, 1.36, 2.49

2.73, 1.47, 2.55, 2.89, 4.56, 2.05, 3.09, 4.32, 4.10, 1.64, 4.16, 4.73, 1.99, 2.72, 1.32, 2.49

2.78, 1.46, 2.51, 2.92, 4.55, 2.05, 3.10, 4.30, 4.10, 1.61, 4.16, 4.74, 1.98, 2.71, 1.37, 2.51

2.84, 1.46, 2.55, 2.93, 4.57, 2.07, 3.10, 4.36, 4.13, 1.61, 4.20, 4.79, 2.00, 2.73, 1.33, 2.52

2.72, 1.47, 2.56, 2.93, 4.52, 2.03, 3.14, 4.39, 4.10, 1.58, 4.18, 4.75, 1.99, 2.70, 1.34, 2.51

2.72, 1.47, 2.57, 2.92, 4.56, 2.06, 3.13, 4.38, 4.06, 1.56, 4.17, 4.70, 1.96, 2.72, 1.36, 2.53

2.78, 1.48, 2.55, 2.93, 4.56, 2.04, 3.13, 4.35, 4.09, 1.54, 4.16, 4.72, 1.95, 2.72, 1.34, 2.50

2.65, 1.47, 2.55, 2.94, 4.56, 2.02, 3.14, 4.43, 4.09, 1.54, 4.15, 4.71, 1.98, 2.71, 1.37, 2.48

2.75, 1.45, 2.46, 2.92, 4.56, 2.03, 3.17, 4.46, 4.09, 1.56, 4.14, 4.72, 1.97, 2.73, 1.33, 2.50

2.78, 1.43, 2.50, 2.93, 4.55, 2.02, 3.18, 4.52, 4.06, 1.55, 4.14, 4.72, 1.96, 2.72, 1.38, 2.49

2.68, 1.45, 2.50, 2.93, 4.52, 2.03, 3.18, 4.44, 4.10, 1.55, 4.18, 4.76, 1.99, 2.76, 1.39, 2.48

2.87, 1.45, 2.51, 2.92, 4.54, 2.05, 3.17, 4.50, 4.09, 1.52, 4.20, 4.73, 2.00, 2.76, 1.40, 2.50

2.83, 1.47, 2.55, 2.91, 4.51, 2.09, 3.20, 4.52, 4.05, 1.49, 4.18, 4.73, 1.98, 2.77, 1.38, 2.47

2.77, 1.49, 2.54, 2.87, 4.50, 2.06, 3.18, 4.37, 4.05, 1.50, 4.17, 4.71, 1.98, 2.77, 1.40, 2.47

2.76, 1.49, 2.58, 2.87, 4.49, 2.08, 3.16, 4.21, 4.03, 1.52, 4.18, 4.69, 1.98, 2.78, 1.39, 2.50

2.75, 1.53, 2.57, 2.89, 4.51, 2.08, 3.15, 4.20, 4.03, 1.53, 4.17, 4.72, 1.98, 2.76, 1.41, 2.47

2.73, 1.51, 2.60, 2.87, 4.52, 2.09, 3.14, 4.23, 4.03, 1.56, 4.16, 4.71, 1.97, 2.75, 1.40, 2.46

2.80, 1.51, 2.61, 2.87, 4.49, 2.10, 3.10, 4.21, 4.02, 1.56, 4.15, 4.70, 1.97, 2.75, 1.40, 2.47

2.76, 1.50, 2.52, 2.89, 4.49, 2.10, 3.11, 4.18, 4.01, 1.57, 4.15, 4.73, 1.96, 2.76, 1.41, 2.48

2.74, 1.51, 2.60, 2.89, 4.49, 2.10, 3.11, 4.16, 4.03, 1.57, 4.16, 4.71, 1.96, 2.72, 1.39, 2.48

2.63, 1.52, 2.55, 2.87, 4.51, 2.08, 3.11, 4.28, 4.04, 1.58, 4.14, 4.70, 1.96, 2.72, 1.37, 2.48

2.79, 1.51, 2.54, 2.86, 4.46, 2.11, 3.12, 4.28, 4.03, 1.60, 4.14, 4.71, 1.97, 2.75, 1.38, 2.47

2.74, 1.49, 2.59, 2.90, 4.49, 2.10, 3.14, 4.33, 4.04, 1.59, 4.16, 4.71, 1.97, 2.73, 1.36, 2.47

2.76, 1.51, 2.57, 2.90, 4.51, 2.09, 3.12, 4.35, 4.04, 1.59, 4.17, 4.75, 1.98, 2.76, 1.39, 2.49

2.73, 1.52, 2.55, 2.89, 4.51, 2.11, 3.11, 4.43, 4.05, 1.56, 4.19, 4.74, 1.98, 2.75, 1.38, 2.49

2.84, 1.54, 2.58, 2.89, 4.50, 2.09, 3.17, 4.48, 4.06, 1.56, 4.19, 4.72, 1.98, 2.77, 1.40, 2.47

2.80, 1.54, 2.55, 2.89, 4.52, 2.13, 3.17, 4.49, 4.07, 1.56, 4.18, 4.74, 1.98, 2.76, 1.39, 2.48

2.73, 1.53, 2.50, 2.89, 4.48, 2.07, 3.16, 4.48, 4.07, 1.59, 4.18, 4.73, 1.99, 2.76, 1.42, 2.49

2.71, 1.52, 2.52, 2.88, 4.47, 2.08, 3.16, 4.42, 4.06, 1.59, 4.18, 4.76, 1.98, 2.76, 1.39, 2.52

2.67, 1.53, 2.56, 2.89, 4.51, 2.10, 3.16, 4.34, 4.06, 1.58, 4.20, 4.76, 1.97, 2.79, 1.40, 2.50

2.64, 1.51, 2.59, 2.90, 4.45, 2.13, 3.15, 4.22, 4.05, 1.55, 4.19, 4.71, 1.98, 2.78, 1.41, 2.50

2.64, 1.50, 2.53, 2.88, 4.49, 2.14, 3.17, 4.22, 4.04, 1.54, 4.19, 4.70, 1.98, 2.76, 1.45, 2.51

2.58, 1.54, 2.57, 2.89, 4.48, 2.12, 3.13, 4.25, 3.98, 1.55, 4.19, 4.66, 1.98, 2.77, 1.41, 2.48

2.57, 1.54, 2.56, 2.88, 4.47, 2.11, 3.16, 4.23, 3.93, 1.55, 4.18, 4.62, 1.97, 2.76, 1.40, 2.48

2.63, 1.54, 2.52, 2.87, 4.48, 2.11, 3.14, 4.30, 3.93, 1.55, 4.19, 4.61, 1.96, 2.77, 1.41, 2.48

2.57, 1.54, 2.60, 2.87, 4.48, 2.15, 3.15, 4.37, 3.87, 1.51, 4.19, 4.57, 1.99, 2.78, 1.46, 2.47

2.61, 1.60, 2.66, 2.85, 4.41, 2.19, 3.22, 4.40, 3.80, 1.48, 4.20, 4.51, 1.98, 2.80, 1.48, 2.44

2.54, 1.64, 2.71, 2.83, 4.42, 2.18, 3.28, 4.47, 3.75, 1.46, 4.18, 4.50, 2.00, 2.79, 1.42, 2.42

2.46, 1.61, 2.70, 2.81, 4.35, 2.17, 3.31, 4.35, 3.74, 1.46, 4.20, 4.50, 1.99, 2.80, 1.44, 2.44

2.48, 1.64, 2.72, 2.79, 4.36, 2.17, 3.31, 4.38, 3.73, 1.48, 4.17, 4.44, 2.00, 2.81, 1.46, 2.44

2.57, 1.67, 2.71, 2.78, 4.39, 2.20, 3.33, 4.27, 3.70, 1.45, 4.20, 4.46, 1.98, 2.79, 1.47, 2.44

2.71, 1.66, 2.73, 2.77, 4.34, 2.22, 3.35, 4.15, 3.67, 1.44, 4.16, 4.41, 1.97, 2.78, 1.49, 2.39

2.68, 1.65, 2.71, 2.78, 4.34, 2.25, 3.31, 4.03, 3.67, 1.54, 4.15, 4.43, 1.97, 2.80, 1.48, 2.41

2.55, 1.63, 2.68, 2.75, 4.36, 2.25, 3.29, 4.04, 3.67, 1.58, 4.15, 4.45, 1.97, 2.79, 1.43, 2.43

2.51, 1.60, 2.70, 2.79, 4.32, 2.27, 3.31, 4.06, 3.67, 1.59, 4.16, 4.40, 1.97, 2.79, 1.47, 2.42

2.53, 1.64, 2.75, 2.74, 4.33, 2.29, 3.35, 4.12, 3.66, 1.63, 4.16, 4.44, 1.97, 2.78, 1.46, 2.42

2.57, 1.62, 2.68, 2.76, 4.33, 2.28, 3.34, 4.13, 3.69, 1.67, 4.15, 4.48, 1.97, 2.80, 1.45, 2.42

2.54, 1.62, 2.76, 2.78, 4.37, 2.24, 3.31, 4.12, 3.71, 1.73, 4.16, 4.50, 1.98, 2.79, 1.44, 2.42

2.61, 1.62, 2.66, 2.78, 4.41, 2.23, 3.32, 4.13, 3.72, 1.73, 4.16, 4.50, 1.96, 2.80, 1.45, 2.44

2.38, 1.63, 2.65, 2.78, 4.40, 2.23, 3.34, 4.17, 3.73, 1.71, 4.15, 4.49, 1.94, 2.80, 1.44, 2.42

2.54, 1.62, 2.65, 2.77, 4.40, 2.24, 3.37, 4.15, 3.76, 1.73, 4.16, 4.51, 1.98, 2.78, 1.43, 2.39

2.53, 1.63, 2.71, 2.79, 4.39, 2.21, 3.35, 4.26, 3.78, 1.72, 4.20, 4.51, 1.99, 2.82, 1.47, 2.42

2.67, 1.60, 2.70, 2.78, 4.39, 2.23, 3.36, 4.37, 3.70, 1.66, 4.16, 4.45, 1.97, 2.78, 1.44, 2.41

2.51, 1.65, 2.68, 2.78, 4.38, 2.19, 3.39, 4.37, 3.68, 1.62, 4.18, 4.45, 1.98, 2.79, 1.48, 2.40

2.41, 1.64, 2.69, 2.77, 4.42, 2.19, 3.42, 4.41, 3.69, 1.62, 4.16, 4.43, 1.97, 2.82, 1.46, 2.41

2.63, 1.62, 2.63, 2.79, 4.41, 2.22, 3.37, 4.36, 3.72, 1.65, 4.16, 4.45, 1.98, 2.82, 1.44, 2.41

2.58, 1.62, 2.59, 2.79, 4.46, 2.21, 3.39, 4.39, 3.73, 1.65, 4.16, 4.46, 1.96, 2.82, 1.49, 2.42

2.56, 1.59, 2.63, 2.82, 4.44, 2.23, 3.38, 4.39, 3.71, 1.63, 4.15, 4.46, 1.97, 2.80, 1.44, 2.39

2.55, 1.58, 2.67, 2.80, 4.42, 2.21, 3.39, 4.39, 3.69, 1.62, 4.15, 4.46, 1.97, 2.82, 1.44, 2.42

2.70, 1.63, 2.63, 2.81, 4.42, 2.22, 3.39, 4.38, 3.69, 1.62, 4.16, 4.49, 1.97, 2.81, 1.45, 2.41

2.59, 1.61, 2.63, 2.76, 4.43, 2.22, 3.40, 4.35, 3.70, 1.64, 4.16, 4.45, 1.97, 2.81, 1.44, 2.42

2.68, 1.62, 2.68, 2.78, 4.41, 2.20, 3.39, 4.33, 3.70, 1.64, 4.15, 4.47, 1.96, 2.79, 1.49, 2.43

2.62, 1.65, 2.63, 2.79, 4.40, 2.21, 3.38, 4.30, 3.70, 1.65, 4.16, 4.44, 1.99, 2.83, 1.48, 2.44

2.63, 1.66, 2.66, 2.78, 4.42, 2.21, 3.40, 4.27, 3.68, 1.64, 4.17, 4.43, 1.98, 2.82, 1.43, 2.43

2.59, 1.67, 2.72, 2.80, 4.43, 2.23, 3.42, 4.28, 3.68, 1.65, 4.17, 4.43, 1.97, 2.82, 1.44, 2.45

2.50, 1.63, 2.69, 2.79, 4.40, 2.21, 3.38, 4.23, 3.72, 1.66, 4.16, 4.43, 1.97, 2.82, 1.46, 2.45

2.57, 1.62, 2.68, 2.80, 4.40, 2.22, 3.39, 4.28, 3.72, 1.68, 4.17, 4.42, 1.96, 2.81, 1.47, 2.43

2.57, 1.62, 2.66, 2.81, 4.40, 2.21, 3.44, 4.28, 3.72, 1.68, 4.16, 4.45, 1.98, 2.83, 1.45, 2.43

2.57, 1.64, 2.74, 2.79, 4.41, 2.20, 3.46, 4.27, 3.75, 1.69, 4.16, 4.43, 1.99, 2.83, 1.43, 2.41

3.65, 1.71, 2.92, 2.79, 4.38, 2.23, 3.52, 4.32, 3.70, 1.73, 4.17, 4.41, 1.97, 2.83, 1.44, 2.40

4.33, 1.75, 2.96, 2.77, 4.38, 2.25, 3.53, 4.25, 3.70, 1.75, 4.17, 4.42, 1.98, 2.82, 1.49, 2.40

3.88, 1.72, 2.92, 2.77, 4.35, 2.25, 3.51, 4.30, 3.70, 1.75, 4.17, 4.43, 1.98, 2.84, 1.46, 2.40

3.76, 1.69, 2.92, 2.78, 4.36, 2.29, 3.50, 4.28, 3.72, 1.74, 4.16, 4.43, 1.99, 2.84, 1.47, 2.40

3.53, 1.66, 2.90, 2.78, 4.34, 2.23, 3.53, 4.31, 3.74, 1.75, 4.17, 4.46, 1.98, 2.85, 1.43, 2.42

3.02, 1.60, 2.79, 2.76, 4.40, 2.22, 3.49, 4.32, 3.75, 1.69, 4.19, 4.43, 1.98, 2.84, 1.42, 2.41

2.95, 1.62, 2.71, 2.79, 4.39, 2.22, 3.49, 4.31, 3.73, 1.70, 4.18, 4.44, 1.97, 2.82, 1.46, 2.40

2.99, 1.61, 2.76, 2.75, 4.37, 2.24, 3.51, 4.32, 3.74, 1.71, 4.17, 4.45, 1.97, 2.83, 1.45, 2.41

3.48, 1.63, 2.80, 2.77, 4.38, 2.24, 3.53, 4.30, 3.75, 1.77, 4.17, 4.47, 1.96, 2.83, 1.44, 2.40

3.88, 1.66, 2.94, 2.78, 4.35, 2.24, 3.54, 4.29, 3.75, 1.76, 4.18, 4.47, 1.97, 2.82, 1.42, 2.41

4.14, 1.67, 2.95, 2.79, 4.38, 2.26, 3.55, 4.33, 3.73, 1.75, 4.17, 4.43, 1.97, 2.82, 1.42, 2.42

4.57, 1.71, 3.03, 2.76, 4.36, 2.26, 3.52, 4.31, 3.71, 1.78, 4.19, 4.44, 1.98, 2.83, 1.46, 2.37

5.22, 1.75, 3.11, 2.77, 4.34, 2.29, 3.55, 4.27, 3.71, 1.80, 4.18, 4.43, 1.98, 2.85, 1.40, 2.38

6.18, 1.80, 3.21, 2.77, 4.35, 2.32, 3.58, 4.28, 3.70, 1.84, 4.18, 4.38, 1.98, 2.85, 1.44, 2.39

7.20, 1.85, 3.38, 2.76, 4.33, 2.31, 3.58, 4.25, 3.68, 1.82, 4.17, 4.40, 1.97, 2.85, 1.46, 2.38

8.57, 1.89, 3.52, 2.77, 4.29, 2.34, 3.60, 4.27, 3.69, 1.82, 4.20, 4.37, 1.97, 2.85, 1.47, 2.38

9.44, 1.91, 3.69, 2.78, 4.30, 2.38, 3.64, 4.24, 3.69, 1.78, 4.18, 4.38, 1.98, 2.84, 1.50, 2.38

10.86, 1.96, 3.84, 2.75, 4.26, 2.38, 3.66, 4.21, 3.69, 1.77, 4.18, 4.40, 1.99, 2.85, 1.45, 2.40

12.47, 1.96, 4.09, 2.78, 4.22, 2.42, 3.68, 4.18, 3.68, 1.74, 4.18, 4.38, 1.97, 2.86, 1.50, 2.37

14.02, 2.01, 4.31, 2.78, 4.21, 2.48, 3.75, 4.14, 3.69, 1.76, 4.18, 4.38, 1.99, 2.85, 1.48, 2.37

14.88, 2.06, 4.40, 2.79, 4.21, 2.44, 3.73, 4.16, 3.68, 1.77, 4.17, 4.37, 1.98, 2.87, 1.50, 2.37

15.85, 2.06, 4.51, 2.76, 4.16, 2.45, 3.74, 4.10, 3.68, 1.75, 4.18, 4.38, 1.97, 2.87, 1.49, 2.40

16.40, 2.06, 4.57, 2.77, 4.20, 2.47, 3.75, 4.09, 3.68, 1.74, 4.17, 4.39, 2.00, 2.88, 1.53, 2.39

17.22, 2.11, 4.63, 2.76, 4.16, 2.50, 3.71, 4.03, 3.69, 1.75, 4.18, 4.39, 1.98, 2.85, 1.47, 2.37

17.92, 2.13, 4.75, 2.78, 4.19, 2.52, 3.77, 3.96, 3.70, 1.75, 4.17, 4.38, 1.98, 2.87, 1.51, 2.36

19.01, 2.15, 4.81, 2.76, 4.19, 2.51, 3.74, 3.95, 3.70, 1.79, 4.17, 4.40, 1.96, 2.85, 1.48, 2.40

20.17, 2.16, 4.98, 2.77, 4.17, 2.54, 3.74, 3.93, 3.69, 1.80, 4.17, 4.37, 1.97, 2.86, 1.48, 2.38

20.64, 2.18, 5.02, 2.76, 4.17, 2.52, 3.76, 3.94, 3.70, 1.77, 4.17, 4.38, 1.98, 2.86, 1.48, 2.39

21.25, 2.17, 5.12, 2.78, 4.15, 2.55, 3.79, 3.95, 3.70, 1.79, 4.17, 4.36, 1.97, 2.86, 1.48, 2.40

21.56, 2.22, 5.13, 2.78, 4.16, 2.53, 3.77, 3.93, 3.69, 1.78, 4.18, 4.39, 1.97, 2.86, 1.48, 2.37

21.71, 2.23, 5.14, 2.77, 4.14, 2.53, 3.76, 3.93, 3.69, 1.79, 4.17, 4.37, 1.98, 2.87, 1.52, 2.39

21.56, 2.23, 5.14, 2.77, 4.16, 2.55, 3.79, 3.93, 3.69, 1.79, 4.18, 4.35, 1.98, 2.87, 1.48, 2.41

21.33, 2.19, 5.11, 2.78, 4.16, 2.56, 3.77, 3.90, 3.68, 1.79, 4.18, 4.38, 1.97, 2.87, 1.52, 2.38

21.29, 2.20, 5.18, 2.76, 4.19, 2.54, 3.80, 3.94, 3.70, 1.79, 4.18, 4.35, 1.97, 2.86, 1.52, 2.38

21.52, 2.24, 5.13, 2.76, 4.16, 2.54, 3.79, 3.91, 3.70, 1.78, 4.17, 4.37, 1.98, 2.86, 1.50, 2.39

21.50, 2.23, 5.17, 2.76, 4.17, 2.51, 3.77, 3.95, 3.69, 1.80, 4.18, 4.37, 1.98, 2.87, 1.53, 2.38

21.99, 2.20, 5.17, 2.79, 4.18, 2.55, 3.78, 3.89, 3.68, 1.79, 4.19, 4.36, 1.98, 2.87, 1.46, 2.39

21.96, 2.21, 5.12, 2.77, 4.16, 2.52, 3.78, 3.96, 3.72, 1.82, 4.17, 4.39, 2.00, 2.87, 1.51, 2.38

22.12, 2.28, 5.21, 2.77, 4.19, 2.50, 3.80, 3.91, 3.70, 1.83, 4.19, 4.40, 1.97, 2.86, 1.44, 2.41

22.09, 2.26, 5.07, 2.75, 4.16, 2.49, 3.78, 3.92, 3.69, 1.83, 4.18, 4.42, 1.96, 2.85, 1.48, 2.42

22.44, 2.25, 5.17, 2.77, 4.16, 2.53, 3.80, 3.94, 3.68, 1.84, 4.18, 4.41, 1.99, 2.87, 1.51, 2.39

22.27, 2.26, 5.15, 2.78, 4.15, 2.49, 3.81, 3.92, 3.69, 1.83, 4.17, 4.40, 1.98, 2.87, 1.49, 2.39

21.79, 2.27, 5.07, 2.78, 4.17, 2.51, 3.78, 3.93, 3.69, 1.86, 4.18, 4.43, 1.99, 2.87, 1.49, 2.40

21.90, 2.27, 5.12, 2.77, 4.13, 2.52, 3.78, 3.94, 3.69, 1.84, 4.19, 4.38, 1.99, 2.86, 1.46, 2.41

21.78, 2.26, 5.05, 2.77, 4.17, 2.52, 3.75, 3.93, 3.69, 1.83, 4.18, 4.40, 2.00, 2.86, 1.49, 2.39

21.92, 2.28, 5.06, 2.77, 4.18, 2.51, 3.75, 3.91, 3.70, 1.83, 4.19, 4.40, 1.98, 2.86, 1.48, 2.40

22.22, 2.28, 5.15, 2.77, 4.15, 2.51, 3.76, 3.93, 3.70, 1.86, 4.19, 4.41, 1.99, 2.86, 1.49, 2.40

22.45, 2.31, 5.19, 2.78, 4.17, 2.52, 3.75, 3.92, 3.71, 1.86, 4.19, 4.43, 1.98, 2.86, 1.46, 2.41

22.78, 2.33, 5.24, 2.79, 4.12, 2.52, 3.78, 3.93, 3.71, 1.89, 4.18, 4.43, 1.98, 2.86, 1.47, 2.41

23.11, 2.33, 5.20, 2.78, 4.16, 2.51, 3.77, 3.92, 3.71, 1.89, 4.19, 4.42, 2.00, 2.89, 1.50, 2.42

22.74, 2.31, 5.23, 2.76, 4.15, 2.53, 3.77, 3.92, 3.70, 1.89, 4.18, 4.43, 1.97, 2.86, 1.50, 2.39

22.49, 2.30, 5.12, 2.78, 4.16, 2.53, 3.76, 3.93, 3.70, 1.86, 4.18, 4.39, 1.99, 2.87, 1.47, 2.40

22.34, 2.28, 5.19, 2.78, 4.18, 2.54, 3.75, 3.90, 3.69, 1.86, 4.17, 4.38, 1.99, 2.87, 1.47, 2.42

22.67, 2.30, 5.17, 2.78, 4.12, 2.53, 3.76, 3.92, 3.69, 1.87, 4.17, 4.40, 1.98, 2.87, 1.47, 2.40

22.81, 2.30, 5.25, 2.78, 4.13, 2.51, 3.77, 3.92, 3.70, 1.86, 4.18, 4.41, 1.98, 2.85, 1.50, 2.42

23.07, 2.30, 5.30, 2.79, 4.11, 2.52, 3.79, 3.93, 3.70, 1.87, 4.19, 4.39, 1.99, 2.86, 1.51, 2.42

23.23, 2.31, 5.27, 2.77, 4.16, 2.52, 3.78, 3.91, 3.69, 1.85, 4.19, 4.42, 1.97, 2.86, 1.49, 2.41

23.31, 2.31, 5.37, 2.79, 4.11, 2.51, 3.78, 3.92, 3.71, 1.86, 4.18, 4.39, 1.99, 2.88, 1.47, 2.42

23.87, 2.31, 5.37, 2.78, 4.14, 2.54, 3.75, 3.94, 3.68, 1.87, 4.18, 4.41, 1.99, 2.85, 1.50, 2.40

23.77, 2.33, 5.40, 2.77, 4.10, 2.51, 3.77, 3.91, 3.69, 1.86, 4.19, 4.41, 1.97, 2.88, 1.50, 2.40

24.05, 2.32, 5.46, 2.77, 4.11, 2.54, 3.79, 3.91, 3.68, 1.85, 4.19, 4.42, 1.97, 2.88, 1.50, 2.42

23.40, 2.28, 5.38, 2.78, 4.12, 2.54, 3.83, 3.94, 3.71, 1.85, 4.17, 4.41, 1.99, 2.87, 1.47, 2.41

21.47, 2.23, 5.16, 2.76, 4.16, 2.49, 3.83, 3.94, 3.70, 1.87, 4.19, 4.42, 1.99, 2.87, 1.49, 2.42

18.27, 2.14, 4.80, 2.79, 4.16, 2.48, 3.82, 3.92, 3.69, 1.85, 4.20, 4.40, 1.98, 2.84, 1.45, 2.45

13.99, 2.05, 4.29, 2.79, 4.17, 2.40, 3.79, 3.90, 3.69, 1.87, 4.18, 4.46, 1.98, 2.83, 1.44, 2.46

8.75, 1.86, 3.54, 2.79, 4.22, 2.33, 3.65, 4.13, 3.66, 1.95, 4.16, 4.46, 1.97, 2.80, 1.43, 2.48

3.98, 1.67, 2.82, 2.77, 4.33, 2.21, 3.36, 4.11, 3.78, 1.88, 4.16, 4.56, 1.97, 2.77, 1.37, 2.47

2.52, 1.55, 2.63, 2.77, 4.42, 2.17, 3.27, 4.18, 3.87, 1.81, 4.16, 4.59, 1.97, 2.75, 1.33, 2.48

2.49, 1.54, 2.61, 2.78, 4.45, 2.14, 3.26, 4.21, 3.87, 1.80, 4.16, 4.61, 1.99, 2.77, 1.33, 2.51

2.60, 1.54, 2.65, 2.79, 4.40, 2.19, 3.22, 4.18, 3.87, 1.75, 4.15, 4.62, 1.95, 2.77, 1.35, 2.48

2.62, 1.59, 2.67, 2.80, 4.41, 2.15, 3.23, 4.21, 3.88, 1.68, 4.15, 4.60, 1.97, 2.77, 1.35, 2.48

2.41, 1.58, 2.64, 2.77, 4.44, 2.16, 3.24, 4.17, 3.88, 1.69, 4.15, 4.61, 1.96, 2.76, 1.34, 2.49

2.48, 1.57, 2.65, 2.78, 4.41, 2.19, 3.22, 4.20, 3.90, 1.69, 4.15, 4.61, 1.97, 2.79, 1.36, 2.49

2.54, 1.58, 2.58, 2.77, 4.44, 2.15, 3.22, 4.18, 3.90, 1.69, 4.15, 4.62, 1.97, 2.75, 1.37, 2.52

2.47, 1.57, 2.63, 2.79, 4.41, 2.14, 3.22, 4.17, 3.89, 1.67, 4.14, 4.61, 1.96, 2.77, 1.34, 2.50

2.53, 1.56, 2.59, 2.79, 4.39, 2.17, 3.21, 4.24, 3.89, 1.68, 4.14, 4.62, 1.97, 2.77, 1.36, 2.51

2.49, 1.57, 2.61, 2.79, 4.42, 2.14, 3.21, 4.18, 3.90, 1.69, 4.15, 4.64, 1.97, 2.76, 1.36, 2.50

2.60, 1.56, 2.64, 2.77, 4.44, 2.18, 3.20, 4.20, 3.89, 1.69, 4.15, 4.62, 1.97, 2.77, 1.34, 2.50

2.40, 1.59, 2.64, 2.78, 4.41, 2.15, 3.20, 4.18, 3.90, 1.69, 4.14, 4.61, 1.97, 2.76, 1.35, 2.51

2.59, 1.58, 2.54, 2.78, 4.44, 2.14, 3.20, 4.21, 3.90, 1.69, 4.15, 4.62, 1.95, 2.77, 1.35, 2.49

2.60, 1.56, 2.59, 2.78, 4.43, 2.14, 3.22, 4.19, 3.90, 1.69, 4.15, 4.64, 1.97, 2.75, 1.37, 2.50

2.57, 1.58, 2.59, 2.79, 4.45, 2.13, 3.21, 4.21, 3.92, 1.69, 4.15, 4.64, 1.97, 2.77, 1.35, 2.52

2.36, 1.55, 2.64, 2.77, 4.41, 2.17, 3.21, 4.18, 3.90, 1.70, 4.16, 4.64, 1.96, 2.76, 1.37, 2.51

2.50, 1.57, 2.63, 2.79, 4.44, 2.17, 3.19, 4.19, 3.90, 1.70, 4.16, 4.63, 1.95, 2.75, 1.33, 2.50

2.41, 1.54, 2.58, 2.79, 4.42, 2.16, 3.23, 4.21, 3.92, 1.69, 4.15, 4.63, 1.97, 2.77, 1.36, 2.50

2.42, 1.55, 2.67, 2.79, 4.42, 2.17, 3.23, 4.23, 3.90, 1.69, 4.15, 4.64, 1.97, 2.75, 1.33, 2.50

2.40, 1.53, 2.64, 2.79, 4.47, 2.11, 3.24, 4.18, 3.93, 1.70, 4.17, 4.67, 1.97, 2.78, 1.38, 2.50

2.45, 1.49, 2.62, 2.79, 4.47, 2.14, 3.26, 4.30, 3.96, 1.70, 4.18, 4.67, 2.00, 2.75, 1.38, 2.49

2.67, 1.48, 2.62, 2.84, 4.46, 2.12, 3.32, 4.33, 3.96, 1.71, 4.16, 4.67, 1.99, 2.76, 1.32, 2.50

2.68, 1.46, 2.59, 2.89, 4.49, 2.11, 3.30, 4.37, 3.97, 1.69, 4.18, 4.66, 1.98, 2.78, 1.37, 2.47

2.85, 1.43, 2.51, 2.94, 4.46, 2.09, 3.34, 4.31, 3.95, 1.68, 4.16, 4.66, 1.98, 2.74, 1.35, 2.47

2.74, 1.45, 2.58, 2.93, 4.49, 2.10, 3.32, 4.27, 3.89, 1.66, 4.16, 4.61, 1.96, 2.75, 1.34, 2.47

2.72, 1.47, 2.63, 2.93, 4.47, 2.13, 3.34, 4.26, 3.87, 1.63, 4.16, 4.56, 1.97, 2.75, 1.38, 2.47

2.87, 1.50, 2.62, 2.93, 4.47, 2.15, 3.26, 4.25, 3.87, 1.69, 4.17, 4.57, 1.97, 2.74, 1.34, 2.50

2.88, 1.52, 2.61, 2.92, 4.45, 2.14, 3.27, 4.29, 3.89, 1.68, 4.16, 4.58, 1.97, 2.74, 1.36, 2.47

2.89, 1.52, 2.59, 2.91, 4.49, 2.11, 3.24, 4.19, 3.90, 1.70, 4.15, 4.61, 1.96, 2.74, 1.33, 2.46

2.86, 1.52, 2.53, 2.90, 4.47, 2.10, 3.24, 4.27, 3.93, 1.72, 4.15, 4.62, 1.97, 2.74, 1.36, 2.47

2.80, 1.52, 2.54, 2.89, 4.48, 2.11, 3.22, 4.16, 3.92, 1.72, 4.15, 4.62, 1.98, 2.75, 1.35, 2.48

2.81, 1.55, 2.57, 2.88, 4.47, 2.15, 3.23, 4.14, 3.90, 1.73, 4.14, 4.59, 1.96, 2.74, 1.32, 2.47

2.98, 1.58, 2.53, 2.86, 4.49, 2.12, 3.26, 4.20, 3.90, 1.73, 4.15, 4.62, 1.97, 2.74, 1.31, 2.46

2.89, 1.56, 2.58, 2.84, 4.44, 2.12, 3.25, 4.22, 3.89, 1.73, 4.14, 4.62, 1.97, 2.75, 1.34, 2.47

2.80, 1.58, 2.54, 2.87, 4.46, 2.13, 3.28, 4.21, 3.90, 1.73, 4.15, 4.61, 1.98, 2.76, 1.34, 2.48

2.60, 1.57, 2.59, 2.81, 4.45, 2.13, 3.23, 4.20, 3.88, 1.74, 4.14, 4.61, 1.96, 2.75, 1.34, 2.48

2.66, 1.56, 2.56, 2.85, 4.44, 2.13, 3.21, 4.18, 3.89, 1.73, 4.15, 4.62, 1.97, 2.74, 1.35, 2.45

2.73, 1.56, 2.59, 2.82, 4.44, 2.15, 3.21, 4.19, 3.89, 1.74, 4.14, 4.62, 1.96, 2.75, 1.31, 2.47

2.68, 1.57, 2.57, 2.83, 4.46, 2.11, 3.22, 4.21, 3.90, 1.74, 4.14, 4.61, 1.95, 2.73, 1.34, 2.46

2.67, 1.57, 2.54, 2.84, 4.43, 2.14, 3.20, 4.17, 3.91, 1.74, 4.15, 4.61, 1.97, 2.74, 1.33, 2.48

2.65, 1.59, 2.54, 2.83, 4.42, 2.12, 3.20, 4.20, 3.89, 1.74, 4.15, 4.61, 1.97, 2.76, 1.36, 2.48

2.64, 1.60, 2.60, 2.82, 4.40, 2.11, 3.20, 4.18, 3.88, 1.74, 4.16, 4.60, 1.96, 2.75, 1.32, 2.49

2.58, 1.60, 2.60, 2.84, 4.41, 2.15, 3.18, 4.17, 3.90, 1.72, 4.14, 4.58, 1.97, 2.74, 1.33, 2.49

2.66, 1.60, 2.56, 2.83, 4.42, 2.12, 3.19, 4.18, 3.91, 1.74, 4.15, 4.59, 1.95, 2.73, 1.33, 2.49

2.77, 1.58, 2.61, 2.84, 4.43, 2.12, 3.20, 4.18, 3.89, 1.74, 4.15, 4.60, 1.97, 2.75, 1.37, 2.48

2.70, 1.58, 2.61, 2.83, 4.43, 2.13, 3.17, 4.17, 3.90, 1.72, 4.14, 4.60, 1.96, 2.76, 1.36, 2.47

2.62, 1.58, 2.61, 2.84, 4.46, 2.13, 3.22, 4.22, 3.88, 1.72, 4.14, 4.59, 1.97, 2.74, 1.33, 2.47

2.57, 1.61, 2.60, 2.85, 4.43, 2.12, 3.20, 4.21, 3.88, 1.73, 4.15, 4.60, 1.97, 2.75, 1.37, 2.49

2.74, 1.60, 2.59, 2.84, 4.45, 2.16, 3.20, 4.24, 3.89, 1.73, 4.13, 4.60, 1.96, 2.74, 1.33, 2.48

2.70, 1.59, 2.66, 2.86, 4.43, 2.11, 3.19, 4.21, 3.89, 1.73, 4.15, 4.59, 1.96, 2.75, 1.34, 2.49

2.75, 1.59, 2.61, 2.81, 4.43, 2.11, 3.19, 4.22, 3.89, 1.73, 4.14, 4.60, 1.96, 2.74, 1.35, 2.48

2.77, 1.59, 2.61, 2.84, 4.44, 2.12, 3.19, 4.19, 3.88, 1.74, 4.16, 4.59, 1.96, 2.74, 1.32, 2.49

2.61, 1.60, 2.57, 2.84, 4.45, 2.11, 3.19, 4.20, 3.88, 1.72, 4.14, 4.57, 1.96, 2.75, 1.32, 2.48

2.59, 1.57, 2.61, 2.83, 4.47, 2.13, 3.19, 4.19, 3.87, 1.73, 4.14, 4.58, 1.96, 2.75, 1.38, 2.48

2.66, 1.58, 2.59, 2.84, 4.42, 2.12, 3.18, 4.21, 3.89, 1.72, 4.15, 4.59, 1.97, 2.77, 1.35, 2.49

2.74, 1.57, 2.62, 2.84, 4.41, 2.15, 3.18, 4.20, 3.89, 1.73, 4.14, 4.57, 1.98, 2.75, 1.32, 2.49

2.75, 1.59, 2.58, 2.86, 4.43, 2.10, 3.18, 4.16, 3.89, 1.73, 4.13, 4.60, 1.98, 2.73, 1.35, 2.50

2.70, 1.58, 2.56, 2.84, 4.44, 2.12, 3.19, 4.14, 3.87, 1.71, 4.13, 4.60, 1.96, 2.76, 1.32, 2.50

2.67, 1.60, 2.58, 2.85, 4.46, 2.12, 3.18, 4.19, 3.88, 1.73, 4.13, 4.59, 1.96, 2.75, 1.38, 2.50

2.78, 1.58, 2.60, 2.84, 4.42, 2.12, 3.17, 4.18, 3.89, 1.73, 4.13, 4.59, 1.97, 2.76, 1.36, 2.48

2.73, 1.57, 2.57, 2.84, 4.44, 2.11, 3.18, 4.18, 3.87, 1.72, 4.13, 4.60, 1.98, 2.76, 1.34, 2.50

2.74, 1.57, 2.63, 2.82, 4.45, 2.11, 3.19, 4.17, 3.88, 1.74, 4.14, 4.59, 1.97, 2.74, 1.36, 2.49

2.67, 1.59, 2.57, 2.85, 4.43, 2.14, 3.16, 4.21, 3.88, 1.73, 4.15, 4.59, 1.96, 2.74, 1.33, 2.48

2.77, 1.59, 2.62, 2.85, 4.46, 2.12, 3.19, 4.17, 3.89, 1.73, 4.13, 4.58, 1.96, 2.73, 1.33, 2.49

2.77, 1.58, 2.63, 2.85, 4.41, 2.11, 3.19, 4.18, 3.88, 1.74, 4.14, 4.58, 1.96, 2.74, 1.37, 2.49

2.67, 1.59, 2.63, 2.84, 4.45, 2.13, 3.19, 4.15, 3.88, 1.74, 4.14, 4.61, 1.95, 2.76, 1.35, 2.48

2.81, 1.58, 2.61, 2.84, 4.42, 2.11, 3.18, 4.17, 3.88, 1.72, 4.14, 4.60, 1.96, 2.75, 1.37, 2.49

2.71, 1.58, 2.61, 2.84, 4.43, 2.15, 3.19, 4.19, 3.90, 1.72, 4.13, 4.57, 1.95, 2.76, 1.34, 2.48

2.68, 1.59, 2.63, 2.84, 4.46, 2.12, 3.20, 4.20, 3.89, 1.74, 4.14, 4.58, 1.96, 2.77, 1.35, 2.51

2.74, 1.58, 2.59, 2.84, 4.45, 2.12, 3.21, 4.19, 3.88, 1.74, 4.14, 4.59, 1.95, 2.75, 1.37, 2.50

2.83, 1.58, 2.59, 2.81, 4.44, 2.15, 3.20, 4.20, 3.87, 1.74, 4.13, 4.61, 1.98, 2.76, 1.36, 2.47

2.61, 1.59, 2.59, 2.84, 4.42, 2.12, 3.21, 4.15, 3.88, 1.72, 4.14, 4.59, 1.96, 2.74, 1.35, 2.51

2.72, 1.59, 2.60, 2.84, 4.46, 2.11, 3.21, 4.15, 3.88, 1.74, 4.14, 4.58, 1.94, 2.74, 1.36, 2.48

2.68, 1.60, 2.63, 2.84, 4.45, 2.10, 3.20, 4.15, 3.89, 1.72, 4.14, 4.60, 1.97, 2.76, 1.34, 2.48

2.61, 1.58, 2.59, 2.85, 4.45, 2.10, 3.19, 4.16, 3.88, 1.73, 4.14, 4.59, 1.95, 2.75, 1.37, 2.49

2.70, 1.56, 2.92, 2.87, 4.41, 2.15, 3.24, 4.16, 3.90, 1.72, 4.14, 4.58, 1.96, 2.77, 1.37, 2.46

2.91, 1.48, 3.81, 2.97, 4.31, 2.21, 3.35, 4.08, 3.92, 1.68, 4.14, 4.59, 1.96, 2.77, 1.38, 2.47

3.07, 1.36, 4.37, 3.05, 4.26, 2.26, 3.37, 4.04, 3.93, 1.70, 4.15, 4.60, 1.97, 2.75, 1.36, 2.47

3.00, 1.35, 4.34, 3.02, 4.23, 2.30, 3.35, 4.05, 3.92, 1.69, 4.15, 4.60, 1.97, 2.77, 1.38, 2.47

3.00, 1.39, 4.16, 3.02, 4.27, 2.27, 3.36, 4.07, 3.93, 1.68, 4.14, 4.62, 1.95, 2.77, 1.36, 2.47

3.09, 1.33, 4.55, 3.07, 4.22, 2.27, 3.39, 3.99, 3.96, 1.69, 4.14, 4.62, 1.95, 2.78, 1.37, 2.47

3.24, 1.22, 5.39, 3.16, 4.15, 2.32, 3.46, 3.97, 3.96, 1.67, 4.14, 4.63, 1.96, 2.77, 1.41, 2.48

3.31, 1.16, 6.17, 3.25, 4.09, 2.36, 3.47, 3.95, 3.96, 1.66, 4.15, 4.60, 1.96, 2.79, 1.41, 2.46

3.40, 1.18, 6.89, 3.29, 4.11, 2.34, 3.49, 3.98, 3.94, 1.67, 4.13, 4.61, 1.95, 2.78, 1.38, 2.47

3.45, 1.17, 7.63, 3.30, 4.15, 2.36, 3.47, 3.96, 3.93, 1.68, 4.15, 4.61, 1.96, 2.79, 1.42, 2.45

3.42, 1.16, 8.37, 3.31, 4.10, 2.35, 3.48, 4.00, 3.93, 1.68, 4.14, 4.61, 1.95, 2.77, 1.43, 2.44

3.38, 1.17, 9.56, 3.32, 4.14, 2.39, 3.47, 3.98, 3.94, 1.68, 4.14, 4.60, 1.96, 2.78, 1.42, 2.48

3.51, 1.18, 10.64, 3.39, 4.09, 2.36, 3.48, 3.97, 3.93, 1.68, 4.14, 4.62, 1.95, 2.81, 1.41, 2.43

3.46, 1.18, 11.69, 3.39, 4.11, 2.37, 3.48, 3.98, 3.94, 1.68, 4.14, 4.60, 1.96, 2.80, 1.47, 2.47

3.53, 1.17, 12.90, 3.42, 4.12, 2.41, 3.50, 3.96, 3.93, 1.67, 4.14, 4.59, 1.96, 2.80, 1.41, 2.47

3.51, 1.17, 14.44, 3.45, 4.10, 2.41, 3.48, 4.00, 3.91, 1.68, 4.15, 4.59, 1.95, 2.79, 1.45, 2.42

3.54, 1.18, 15.36, 3.48, 4.08, 2.40, 3.48, 4.00, 3.91, 1.69, 4.14, 4.60, 1.96, 2.79, 1.45, 2.44

3.62, 1.16, 15.51, 3.45, 4.12, 2.38, 3.48, 3.98, 3.91, 1.68, 4.14, 4.60, 1.95, 2.79, 1.46, 2.44

3.80, 1.17, 15.76, 3.48, 4.13, 2.40, 3.48, 3.99, 3.90, 1.69, 4.13, 4.60, 1.95, 2.81, 1.46, 2.45

3.59, 1.17, 15.98, 3.48, 4.11, 2.39, 3.48, 3.96, 3.90, 1.69, 4.14, 4.58, 1.96, 2.79, 1.41, 2.44

3.61, 1.17, 16.42, 3.47, 4.11, 2.38, 3.47, 3.98, 3.91, 1.68, 4.15, 4.61, 1.97, 2.80, 1.47, 2.46

3.76, 1.18, 16.53, 3.49, 4.12, 2.39, 3.48, 3.97, 3.91, 1.68, 4.15, 4.60, 1.96, 2.78, 1.46, 2.45

3.81, 1.16, 16.83, 3.49, 4.10, 2.39, 3.49, 3.94, 3.91, 1.69, 4.15, 4.59, 1.97, 2.80, 1.46, 2.46

3.71, 1.17, 17.06, 3.45, 4.12, 2.39, 3.50, 3.94, 3.90, 1.69, 4.14, 4.59, 1.96, 2.80, 1.46, 2.44

3.56, 1.17, 17.37, 3.47, 4.13, 2.42, 3.48, 3.94, 3.91, 1.70, 4.12, 4.62, 1.96, 2.79, 1.44, 2.44

3.58, 1.17, 17.71, 3.49, 4.11, 2.39, 3.47, 3.93, 3.90, 1.69, 4.15, 4.61, 1.95, 2.81, 1.49, 2.47

3.67, 1.17, 17.84, 3.48, 4.13, 2.39, 3.49, 3.91, 3.91, 1.70, 4.14, 4.60, 1.95, 2.80, 1.48, 2.44

3.68, 1.19, 17.67, 3.49, 4.13, 2.41, 3.49, 3.93, 3.90, 1.69, 4.14, 4.60, 1.96, 2.80, 1.44, 2.43

3.80, 1.17, 17.36, 3.50, 4.11, 2.39, 3.47, 3.93, 3.89, 1.70, 4.13, 4.59, 1.96, 2.80, 1.45, 2.45

3.77, 1.18, 17.26, 3.49, 4.12, 2.42, 3.49, 3.91, 3.89, 1.69, 4.14, 4.58, 1.96, 2.80, 1.43, 2.44

3.74, 1.16, 17.17, 3.49, 4.13, 2.38, 3.47, 3.92, 3.91, 1.69, 4.13, 4.60, 1.97, 2.81, 1.48, 2.44

3.91, 1.18, 17.00, 3.48, 4.09, 2.38, 3.47, 3.91, 3.91, 1.70, 4.13, 4.58, 1.97, 2.80, 1.49, 2.44

3.75, 1.16, 17.06, 3.51, 4.12, 2.39, 3.49, 3.92, 3.90, 1.68, 4.13, 4.60, 1.96, 2.80, 1.43, 2.43

3.61, 1.19, 16.98, 3.50, 4.13, 2.38, 3.51, 3.92, 3.89, 1.70, 4.15, 4.61, 1.96, 2.81, 1.46, 2.45

3.57, 1.20, 16.81, 3.50, 4.11, 2.39, 3.46, 3.96, 3.91, 1.69, 4.14, 4.60, 1.94, 2.79, 1.44, 2.46

3.69, 1.17, 16.43, 3.48, 4.11, 2.38, 3.48, 3.92, 3.91, 1.70, 4.12, 4.59, 1.96, 2.81, 1.48, 2.44

3.62, 1.18, 15.95, 3.50, 4.10, 2.39, 3.45, 3.89, 3.90, 1.70, 4.14, 4.61, 1.94, 2.80, 1.46, 2.46

3.76, 1.16, 15.68, 3.47, 4.12, 2.39, 3.48, 3.90, 3.90, 1.70, 4.13, 4.60, 1.97, 2.79, 1.45, 2.45

3.62, 1.17, 15.72, 3.49, 4.08, 2.39, 3.47, 3.93, 3.90, 1.71, 4.15, 4.58, 1.96, 2.79, 1.46, 2.46

3.68, 1.17, 15.39, 3.49, 4.11, 2.38, 3.48, 3.93, 3.89, 1.71, 4.13, 4.60, 1.94, 2.80, 1.46, 2.44

3.79, 1.18, 15.29, 3.48, 4.12, 2.39, 3.48, 3.91, 3.89, 1.72, 4.13, 4.61, 1.96, 2.80, 1.46, 2.44

3.68, 1.16, 15.23, 3.51, 4.13, 2.40, 3.48, 3.92, 3.91, 1.70, 4.15, 4.58, 1.95, 2.81, 1.43, 2.45

3.75, 1.15, 15.46, 3.51, 4.13, 2.39, 3.47, 3.91, 3.90, 1.71, 4.15, 4.60, 1.95, 2.78, 1.44, 2.45

3.90, 1.17, 15.20, 3.50, 4.12, 2.40, 3.46, 3.89, 3.90, 1.72, 4.14, 4.60, 1.96, 2.80, 1.44, 2.44

3.92, 1.18, 15.18, 3.48, 4.10, 2.40, 3.46, 3.91, 3.91, 1.71, 4.13, 4.60, 1.96, 2.80, 1.42, 2.43

3.88, 1.17, 15.47, 3.48, 4.12, 2.41, 3.49, 3.93, 3.90, 1.71, 4.15, 4.59, 1.95, 2.80, 1.45, 2.46

4.07, 1.16, 15.69, 3.48, 4.10, 2.41, 3.48, 3.92, 3.90, 1.70, 4.15, 4.59, 1.96, 2.80, 1.47, 2.44

3.92, 1.18, 15.80, 3.47, 4.13, 2.39, 3.49, 3.91, 3.88, 1.70, 4.15, 4.61, 1.97, 2.80, 1.46, 2.45

4.04, 1.18, 15.85, 3.47, 4.13, 2.41, 3.47, 3.93, 3.90, 1.70, 4.13, 4.58, 1.97, 2.78, 1.43, 2.43

3.87, 1.19, 16.04, 3.46, 4.13, 2.41, 3.50, 3.92, 3.89, 1.71, 4.13, 4.58, 1.97, 2.79, 1.46, 2.44

3.88, 1.16, 16.16, 3.48, 4.14, 2.40, 3.47, 3.95, 3.90, 1.71, 4.14, 4.60, 1.96, 2.78, 1.46, 2.43

3.91, 1.18, 15.97, 3.47, 4.13, 2.39, 3.47, 3.89, 3.91, 1.69, 4.14, 4.60, 1.97, 2.79, 1.46, 2.46

3.98, 1.16, 15.86, 3.49, 4.12, 2.38, 3.48, 3.91, 3.90, 1.70, 4.13, 4.58, 1.97, 2.79, 1.45, 2.44

3.87, 1.16, 16.18, 3.45, 4.12, 2.39, 3.49, 3.92, 3.90, 1.70, 4.13, 4.59, 1.97, 2.79, 1.46, 2.47

3.99, 1.19, 16.63, 3.48, 4.13, 2.39, 3.50, 3.94, 3.90, 1.69, 4.15, 4.60, 1.96, 2.80, 1.42, 2.45

4.11, 1.18, 17.05, 3.48, 4.08, 2.39, 3.49, 3.91, 3.91, 1.71, 4.14, 4.58, 1.96, 2.79, 1.44, 2.43

4.02, 1.17, 18.01, 3.49, 4.12, 2.40, 3.49, 3.94, 3.89, 1.68, 4.14, 4.60, 1.95, 2.80, 1.44, 2.44

3.96, 1.18, 19.27, 3.50, 4.10, 2.43, 3.50, 3.95, 3.88, 1.70, 4.14, 4.61, 1.96, 2.81, 1.46, 2.43

3.90, 1.16, 20.17, 3.48, 4.08, 2.41, 3.49, 3.91, 3.91, 1.70, 4.14, 4.59, 1.97, 2.81, 1.47, 2.44

3.65, 1.19, 19.62, 3.45, 4.14, 2.40, 3.49, 3.95, 3.88, 1.70, 4.15, 4.58, 1.96, 2.80, 1.49, 2.44

3.64, 1.18, 17.43, 3.43, 4.11, 2.43, 3.49, 3.93, 3.89, 1.69, 4.14, 4.60, 1.96, 2.80, 1.44, 2.45

3.55, 1.17, 14.31, 3.40, 4.10, 2.39, 3.47, 3.94, 3.88, 1.72, 4.16, 4.59, 1.96, 2.80, 1.48, 2.45

3.43, 1.16, 11.35, 3.34, 4.12, 2.40, 3.48, 3.90, 3.87, 1.70, 4.14, 4.59, 1.96, 2.79, 1.39, 2.46

3.37, 1.17, 7.91, 3.29, 4.15, 2.35, 3.47, 3.90, 3.88, 1.72, 4.14, 4.60, 1.96, 2.81, 1.41, 2.47

3.04, 1.15, 4.71, 3.21, 4.19, 2.35, 3.44, 3.91, 3.90, 1.74, 4.13, 4.58, 1.95, 2.76, 1.36, 2.48

2.89, 1.37, 2.78, 2.97, 4.33, 2.15, 3.20, 4.09, 3.86, 1.74, 4.15, 4.59, 1.94, 2.76, 1.38, 2.52

2.76, 1.44, 2.50, 2.96, 4.42, 2.14, 3.25, 4.13, 3.87, 1.76, 4.13, 4.60, 1.96, 2.74, 1.33, 2.52

2.66, 1.44, 2.50, 2.95, 4.36, 2.16, 3.21, 4.10, 3.87, 1.74, 4.13, 4.59, 1.96, 2.77, 1.37, 2.52

2.65, 1.44, 2.48, 2.96, 4.39, 2.15, 3.19, 4.14, 3.86, 1.73, 4.12, 4.60, 1.96, 2.76, 1.36, 2.51

2.72, 1.45, 2.52, 2.97, 4.40, 2.14, 3.19, 4.18, 3.87, 1.76, 4.14, 4.59, 1.97, 2.76, 1.33, 2.50

2.77, 1.43, 2.50, 2.95, 4.42, 2.14, 3.19, 4.14, 3.87, 1.74, 4.14, 4.60, 1.97, 2.75, 1.37, 2.53

2.74, 1.46, 2.55, 2.93, 4.38, 2.13, 3.19, 4.13, 3.87, 1.75, 4.15, 4.59, 1.95, 2.75, 1.33, 2.49

2.71, 1.46, 2.53, 2.93, 4.40, 2.14, 3.23, 4.11, 3.87, 1.74, 4.13, 4.58, 1.96, 2.74, 1.34, 2.49

2.55, 1.44, 2.52, 2.94, 4.42, 2.12, 3.21, 4.11, 3.87, 1.75, 4.15, 4.59, 1.95, 2.76, 1.34, 2.49

2.75, 1.45, 2.55, 2.93, 4.41, 2.13, 3.21, 4.14, 3.87, 1.75, 4.14, 4.59, 1.95, 2.74, 1.39, 2.49

2.76, 1.45, 2.55, 2.94, 4.41, 2.13, 3.21, 4.17, 3.88, 1.75, 4.15, 4.61, 1.97, 2.76, 1.36, 2.48

2.58, 1.44, 2.52, 2.94, 4.44, 2.12, 3.20, 4.15, 3.89, 1.75, 4.14, 4.60, 1.95, 2.75, 1.38, 2.49

2.50, 1.46, 2.56, 2.93, 4.42, 2.11, 3.19, 4.14, 3.87, 1.74, 4.13, 4.60, 1.97, 2.76, 1.34, 2.49

2.65, 1.43, 2.53, 2.96, 4.43, 2.12, 3.22, 4.21, 3.87, 1.74, 4.14, 4.59, 1.96, 2.75, 1.34, 2.48

2.86, 1.40, 2.59, 2.98, 4.42, 2.10, 3.26, 4.27, 3.84, 1.72, 4.13, 4.58, 1.96, 2.75, 1.31, 2.46

2.85, 1.41, 2.55, 2.98, 4.39, 2.10, 3.27, 4.29, 3.85, 1.69, 4.14, 4.59, 1.95, 2.72, 1.30, 2.44

2.92, 1.40, 2.51, 2.97, 4.41, 2.11, 3.31, 4.33, 3.86, 1.67, 4.16, 4.58, 1.98, 2.74, 1.35, 2.46

2.78, 1.36, 2.56, 3.01, 4.43, 2.11, 3.33, 4.36, 3.86, 1.68, 4.16, 4.60, 1.97, 2.74, 1.33, 2.47

2.91, 1.36, 2.56, 3.01, 4.42, 2.10, 3.32, 4.33, 3.84, 1.66, 4.17, 4.57, 1.97, 2.73, 1.33, 2.47

2.85, 1.41, 2.55, 2.99, 4.43, 2.15, 3.27, 4.21, 3.83, 1.65, 4.13, 4.55, 1.95, 2.71, 1.29, 2.45

2.83, 1.41, 2.48, 2.99, 4.41, 2.13, 3.25, 4.29, 3.83, 1.64, 4.15, 4.57, 1.95, 2.73, 1.32, 2.45

2.90, 1.39, 2.54, 2.98, 4.42, 2.13, 3.25, 4.31, 3.83, 1.62, 4.14, 4.58, 1.97, 2.73, 1.32, 2.48

2.77, 1.37, 2.53, 3.00, 4.42, 2.11, 3.22, 4.36, 3.83, 1.61, 4.13, 4.59, 1.96, 2.72, 1.31, 2.45

2.74, 1.40, 2.53, 3.00, 4.44, 2.11, 3.22, 4.24, 3.89, 1.66, 4.16, 4.61, 1.97, 2.71, 1.30, 2.50

2.95, 1.44, 2.52, 2.97, 4.48, 2.10, 3.23, 4.18, 3.89, 1.70, 4.13, 4.63, 1.97, 2.72, 1.31, 2.50

3.10, 1.45, 2.46, 2.93, 4.48, 2.14, 3.23, 4.15, 3.89, 1.74, 4.14, 4.63, 1.95, 2.73, 1.32, 2.51

3.04, 1.49, 2.52, 2.88, 4.49, 2.13, 3.25, 4.13, 3.88, 1.75, 4.14, 4.62, 1.95, 2.74, 1.31, 2.51

2.92, 1.49, 2.48, 2.90, 4.50, 2.12, 3.24, 4.16, 3.89, 1.75, 4.15, 4.63, 1.96, 2.74, 1.29, 2.51

2.99, 1.50, 2.54, 2.89, 4.47, 2.13, 3.25, 4.11, 3.88, 1.75, 4.13, 4.61, 1.97, 2.73, 1.36, 2.50

2.90, 1.51, 2.51, 2.89, 4.45, 2.14, 3.23, 4.14, 3.89, 1.74, 4.13, 4.63, 1.96, 2.73, 1.33, 2.49

3.00, 1.51, 2.49, 2.90, 4.48, 2.14, 3.21, 4.21, 3.88, 1.75, 4.15, 4.61, 1.97, 2.73, 1.32, 2.49

2.91, 1.50, 2.52, 2.89, 4.47, 2.12, 3.25, 4.22, 3.87, 1.75, 4.14, 4.62, 1.96, 2.73, 1.32, 2.52

2.85, 1.52, 2.49, 2.88, 4.46, 2.10, 3.20, 4.18, 3.88, 1.74, 4.14, 4.63, 1.97, 2.71, 1.33, 2.51

2.92, 1.54, 2.53, 2.89, 4.44, 2.10, 3.22, 4.22, 3.89, 1.75, 4.13, 4.62, 1.96, 2.72, 1.35, 2.52

2.76, 1.51, 2.53, 2.90, 4.43, 2.14, 3.22, 4.25, 3.87, 1.74, 4.12, 4.61, 1.96, 2.71, 1.34, 2.52

2.90, 1.52, 2.53, 2.89, 4.45, 2.11, 3.23, 4.24, 3.87, 1.76, 4.13, 4.63, 1.94, 2.71, 1.34, 2.51

2.89, 1.52, 2.50, 2.89, 4.43, 2.12, 3.22, 4.25, 3.88, 1.75, 4.14, 4.62, 1.96, 2.72, 1.35, 2.53

2.80, 1.53, 2.50, 2.90, 4.46, 2.12, 3.20, 4.25, 3.88, 1.75, 4.15, 4.61, 1.95, 2.74, 1.37, 2.51

2.92, 1.54, 2.51, 2.90, 4.43, 2.10, 3.20, 4.24, 3.88, 1.75, 4.13, 4.60, 1.96, 2.73, 1.34, 2.50

2.74, 1.54, 2.54, 2.87, 4.42, 2.12, 3.23, 4.24, 3.87, 1.76, 4.13, 4.60, 1.97, 2.72, 1.35, 2.51

2.84, 1.52, 2.53, 2.89, 4.47, 2.12, 3.20, 4.24, 3.87, 1.75, 4.13, 4.60, 1.98, 2.73, 1.31, 2.51

2.92, 1.56, 2.49, 2.90, 4.43, 2.11, 3.21, 4.25, 3.86, 1.74, 4.13, 4.60, 1.95, 2.72, 1.31, 2.54

2.78, 1.53, 2.51, 2.91, 4.47, 2.12, 3.23, 4.24, 3.87, 1.75, 4.14, 4.61, 1.97, 2.73, 1.33, 2.52

2.67, 1.53, 2.56, 2.91, 4.45, 2.10, 3.23, 4.24, 3.88, 1.74, 4.13, 4.60, 1.96, 2.74, 1.36, 2.52

2.59, 1.55, 2.54, 2.88, 4.42, 2.11, 3.21, 4.23, 3.86, 1.75, 4.13, 4.60, 1.95, 2.74, 1.37, 2.51

2.70, 1.54, 2.53, 2.92, 4.44, 2.09, 3.22, 4.21, 3.88, 1.75, 4.14, 4.61, 1.96, 2.75, 1.35, 2.53

2.74, 1.55, 2.58, 2.88, 4.47, 2.10, 3.23, 4.27, 3.89, 1.76, 4.14, 4.60, 1.96, 2.74, 1.33, 2.52

2.80, 1.53, 2.49, 2.90, 4.48, 2.10, 3.22, 4.23, 3.87, 1.75, 4.14, 4.62, 1.96, 2.71, 1.34, 2.52

2.86, 1.53, 2.49, 2.88, 4.45, 2.11, 3.23, 4.27, 3.87, 1.76, 4.13, 4.59, 1.96, 2.73, 1.36, 2.52

2.76, 1.54, 2.52, 2.89, 4.45, 2.11, 3.21, 4.27, 3.86, 1.75, 4.14, 4.61, 1.97, 2.71, 1.36, 2.53

2.85, 1.54, 2.55, 2.91, 4.48, 2.12, 3.24, 4.24, 3.88, 1.75, 4.15, 4.61, 1.95, 2.73, 1.35, 2.52

2.87, 1.53, 2.53, 2.87, 4.50, 2.11, 3.22, 4.23, 3.88, 1.77, 4.13, 4.61, 1.97, 2.72, 1.31, 2.53

2.88, 1.52, 2.57, 2.90, 4.47, 2.12, 3.23, 4.24, 3.89, 1.76, 4.14, 4.61, 1.97, 2.74, 1.36, 2.52

2.81, 1.52, 2.56, 2.89, 4.49, 2.12, 3.25, 4.25, 3.87, 1.75, 4.13, 4.60, 1.97, 2.76, 1.35, 2.51

2.70, 1.54, 2.52, 2.89, 4.50, 2.12, 3.23, 4.24, 3.88, 1.75, 4.15, 4.62, 1.95, 2.73, 1.34, 2.53

2.82, 1.51, 2.48, 2.91, 4.51, 2.12, 3.23, 4.26, 3.88, 1.75, 4.15, 4.60, 1.97, 2.72, 1.34, 2.51

2.76, 1.52, 2.52, 2.90, 4.49, 2.10, 3.24, 4.21, 3.87, 1.74, 4.13, 4.60, 1.97, 2.75, 1.34, 2.50

2.76, 1.51, 2.57, 2.88, 4.51, 2.11, 3.26, 4.24, 3.88, 1.74, 4.14, 4.61, 1.96, 2.74, 1.32, 2.52

2.87, 1.53, 2.57, 2.89, 4.52, 2.13, 3.27, 4.24, 3.87, 1.74, 4.14, 4.61, 1.95, 2.74, 1.33, 2.52

2.82, 1.52, 2.54, 2.91, 4.53, 2.14, 3.25, 4.22, 3.87, 1.74, 4.14, 4.62, 1.96, 2.73, 1.32, 2.53

2.72, 1.53, 2.54, 2.90, 4.49, 2.11, 3.27, 4.23, 3.88, 1.76, 4.14, 4.60, 1.96, 2.74, 1.36, 2.50

2.81, 1.49, 2.51, 2.93, 4.99, 2.16, 3.36, 4.22, 3.88, 1.72, 4.14, 4.59, 1.95, 2.76, 1.35, 2.51

2.95, 1.41, 2.45, 2.97, 5.60, 2.19, 3.47, 4.17, 3.92, 1.72, 4.14, 4.61, 1.98, 2.74, 1.38, 2.49

3.03, 1.37, 2.39, 2.99, 5.93, 2.19, 3.53, 4.12, 3.92, 1.74, 4.13, 4.63, 1.96, 2.74, 1.35, 2.49

2.82, 1.37, 2.36, 2.96, 6.18, 2.24, 3.59, 4.12, 3.91, 1.72, 4.14, 4.62, 1.96, 2.75, 1.38, 2.50

2.89, 1.38, 2.42, 2.98, 6.76, 2.29, 3.65, 4.05, 3.92, 1.73, 4.14, 4.63, 1.94, 2.76, 1.38, 2.49

2.90, 1.40, 2.40, 2.95, 7.07, 2.33, 3.67, 4.00, 3.93, 1.71, 4.15, 4.61, 1.96, 2.76, 1.37, 2.49

2.89, 1.40, 2.42, 2.95, 7.15, 2.36, 3.66, 3.97, 3.92, 1.71, 4.14, 4.62, 1.96, 2.75, 1.36, 2.48

2.79, 1.40, 2.38, 2.96, 7.45, 2.39, 3.70, 3.94, 3.94, 1.72, 4.15, 4.62, 1.96, 2.75, 1.36, 2.48

2.98, 1.40, 2.42, 2.94, 8.10, 2.43, 3.82, 3.93, 3.95, 1.70, 4.13, 4.62, 1.96, 2.78, 1.37, 2.48

2.79, 1.39, 2.38, 2.92, 9.03, 2.47, 3.92, 3.90, 3.95, 1.69, 4.14, 4.62, 1.96, 2.76, 1.41, 2.46

2.92, 1.38, 2.42, 2.92, 9.66, 2.50, 3.98, 3.93, 3.96, 1.69, 4.14, 4.61, 1.97, 2.77, 1.38, 2.47

2.92, 1.38, 2.35, 2.93, 9.83, 2.52, 3.93, 3.94, 3.95, 1.70, 4.15, 4.62, 1.95, 2.75, 1.38, 2.46

2.97, 1.38, 2.38, 2.93, 10.31, 2.57, 3.98, 3.93, 3.96, 1.67, 4.15, 4.63, 1.96, 2.78, 1.40, 2.46

2.82, 1.38, 2.40, 2.92, 10.91, 2.54, 4.04, 3.93, 3.95, 1.69, 4.13, 4.63, 1.97, 2.77, 1.40, 2.46

2.86, 1.39, 2.38, 2.91, 11.26, 2.54, 4.06, 3.89, 3.97, 1.67, 4.14, 4.63, 1.95, 2.76, 1.42, 2.46

2.92, 1.39, 2.41, 2.91, 11.40, 2.57, 4.06, 3.91, 3.96, 1.67, 4.14, 4.64, 1.96, 2.76, 1.46, 2.45

2.99, 1.38, 2.41, 2.89, 11.83, 2.56, 4.13, 3.92, 3.98, 1.69, 4.15, 4.64, 1.96, 2.77, 1.40, 2.47

2.88, 1.39, 2.42, 2.91, 12.32, 2.56, 4.18, 3.91, 3.98, 1.66, 4.15, 4.65, 1.95, 2.77, 1.46, 2.45

2.96, 1.41, 2.40, 2.92, 12.73, 2.61, 4.20, 3.93, 3.97, 1.67, 4.15, 4.63, 1.97, 2.76, 1.40, 2.46

3.02, 1.39, 2.37, 2.90, 13.06, 2.60, 4.23, 3.93, 3.98, 1.66, 4.12, 4.65, 1.95, 2.77, 1.44, 2.45

2.89, 1.39, 2.40, 2.90, 13.22, 2.58, 4.26, 3.92, 3.99, 1.67, 4.14, 4.64, 1.95, 2.74, 1.44, 2.46

2.93, 1.41, 2.34, 2.90, 13.25, 2.57, 4.30, 3.93, 3.97, 1.67, 4.13, 4.63, 1.95, 2.77, 1.41, 2.46

2.88, 1.40, 2.42, 2.91, 13.63, 2.61, 4.30, 3.90, 3.97, 1.66, 4.15, 4.62, 1.97, 2.76, 1.42, 2.45

2.86, 1.42, 2.40, 2.88, 13.96, 2.59, 4.34, 3.91, 3.99, 1.64, 4.13, 4.63, 1.96, 2.77, 1.44, 2.46

2.94, 1.40, 2.35, 2.88, 14.52, 2.57, 4.35, 3.92, 3.99, 1.66, 4.13, 4.63, 1.96, 2.75, 1.45, 2.45

2.89, 1.41, 2.37, 2.92, 14.51, 2.58, 4.36, 3.93, 3.98, 1.66, 4.14, 4.63, 1.94, 2.75, 1.41, 2.46

2.77, 1.41, 2.38, 2.91, 14.69, 2.60, 4.39, 3.89, 3.97, 1.67, 4.13, 4.63, 1.96, 2.76, 1.46, 2.45

2.94, 1.38, 2.36, 2.91, 15.02, 2.60, 4.41, 3.92, 3.97, 1.66, 4.13, 4.64, 1.95, 2.76, 1.45, 2.43

2.91, 1.40, 2.40, 2.89, 15.32, 2.58, 4.47, 3.89, 3.97, 1.67, 4.14, 4.64, 1.95, 2.76, 1.43, 2.44

2.88, 1.39, 2.35, 2.90, 15.40, 2.60, 4.44, 3.91, 3.98, 1.67, 4.15, 4.62, 1.97, 2.76, 1.39, 2.44

2.84, 1.39, 2.43, 2.92, 15.22, 2.56, 4.42, 3.90, 3.97, 1.67, 4.14, 4.62, 1.96, 2.74, 1.45, 2.45

2.74, 1.39, 2.38, 2.89, 15.41, 2.57, 4.43, 3.91, 3.98, 1.66, 4.13, 4.63, 1.96, 2.76, 1.47, 2.44

2.90, 1.38, 2.34, 2.92, 15.42, 2.60, 4.44, 3.91, 3.97, 1.67, 4.14, 4.65, 1.96, 2.76, 1.41, 2.42

2.91, 1.36, 2.41, 2.91, 15.47, 2.59, 4.46, 3.95, 3.97, 1.66, 4.14, 4.64, 1.97, 2.77, 1.45, 2.43

2.81, 1.37, 2.36, 2.91, 15.69, 2.60, 4.50, 3.91, 3.98, 1.67, 4.14, 4.65, 1.95, 2.75, 1.44, 2.44

2.78, 1.37, 2.42, 2.91, 15.82, 2.59, 4.54, 3.89, 3.98, 1.68, 4.13, 4.63, 1.96, 2.78, 1.44, 2.43

2.77, 1.37, 2.43, 2.92, 15.48, 2.60, 4.51, 3.94, 3.97, 1.67, 4.14, 4.64, 1.98, 2.76, 1.43, 2.45

2.97, 1.35, 2.40, 2.91, 15.17, 2.61, 4.43, 3.91, 3.97, 1.68, 4.13, 4.64, 1.95, 2.76, 1.40, 2.45

2.83, 1.37, 2.37, 2.92, 15.21, 2.61, 4.42, 3.89, 3.96, 1.68, 4.13, 4.64, 1.96, 2.76, 1.43, 2.44

3.02, 1.38, 2.41, 2.93, 15.36, 2.58, 4.46, 3.92, 3.97, 1.67, 4.13, 4.62, 1.95, 2.77, 1.40, 2.43

2.90, 1.37, 2.41, 2.92, 15.78, 2.59, 4.52, 3.88, 3.97, 1.68, 4.13, 4.63, 1.95, 2.76, 1.43, 2.45

2.80, 1.40, 2.40, 2.91, 16.31, 2.58, 4.63, 3.93, 3.97, 1.67, 4.14, 4.65, 1.96, 2.77, 1.44, 2.43

2.96, 1.36, 2.39, 2.90, 16.74, 2.60, 4.65, 3.92, 3.99, 1.68, 4.15, 4.67, 1.96, 2.78, 1.44, 2.46

2.94, 1.37, 2.40, 2.91, 16.88, 2.57, 4.66, 3.92, 3.98, 1.66, 4.13, 4.65, 1.97, 2.75, 1.44, 2.45

2.96, 1.37, 2.36, 2.91, 17.02, 2.58, 4.70, 3.93, 3.98, 1.67, 4.14, 4.64, 1.96, 2.77, 1.41, 2.46

2.78, 1.35, 2.40, 2.89, 17.35, 2.60, 4.73, 3.92, 3.99, 1.69, 4.13, 4.64, 1.96, 2.77, 1.42, 2.43

2.91, 1.39, 2.37, 2.92, 17.89, 2.55, 4.75, 3.93, 3.98, 1.67, 4.13, 4.64, 1.97, 2.76, 1.41, 2.45

2.86, 1.36, 2.39, 2.92, 17.89, 2.55, 4.74, 3.92, 3.98, 1.67, 4.13, 4.64, 1.96, 2.77, 1.44, 2.45

2.83, 1.35, 2.37, 2.89, 17.84, 2.58, 4.72, 3.92, 3.98, 1.68, 4.13, 4.65, 1.98, 2.74, 1.41, 2.47

2.97, 1.37, 2.39, 2.91, 18.05, 2.57, 4.76, 3.92, 3.99, 1.66, 4.14, 4.65, 1.97, 2.76, 1.46, 2.43

3.00, 1.37, 2.40, 2.91, 18.14, 2.57, 4.79, 3.94, 3.99, 1.67, 4.15, 4.65, 1.96, 2.77, 1.43, 2.45

2.85, 1.38, 2.35, 2.87, 18.25, 2.55, 4.80, 3.91, 4.00, 1.66, 4.15, 4.65, 1.96, 2.74, 1.42, 2.46

2.93, 1.38, 2.40, 2.90, 18.11, 2.56, 4.77, 3.93, 4.00, 1.67, 4.13, 4.65, 1.97, 2.77, 1.46, 2.44

2.85, 1.37, 2.41, 2.88, 18.18, 2.57, 4.81, 3.93, 3.99, 1.68, 4.15, 4.65, 1.97, 2.77, 1.45, 2.46

2.85, 1.38, 2.43, 2.89, 18.46, 2.56, 4.85, 3.91, 3.98, 1.66, 4.12, 4.66, 1.96, 2.76, 1.44, 2.45

2.85, 1.40, 2.38, 2.89, 18.53, 2.56, 4.86, 3.88, 4.00, 1.67, 4.14, 4.65, 1.97, 2.74, 1.41, 2.45

2.84, 1.35, 2.36, 2.89, 18.55, 2.58, 4.86, 3.93, 3.98, 1.68, 4.12, 4.65, 1.96, 2.75, 1.44, 2.45

2.90, 1.38, 2.38, 2.89, 18.46, 2.59, 4.82, 3.90, 4.00, 1.67, 4.13, 4.64, 1.97, 2.75, 1.40, 2.46

2.95, 1.36, 2.42, 2.89, 18.49, 2.60, 4.82, 3.94, 3.98, 1.66, 4.14, 4.64, 1.96, 2.76, 1.42, 2.44

2.87, 1.38, 2.34, 2.87, 18.52, 2.56, 4.78, 3.89, 3.99, 1.67, 4.14, 4.65, 1.96, 2.78, 1.40, 2.46

2.90, 1.38, 2.39, 2.91, 18.40, 2.58, 4.69, 3.94, 3.98, 1.67, 4.14, 4.62, 1.95, 2.77, 1.42, 2.46

2.93, 1.38, 2.37, 2.90, 18.67, 2.55, 4.75, 3.91, 3.98, 1.67, 4.14, 4.64, 1.97, 2.76, 1.44, 2.44

2.85, 1.38, 2.39, 2.90, 19.54, 2.56, 4.88, 3.89, 4.00, 1.66, 4.14, 4.65, 1.96, 2.76, 1.46, 2.43

2.88, 1.38, 2.41, 2.89, 20.42, 2.54, 4.99, 3.91, 3.99, 1.65, 4.13, 4.64, 1.98, 2.75, 1.43, 2.44

2.94, 1.39, 2.43, 2.90, 21.06, 2.54, 5.02, 3.92, 3.99, 1.66, 4.14, 4.62, 1.93, 2.77, 1.40, 2.45

2.81, 1.36, 2.36, 2.91, 21.40, 2.51, 5.09, 3.94, 4.00, 1.66, 4.15, 4.65, 1.96, 2.75, 1.41, 2.45

2.90, 1.39, 2.43, 2.91, 21.67, 2.50, 5.16, 3.95, 4.00, 1.67, 4.14, 4.65, 1.95, 2.75, 1.44, 2.45

2.92, 1.36, 2.37, 2.90, 21.53, 2.46, 5.18, 3.93, 3.99, 1.67, 4.13, 4.66, 1.95, 2.75, 1.40, 2.45

2.78, 1.37, 2.40, 2.93, 20.75, 2.48, 5.01, 3.90, 3.99, 1.67, 4.13, 4.63, 1.96, 2.75, 1.41, 2.43

2.76, 1.35, 2.35, 2.89, 18.79, 2.47, 4.76, 3.90, 3.98, 1.67, 4.13, 4.64, 1.97, 2.76, 1.44, 2.46

2.77, 1.36, 2.42, 2.92, 16.08, 2.41, 4.40, 3.91, 3.94, 1.69, 4.13, 4.64, 1.94, 2.78, 1.43, 2.49

2.94, 1.35, 2.40, 2.95, 12.98, 2.44, 4.12, 3.91, 3.95, 1.71, 4.13, 4.62, 1.97, 2.76, 1.38, 2.48

2.83, 1.34, 2.39, 2.98, 9.57, 2.37, 3.86, 3.93, 3.91, 1.74, 4.13, 4.62, 1.96, 2.74, 1.35, 2.49

2.84, 1.34, 2.42, 3.02, 6.00, 2.30, 3.45, 3.97, 3.87, 1.78, 4.13, 4.59, 1.98, 2.73, 1.34, 2.53

2.86, 1.41, 2.49, 2.97, 4.61, 2.16, 3.28, 4.11, 3.85, 1.79, 4.14, 4.57, 1.98, 2.75, 1.35, 2.51

2.66, 1.43, 2.57, 2.97, 4.48, 2.18, 3.28, 4.10, 3.86, 1.80, 4.15, 4.57, 1.98, 2.73, 1.34, 2.50

2.86, 1.43, 2.50, 2.95, 4.43, 2.14, 3.25, 4.11, 3.86, 1.80, 4.14, 4.57, 1.95, 2.74, 1.34, 2.51

2.78, 1.46, 2.50, 2.95, 4.44, 2.15, 3.23, 4.16, 3.85, 1.81, 4.12, 4.57, 1.94, 2.71, 1.31, 2.49

2.76, 1.47, 2.56, 2.95, 4.44, 2.15, 3.23, 4.18, 3.85, 1.80, 4.14, 4.57, 1.96, 2.73, 1.35, 2.48

2.87, 1.46, 2.54, 2.96, 4.41, 2.17, 3.23, 4.16, 3.84, 1.80, 4.12, 4.57, 1.96, 2.73, 1.33, 2.48

2.71, 1.48, 2.49, 2.95, 4.43, 2.15, 3.24, 4.15, 3.84, 1.80, 4.13, 4.57, 1.96, 2.73, 1.33, 2.47

2.82, 1.47, 2.50, 2.93, 4.42, 2.14, 3.21, 4.21, 3.85, 1.82, 4.14, 4.57, 1.97, 2.71, 1.34, 2.51

2.80, 1.49, 2.57, 2.94, 4.42, 2.16, 3.23, 4.17, 3.86, 1.81, 4.13, 4.56, 1.96, 2.73, 1.32, 2.48

2.62, 1.49, 2.51, 2.95, 4.43, 2.13, 3.24, 4.17, 3.87, 1.81, 4.15, 4.57, 1.95, 2.74, 1.33, 2.48

2.77, 1.49, 2.50, 2.94, 4.44, 2.12, 3.20, 4.18, 3.84, 1.81, 4.14, 4.58, 1.96, 2.75, 1.33, 2.50

2.76, 1.49, 2.51, 2.94, 4.44, 2.14, 3.21, 4.17, 3.85, 1.79, 4.14, 4.56, 1.96, 2.74, 1.33, 2.51

2.68, 1.48, 2.51, 2.95, 4.46, 2.15, 3.19, 4.16, 3.85, 1.79, 4.13, 4.57, 1.95, 2.72, 1.34, 2.49

2.71, 1.47, 2.53, 2.93, 4.44, 2.17, 3.18, 4.17, 3.85, 1.80, 4.15, 4.55, 1.96, 2.71, 1.31, 2.48

2.84, 1.49, 2.56, 2.96, 4.47, 2.17, 3.22, 4.20, 3.85, 1.80, 4.14, 4.57, 1.95, 2.72, 1.31, 2.50

2.70, 1.46, 2.50, 2.97, 4.47, 2.13, 3.17, 4.18, 3.86, 1.80, 4.14, 4.57, 1.95, 2.71, 1.30, 2.49

2.77, 1.45, 2.49, 2.94, 4.49, 2.13, 3.22, 4.21, 3.87, 1.81, 4.14, 4.59, 1.96, 2.72, 1.35, 2.50

2.65, 1.41, 2.57, 2.98, 4.51, 2.16, 3.22, 4.21, 3.86, 1.79, 4.14, 4.59, 1.96, 2.72, 1.33, 2.46

2.75, 1.41, 2.53, 2.97, 4.52, 2.13, 3.23, 4.14, 3.87, 1.80, 4.14, 4.60, 1.94, 2.71, 1.29, 2.46

2.78, 1.40, 2.49, 3.00, 4.58, 2.13, 3.23, 4.19, 3.89, 1.78, 4.14, 4.60, 1.96, 2.73, 1.32, 2.47

2.63, 1.37, 2.51, 3.01, 4.58, 2.14, 3.23, 4.17, 3.88, 1.80, 4.14, 4.59, 1.96, 2.75, 1.32, 2.45

2.79, 1.39, 2.55, 3.01, 4.53, 2.12, 3.24, 4.16, 3.89, 1.77, 4.14, 4.58, 1.97, 2.75, 1.30, 2.46

2.70, 1.37, 2.48, 3.00, 4.48, 2.16, 3.23, 4.19, 3.89, 1.76, 4.13, 4.59, 1.96, 2.74, 1.30, 2.47

2.78, 1.39, 2.54, 3.02, 4.55, 2.08, 3.18, 4.27, 3.85, 1.76, 4.15, 4.58, 1.95, 2.71, 1.38, 2.56

2.78, 1.33, 2.45, 3.06, 4.59, 2.06, 3.21, 4.23, 3.88, 1.72, 4.14, 4.58, 1.98, 2.68, 1.29, 2.49

2.74, 1.36, 2.49, 3.06, 4.62, 2.09, 3.24, 4.25, 3.88, 1.72, 4.15, 4.57, 1.97, 2.70, 1.32, 2.48

2.78, 1.38, 2.50, 3.06, 4.54, 2.16, 3.24, 4.26, 3.88, 1.71, 4.15, 4.57, 1.96, 2.68, 1.30, 2.47

2.71, 1.36, 2.48, 3.08, 4.55, 2.11, 3.27, 4.23, 3.88, 1.71, 4.14, 4.59, 1.96, 2.70, 1.31, 2.48

2.83, 1.37, 2.49, 3.08, 4.57, 2.10, 3.24, 4.23, 3.88, 1.72, 4.16, 4.57, 1.95, 2.67, 1.31, 2.49

2.81, 1.35, 2.47, 3.05, 4.61, 2.09, 3.27, 4.23, 3.91, 1.72, 4.15, 4.58, 1.97, 2.69, 1.32, 2.48

2.86, 1.38, 2.51, 3.05, 4.57, 2.10, 3.24, 4.24, 3.87, 1.72, 4.14, 4.58, 1.97, 2.70, 1.35, 2.48

2.90, 1.43, 2.48, 3.04, 4.57, 2.13, 3.28, 4.20, 3.88, 1.72, 4.16, 4.57, 1.95, 2.72, 1.33, 2.53

2.77, 1.44, 2.52, 3.03, 4.53, 2.14, 3.28, 4.21, 3.87, 1.74, 4.14, 4.57, 1.97, 2.72, 1.35, 2.51

2.94, 1.46, 2.49, 3.03, 4.53, 2.14, 3.27, 4.17, 3.85, 1.74, 4.15, 4.55, 1.96, 2.73, 1.33, 2.54

2.94, 1.50, 2.48, 3.03, 4.50, 2.13, 3.24, 4.20, 3.87, 1.75, 4.13, 4.57, 1.96, 2.71, 1.34, 2.53

2.90, 1.49, 2.54, 3.01, 4.50, 2.16, 3.27, 4.22, 3.87, 1.75, 4.14, 4.57, 1.95, 2.70, 1.33, 2.52

2.85, 1.48, 2.48, 3.01, 4.51, 2.13, 3.27, 4.23, 3.85, 1.77, 4.16, 4.54, 1.95, 2.72, 1.31, 2.54

2.85, 1.50, 2.52, 2.99, 4.50, 2.14, 3.24, 4.23, 3.86, 1.77, 4.15, 4.57, 1.96, 2.72, 1.34, 2.53

2.78, 1.52, 2.53, 2.98, 4.48, 2.13, 3.25, 4.15, 3.85, 1.78, 4.14, 4.57, 1.97, 2.72, 1.35, 2.52

2.81, 1.53, 2.51, 2.99, 4.47, 2.13, 3.23, 4.21, 3.84, 1.78, 4.15, 4.58, 1.96, 2.74, 1.33, 2.54

2.75, 1.51, 2.53, 3.00, 4.46, 2.13, 3.24, 4.19, 3.85, 1.79, 4.14, 4.57, 1.97, 2.72, 1.36, 2.53

2.82, 1.53, 2.55, 2.98, 4.46, 2.14, 3.24, 4.24, 3.86, 1.79, 4.12, 4.57, 1.96, 2.73, 1.33, 2.54

2.81, 1.53, 2.53, 2.97, 4.48, 2.14, 3.26, 4.20, 3.86, 1.78, 4.13, 4.58, 1.96, 2.73, 1.34, 2.51

2.73, 1.52, 2.52, 2.96, 4.48, 2.14, 3.24, 4.22, 3.84, 1.77, 4.14, 4.57, 1.98, 2.73, 1.33, 2.51

2.67, 1.52, 2.47, 3.00, 4.50, 2.11, 3.24, 4.21, 3.86, 1.77, 4.13, 4.58, 1.97, 2.73, 1.32, 2.55

2.85, 1.55, 2.46, 2.98, 4.52, 2.11, 3.22, 4.19, 3.86, 1.77, 4.14, 4.57, 1.97, 2.71, 1.37, 2.54

2.85, 1.53, 2.51, 2.98, 4.50, 2.13, 3.24, 4.21, 3.86, 1.78, 4.14, 4.56, 1.97, 2.73, 1.37, 2.53

2.80, 1.54, 2.54, 3.00, 4.50, 2.12, 3.24, 4.20, 3.84, 1.78, 4.14, 4.56, 1.96, 2.72, 1.36, 2.54

2.82, 1.55, 2.53, 2.98, 4.50, 2.12, 3.23, 4.23, 3.86, 1.78, 4.16, 4.57, 1.97, 2.73, 1.36, 2.55

2.82, 1.54, 2.50, 3.00, 4.52, 2.15, 3.23, 4.20, 3.86, 1.79, 4.15, 4.56, 1.97, 2.73, 1.35, 2.56

2.85, 1.55, 2.55, 2.99, 4.49, 2.13, 3.22, 4.22, 3.84, 1.76, 4.13, 4.57, 1.96, 2.74, 1.35, 2.52

2.88, 1.55, 2.44, 3.00, 4.51, 2.14, 3.24, 4.22, 3.85, 1.78, 4.15, 4.55, 1.97, 2.72, 1.36, 2.53

2.88, 1.57, 2.52, 3.00, 4.53, 2.14, 3.25, 4.22, 3.84, 1.77, 4.13, 4.56, 1.95, 2.71, 1.37, 2.56

2.80, 1.55, 2.48, 2.99, 4.56, 2.12, 3.27, 4.24, 3.85, 1.77, 4.15, 4.57, 1.96, 2.72, 1.32, 2.54

2.74, 1.55, 2.50, 2.99, 4.51, 2.11, 3.26, 4.22, 3.86, 1.78, 4.13, 4.56, 1.96, 2.72, 1.33, 2.56

2.91, 1.55, 2.50, 3.00, 4.52, 2.13, 3.28, 4.24, 3.86, 1.78, 4.14, 4.57, 1.95, 2.72, 1.34, 2.55

2.85, 1.53, 2.53, 3.00, 4.50, 2.13, 3.27, 4.23, 3.85, 1.79, 4.14, 4.58, 1.96, 2.71, 1.33, 2.53

2.72, 1.55, 2.49, 3.01, 4.51, 2.10, 3.29, 4.29, 3.84, 1.78, 4.14, 4.56, 1.96, 2.72, 1.32, 2.55

2.79, 1.55, 2.55, 3.00, 4.51, 2.12, 3.27, 4.32, 3.85, 1.78, 4.14, 4.56, 1.95, 2.69, 1.33, 2.56

2.72, 1.53, 2.53, 3.02, 4.48, 2.08, 3.29, 4.32, 3.85, 1.77, 4.14, 4.59, 1.97, 2.72, 1.34, 2.55

2.76, 1.51, 2.47, 3.00, 4.49, 2.10, 3.28, 4.33, 3.86, 1.79, 4.16, 4.57, 1.97, 2.72, 1.36, 2.55

2.74, 1.51, 2.51, 3.00, 4.51, 2.08, 3.28, 4.37, 3.86, 1.78, 4.16, 4.58, 1.97, 2.71, 1.35, 2.54

2.74, 1.48, 2.47, 3.02, 4.49, 2.08, 3.30, 4.35, 3.88, 1.78, 4.16, 4.60, 1.97, 2.72, 1.34, 2.54

3.00, 1.49, 2.47, 3.02, 4.48, 2.09, 3.27, 4.35, 3.88, 1.79, 4.16, 4.62, 1.96, 2.71, 1.37, 2.54

2.97, 1.48, 2.49, 3.02, 4.55, 2.09, 3.24, 4.28, 3.89, 1.78, 4.18, 4.62, 1.96, 2.70, 1.34, 2.55

2.98, 1.44, 2.49, 3.02, 4.53, 2.09, 3.23, 4.39, 3.88, 1.77, 4.16, 4.62, 1.97, 2.73, 1.37, 2.51

3.03, 1.44, 2.49, 3.01, 4.53, 2.11, 3.24, 4.38, 3.90, 1.77, 4.17, 4.61, 1.97, 2.72, 1.38, 2.51

3.07, 1.42, 2.49, 3.02, 4.55, 2.13, 3.22, 4.40, 3.90, 1.78, 4.16, 4.62, 1.98, 2.74, 1.36, 2.52

2.99, 1.42, 2.46, 3.03, 4.59, 2.17, 3.17, 4.40, 3.91, 1.77, 4.16, 4.63, 1.97, 2.73, 1.39, 2.52

3.06, 1.42, 2.55, 3.03, 4.57, 2.13, 3.18, 4.37, 3.90, 1.77, 4.17, 4.64, 1.98, 2.73, 1.35, 2.51

3.11, 1.43, 2.45, 3.02, 4.62, 2.11, 3.21, 4.36, 3.91, 1.77, 4.18, 4.63, 1.98, 2.72, 1.38, 2.51

3.19, 1.42, 2.49, 3.02, 4.61, 2.11, 3.25, 4.34, 3.89, 1.77, 4.17, 4.62, 1.96, 2.73, 1.36, 2.53

3.09, 1.44, 2.53, 3.03, 4.62, 2.15, 3.26, 4.34, 3.91, 1.76, 4.16, 4.62, 1.95, 2.71, 1.37, 2.53

3.13, 1.42, 2.53, 3.02, 4.66, 2.11, 3.25, 4.34, 3.92, 1.76, 4.17, 4.61, 1.97, 2.72, 1.36, 2.52

3.20, 1.46, 2.52, 3.03, 4.66, 2.13, 3.29, 4.35, 3.91, 1.77, 4.16, 4.63, 1.96, 2.71, 1.36, 2.54

3.10, 1.45, 2.47, 3.00, 4.64, 2.13, 3.28, 4.35, 3.90, 1.77, 4.16, 4.63, 1.97, 2.71, 1.38, 2.54

3.07, 1.45, 2.54, 2.99, 4.60, 2.11, 3.29, 4.32, 3.91, 1.76, 4.17, 4.63, 1.96, 2.70, 1.37, 2.54

3.16, 1.46, 2.53, 2.99, 4.60, 2.15, 3.31, 4.32, 3.90, 1.74, 4.16, 4.63, 1.97, 2.73, 1.32, 2.54

2.99, 1.45, 2.50, 3.01, 4.62, 2.13, 3.35, 4.32, 3.90, 1.76, 4.17, 4.60, 1.96, 2.74, 1.33, 2.55

3.06, 1.46, 2.50, 3.02, 4.64, 2.12, 3.32, 4.39, 3.91, 1.76, 4.16, 4.61, 1.98, 2.70, 1.32, 2.54

3.15, 1.47, 2.44, 2.98, 4.65, 2.11, 3.37, 4.31, 3.89, 1.76, 4.16, 4.62, 1.97, 2.71, 1.32, 2.57

3.14, 1.47, 2.52, 2.99, 4.61, 2.14, 3.39, 4.31, 3.89, 1.75, 4.17, 4.63, 1.99, 2.72, 1.37, 2.55

3.02, 1.47, 2.55, 3.00, 4.64, 2.12, 3.42, 4.33, 3.90, 1.77, 4.16, 4.63, 1.97, 2.72, 1.37, 2.53

2.94, 1.46, 2.56, 3.01, 4.64, 2.08, 3.46, 4.31, 3.90, 1.75, 4.17, 4.62, 1.98, 2.72, 1.34, 2.55

2.93, 1.46, 2.52, 3.01, 4.67, 2.10, 3.50, 4.27, 3.89, 1.76, 4.17, 4.62, 1.97, 2.72, 1.32, 2.56

3.10, 1.44, 2.50, 3.00, 4.65, 2.10, 3.49, 4.31, 3.91, 1.76, 4.16, 4.61, 1.97, 2.72, 1.36, 2.56

3.06, 1.46, 2.54, 3.00, 4.61, 2.10, 3.42, 4.32, 3.90, 1.75, 4.17, 4.62, 1.96, 2.71, 1.32, 2.55

3.07, 1.48, 2.58, 2.99, 4.58, 2.11, 3.33, 4.28, 3.89, 1.77, 4.18, 4.62, 1.97, 2.73, 1.35, 2.56

3.02, 1.49, 2.52, 2.97, 4.52, 2.11, 3.28, 4.20, 3.90, 1.78, 4.18, 4.64, 1.99, 2.74, 1.33, 2.54

2.98, 1.51, 2.52, 2.99, 4.52, 2.14, 3.26, 4.16, 3.88, 1.76, 4.16, 4.61, 1.97, 2.74, 1.33, 2.54

2.85, 1.54, 2.54, 2.98, 4.51, 2.11, 3.31, 4.20, 3.88, 1.76, 4.16, 4.60, 1.97, 2.75, 1.32, 2.53

2.92, 1.54, 2.52, 2.98, 4.56, 2.10, 3.38, 4.22, 3.88, 1.77, 4.15, 4.62, 1.97, 2.72, 1.27, 2.54

3.07, 1.52, 2.49, 2.97, 4.68, 2.06, 3.95, 4.34, 3.89, 1.77, 4.17, 4.62, 1.98, 2.72, 1.34, 2.53

3.01, 1.52, 2.54, 3.00, 4.69, 2.05, 4.00, 4.34, 3.90, 1.77, 4.17, 4.61, 1.97, 2.70, 1.31, 2.55

3.00, 1.53, 2.47, 2.99, 4.69, 2.02, 3.96, 4.33, 3.89, 1.77, 4.17, 4.60, 1.97, 2.73, 1.30, 2.54

2.87, 1.50, 2.53, 2.97, 4.61, 2.08, 3.72, 4.35, 3.89, 1.78, 4.17, 4.60, 1.97, 2.73, 1.31, 2.54

2.88, 1.54, 2.49, 2.97, 4.58, 2.04, 3.61, 4.41, 3.89, 1.77, 4.17, 4.61, 1.96, 2.74, 1.34, 2.56

2.98, 1.51, 2.56, 3.00, 4.58, 2.03, 3.64, 4.36, 3.90, 1.77, 4.16, 4.62, 1.96, 2.72, 1.35, 2.53

2.91, 1.52, 2.51, 2.99, 4.61, 2.01, 3.98, 4.41, 3.91, 1.77, 4.18, 4.60, 1.98, 2.72, 1.31, 2.56

2.90, 1.52, 2.45, 3.00, 4.73, 1.96, 4.44, 4.44, 3.87, 1.76, 4.17, 4.61, 1.97, 2.72, 1.35, 2.55

2.87, 1.52, 2.51, 3.00, 4.75, 1.93, 4.85, 4.52, 3.89, 1.77, 4.17, 4.61, 1.97, 2.69, 1.28, 2.57

3.02, 1.50, 2.51, 2.97, 4.73, 1.93, 4.64, 4.47, 3.90, 1.78, 4.16, 4.62, 1.98, 2.71, 1.32, 2.57

3.09, 1.53, 2.52, 2.99, 4.67, 1.95, 4.30, 4.48, 3.90, 1.77, 4.18, 4.63, 1.96, 2.72, 1.31, 2.56

2.98, 1.52, 2.50, 2.99, 4.66, 1.98, 4.24, 4.47, 3.89, 1.77, 4.16, 4.61, 1.98, 2.70, 1.30, 2.57

3.04, 1.48, 2.51, 3.01, 4.75, 1.93, 4.55, 4.48, 3.90, 1.78, 4.16, 4.62, 1.97, 2.69, 1.31, 2.58

3.07, 1.50, 2.44, 3.01, 4.84, 1.86, 5.39, 4.54, 3.90, 1.77, 4.17, 4.62, 1.98, 2.69, 1.33, 2.58

2.94, 1.51, 2.49, 3.02, 4.90, 1.86, 6.03, 4.57, 3.89, 1.77, 4.16, 4.63, 1.98, 2.69, 1.30, 2.59

3.06, 1.50, 2.53, 3.01, 4.96, 1.87, 6.71, 4.60, 3.90, 1.76, 4.16, 4.63, 1.98, 2.66, 1.29, 2.60

3.04, 1.49, 2.45, 3.01, 5.05, 1.88, 7.27, 4.67, 3.91, 1.76, 4.17, 4.64, 1.99, 2.68, 1.27, 2.60

2.92, 1.46, 2.46, 3.04, 5.05, 1.90, 7.89, 4.72, 3.90, 1.75, 4.17, 4.63, 1.99, 2.65, 1.23, 2.63

2.93, 1.47, 2.49, 3.02, 5.11, 1.89, 8.07, 4.73, 3.91, 1.76, 4.17, 4.64, 1.98, 2.65, 1.26, 2.61

2.99, 1.47, 2.46, 3.04, 5.11, 1.86, 8.60, 4.81, 3.91, 1.76, 4.18, 4.65, 2.00, 2.62, 1.25, 2.63

3.01, 1.47, 2.44, 3.02, 5.09, 1.87, 9.47, 4.87, 3.89, 1.73, 4.17, 4.64, 2.01, 2.60, 1.22, 2.65

2.88, 1.46, 2.49, 3.05, 5.10, 1.86, 9.85, 4.97, 3.90, 1.74, 4.17, 4.65, 2.02, 2.61, 1.23, 2.66

2.95, 1.46, 2.47, 3.04, 5.12, 1.90, 10.39, 4.97, 3.91, 1.75, 4.17, 4.65, 2.02, 2.61, 1.18, 2.65

3.03, 1.47, 2.50, 3.04, 5.18, 1.87, 10.87, 5.01, 3.91, 1.73, 4.18, 4.63, 2.01, 2.60, 1.22, 2.68

2.98, 1.47, 2.46, 3.04, 5.25, 1.85, 11.42, 5.09, 3.90, 1.75, 4.17, 4.67, 2.04, 2.58, 1.20, 2.69

2.91, 1.45, 2.51, 3.05, 5.31, 1.87, 12.24, 5.13, 3.93, 1.73, 4.19, 4.65, 2.05, 2.58, 1.20, 2.69

2.90, 1.46, 2.48, 3.06, 5.36, 1.87, 13.18, 5.16, 3.91, 1.74, 4.18, 4.66, 2.06, 2.57, 1.18, 2.72

2.89, 1.49, 2.51, 3.07, 5.35, 1.87, 14.05, 5.23, 3.91, 1.73, 4.17, 4.65, 2.06, 2.56, 1.14, 2.73

2.98, 1.47, 2.49, 3.08, 5.36, 1.87, 14.63, 5.28, 3.91, 1.72, 4.17, 4.65, 2.08, 2.53, 1.12, 2.74

2.94, 1.44, 2.45, 3.05, 5.38, 1.91, 15.19, 5.31, 3.92, 1.73, 4.18, 4.66, 2.08, 2.53, 1.13, 2.73

3.02, 1.44, 2.50, 3.09, 5.38, 1.87, 15.51, 5.34, 3.91, 1.71, 4.17, 4.65, 2.08, 2.52, 1.09, 2.74

3.07, 1.47, 2.49, 3.07, 5.40, 1.89, 15.82, 5.33, 3.91, 1.72, 4.17, 4.66, 2.09, 2.53, 1.14, 2.73

3.06, 1.47, 2.50, 3.09, 5.48, 1.89, 16.18, 5.39, 3.93, 1.71, 4.17, 4.64, 2.09, 2.52, 1.11, 2.74

3.00, 1.46, 2.52, 3.09, 5.48, 1.86, 16.40, 5.40, 3.91, 1.71, 4.16, 4.65, 2.10, 2.50, 1.12, 2.73

2.99, 1.44, 2.46, 3.07, 5.52, 1.86, 16.44, 5.39, 3.93, 1.72, 4.16, 4.66, 2.08, 2.51, 1.11, 2.73

3.12, 1.47, 2.48, 3.08, 5.49, 1.88, 16.41, 5.39, 3.93, 1.72, 4.18, 4.64, 2.08, 2.54, 1.14, 2.74

3.07, 1.45, 2.53, 3.09, 5.50, 1.88, 16.57, 5.43, 3.92, 1.72, 4.17, 4.65, 2.08, 2.51, 1.11, 2.72

2.95, 1.44, 2.52, 3.10, 5.50, 1.86, 16.81, 5.40, 3.93, 1.72, 4.17, 4.66, 2.11, 2.52, 1.11, 2.75

3.08, 1.45, 2.51, 3.07, 5.52, 1.89, 16.78, 5.38, 3.93, 1.71, 4.18, 4.67, 2.09, 2.51, 1.14, 2.75

3.04, 1.44, 2.46, 3.09, 5.47, 1.90, 16.57, 5.42, 3.93, 1.71, 4.17, 4.64, 2.10, 2.51, 1.09, 2.75

2.89, 1.43, 2.52, 3.09, 5.50, 1.85, 16.69, 5.41, 3.94, 1.71, 4.18, 4.66, 2.09, 2.50, 1.12, 2.75

3.04, 1.43, 2.56, 3.09, 5.50, 1.88, 17.12, 5.40, 3.92, 1.72, 4.17, 4.66, 2.10, 2.50, 1.12, 2.74

3.05, 1.43, 2.54, 3.10, 5.53, 1.88, 17.29, 5.42, 3.92, 1.71, 4.17, 4.64, 2.12, 2.50, 1.12, 2.72

3.00, 1.44, 2.47, 3.11, 5.55, 1.87, 17.01, 5.42, 3.93, 1.70, 4.17, 4.64, 2.11, 2.50, 1.09, 2.73

2.94, 1.42, 2.49, 3.08, 5.60, 1.88, 16.97, 5.38, 3.93, 1.72, 4.18, 4.66, 2.10, 2.51, 1.08, 2.73

2.86, 1.45, 2.53, 3.08, 5.58, 1.88, 17.11, 5.38, 3.92, 1.72, 4.17, 4.65, 2.10, 2.49, 1.10, 2.73

2.93, 1.43, 2.50, 3.11, 5.56, 1.89, 17.10, 5.40, 3.92, 1.71, 4.18, 4.67, 2.11, 2.50, 1.09, 2.73

2.98, 1.42, 2.50, 3.10, 5.66, 1.87, 16.95, 5.41, 3.93, 1.71, 4.18, 4.65, 2.10, 2.51, 1.12, 2.75

3.06, 1.44, 2.48, 3.09, 5.67, 1.85, 17.01, 5.38, 3.92, 1.71, 4.17, 4.66, 2.11, 2.50, 1.10, 2.73

3.00, 1.42, 2.47, 3.09, 5.65, 1.88, 17.25, 5.42, 3.95, 1.69, 4.16, 4.67, 2.11, 2.49, 1.14, 2.74

2.96, 1.44, 2.49, 3.11, 5.66, 1.89, 17.66, 5.45, 3.94, 1.73, 4.18, 4.65, 2.11, 2.50, 1.12, 2.74

2.98, 1.41, 2.49, 3.12, 5.65, 1.90, 18.11, 5.43, 3.93, 1.69, 4.19, 4.64, 2.10, 2.49, 1.08, 2.74

3.10, 1.44, 2.49, 3.11, 5.66, 1.88, 18.32, 5.44, 3.93, 1.70, 4.17, 4.66, 2.10, 2.49, 1.09, 2.77

2.95, 1.41, 2.46, 3.10, 5.66, 1.87, 18.61, 5.50, 3.94, 1.71, 4.18, 4.64, 2.10, 2.51, 1.12, 2.76

3.08, 1.41, 2.53, 3.11, 5.65, 1.90, 18.98, 5.50, 3.92, 1.72, 4.17, 4.64, 2.10, 2.49, 1.11, 2.74

2.99, 1.44, 2.51, 3.11, 5.63, 1.88, 19.33, 5.49, 3.93, 1.70, 4.17, 4.66, 2.12, 2.49, 1.07, 2.77

3.04, 1.43, 2.47, 3.12, 5.66, 1.86, 19.71, 5.54, 3.93, 1.71, 4.17, 4.65, 2.10, 2.48, 1.12, 2.74

3.07, 1.42, 2.51, 3.12, 5.68, 1.88, 20.39, 5.57, 3.94, 1.70, 4.17, 4.66, 2.12, 2.50, 1.09, 2.78

3.08, 1.42, 2.47, 3.10, 5.73, 1.89, 20.91, 5.53, 3.95, 1.71, 4.17, 4.66, 2.11, 2.48, 1.10, 2.75

2.96, 1.43, 2.53, 3.13, 5.72, 1.89, 20.97, 5.56, 3.94, 1.69, 4.17, 4.66, 2.13, 2.48, 1.07, 2.74

3.02, 1.42, 2.49, 3.13, 5.72, 1.86, 20.96, 5.55, 3.93, 1.69, 4.17, 4.63, 2.15, 2.47, 1.06, 2.76

2.87, 1.42, 2.50, 3.14, 5.71, 1.87, 21.15, 5.58, 3.93, 1.71, 4.18, 4.65, 2.12, 2.46, 1.08, 2.79

3.07, 1.44, 2.50, 3.12, 5.69, 1.87, 21.24, 5.57, 3.95, 1.70, 4.18, 4.65, 2.13, 2.47, 1.06, 2.76

3.12, 1.43, 2.53, 3.11, 5.70, 1.89, 21.14, 5.57, 3.94, 1.70, 4.17, 4.65, 2.14, 2.48, 1.08, 2.75

3.01, 1.42, 2.53, 3.14, 5.69, 1.89, 21.18, 5.58, 3.93, 1.70, 4.17, 4.66, 2.12, 2.48, 1.05, 2.80

2.98, 1.41, 2.50, 3.12, 5.68, 1.87, 21.07, 5.56, 3.94, 1.71, 4.16, 4.67, 2.13, 2.48, 1.05, 2.78

3.04, 1.42, 2.49, 3.10, 5.63, 1.89, 20.33, 5.54, 3.94, 1.70, 4.17, 4.66, 2.13, 2.47, 1.08, 2.78

3.04, 1.42, 2.52, 3.10, 5.56, 1.89, 18.79, 5.50, 3.95, 1.70, 4.18, 4.67, 2.12, 2.46, 1.07, 2.80

2.89, 1.46, 2.49, 3.08, 5.49, 1.87, 16.58, 5.38, 3.95, 1.72, 4.16, 4.67, 2.14, 2.47, 1.09, 2.78

3.06, 1.44, 2.47, 3.05, 5.38, 1.89, 13.63, 5.23, 3.94, 1.70, 4.17, 4.68, 2.14, 2.49, 1.08, 2.76

2.93, 1.47, 2.48, 3.01, 5.14, 1.90, 10.01, 5.02, 3.95, 1.73, 4.17, 4.68, 2.08, 2.53, 1.14, 2.75

2.89, 1.49, 2.51, 2.95, 4.91, 1.88, 6.68, 4.66, 3.94, 1.73, 4.18, 4.68, 2.03, 2.61, 1.25, 2.68

2.86, 1.51, 2.53, 2.91, 4.70, 1.93, 3.77, 4.32, 3.92, 1.77, 4.17, 4.64, 1.98, 2.71, 1.34, 2.57

2.95, 1.48, 2.48, 2.94, 4.54, 2.00, 3.19, 4.22, 3.91, 1.79, 4.17, 4.64, 1.97, 2.71, 1.33, 2.54

2.95, 1.53, 2.58, 2.94, 4.52, 1.99, 3.11, 4.27, 3.92, 1.80, 4.17, 4.63, 1.98, 2.75, 1.31, 2.58

2.72, 1.53, 2.50, 2.92, 4.53, 2.00, 3.12, 4.23, 3.90, 1.79, 4.17, 4.63, 1.97, 2.71, 1.34, 2.54

2.82, 1.55, 2.55, 2.93, 4.50, 2.01, 3.13, 4.27, 3.89, 1.78, 4.17, 4.62, 1.98, 2.71, 1.34, 2.52

2.90, 1.56, 2.49, 2.94, 4.50, 2.03, 3.13, 4.25, 3.89, 1.79, 4.17, 4.63, 1.97, 2.71, 1.36, 2.55

2.82, 1.56, 2.54, 2.94, 4.48, 2.02, 3.14, 4.22, 3.89, 1.79, 4.15, 4.63, 1.98, 2.73, 1.32, 2.55

2.70, 1.56, 2.51, 2.93, 4.52, 2.03, 3.13, 4.22, 3.88, 1.78, 4.18, 4.61, 1.96, 2.73, 1.37, 2.54

2.80, 1.55, 2.53, 2.94, 4.50, 2.00, 3.11, 4.22, 3.88, 1.78, 4.16, 4.62, 1.97, 2.71, 1.34, 2.54

2.91, 1.55, 2.49, 2.91, 4.50, 2.02, 3.14, 4.24, 3.87, 1.78, 4.17, 4.61, 1.98, 2.72, 1.37, 2.56

2.83, 1.57, 2.50, 2.95, 4.48, 2.01, 3.13, 4.23, 3.89, 1.78, 4.15, 4.62, 1.99, 2.72, 1.35, 2.56

2.94, 1.55, 2.53, 2.92, 4.51, 2.06, 3.13, 4.21, 3.89, 1.78, 4.15, 4.61, 1.99, 2.71, 1.33, 2.57

2.85, 1.54, 2.49, 2.96, 4.48, 2.04, 3.15, 4.20, 3.88, 1.79, 4.17, 4.60, 1.95, 2.73, 1.33, 2.53

2.65, 1.55, 2.55, 2.95, 4.47, 2.03, 3.14, 4.27, 3.88, 1.77, 4.16, 4.62, 1.98, 2.74, 1.34, 2.50

2.71, 1.55, 2.56, 2.94, 4.44, 2.05, 3.14, 4.23, 3.87, 1.77, 4.17, 4.58, 1.96, 2.74, 1.34, 2.48

2.69, 1.56, 2.56, 2.95, 4.47, 2.09, 3.14, 4.24, 3.87, 1.77, 4.17, 4.60, 1.96, 2.76, 1.31, 2.46

2.60, 1.53, 2.55, 2.92, 4.49, 2.05, 3.11, 4.26, 3.87, 1.76, 4.18, 4.59, 1.95, 2.74, 1.30, 2.48

2.74, 1.52, 2.54, 2.95, 4.47, 2.05, 3.09, 4.24, 3.88, 1.76, 4.16, 4.60, 1.97, 2.74, 1.30, 2.47

2.55, 1.54, 2.59, 2.93, 4.45, 2.04, 3.10, 4.22, 3.88, 1.77, 4.16, 4.59, 1.98, 2.73, 1.37, 2.46

2.66, 1.53, 2.54, 2.95, 4.46, 2.06, 3.12, 4.23, 3.86, 1.75, 4.16, 4.58, 1.98, 2.72, 1.32, 2.46

2.67, 1.56, 2.58, 2.93, 4.40, 2.08, 3.13, 4.25, 3.86, 1.75, 4.16, 4.61, 1.97, 2.71, 1.33, 2.46

2.55, 1.51, 2.54, 2.94, 4.43, 2.07, 3.13, 4.26, 3.88, 1.74, 4.18, 4.60, 1.97, 2.72, 1.34, 2.46

2.69, 1.51, 2.54, 2.94, 4.45, 2.08, 3.10, 4.21, 3.86, 1.76, 4.18, 4.60, 1.98, 2.72, 1.34, 2.44

2.66, 1.51, 2.59, 2.93, 4.44, 2.09, 3.17, 4.21, 3.87, 1.75, 4.17, 4.60, 1.97, 2.73, 1.32, 2.43

2.60, 1.53, 2.59, 2.95, 4.47, 2.08, 3.11, 4.17, 3.87, 1.76, 4.16, 4.61, 1.97, 2.72, 1.33, 2.48

2.63, 1.54, 2.56, 2.95, 4.48, 2.10, 3.12, 4.20, 3.89, 1.76, 4.17, 4.60, 1.98, 2.73, 1.36, 2.47

2.57, 1.53, 2.52, 2.94, 4.42, 2.07, 3.12, 4.23, 3.88, 1.77, 4.17, 4.62, 1.97, 2.72, 1.33, 2.48

2.51, 1.52, 2.54, 2.93, 4.46, 2.06, 3.15, 4.21, 3.90, 1.77, 4.18, 4.62, 1.99, 2.71, 1.34, 2.49

2.68, 1.52, 2.51, 2.94, 4.46, 2.10, 3.13, 4.24, 3.90, 1.78, 4.17, 4.63, 1.96, 2.71, 1.33, 2.47

2.72, 1.54, 2.53, 2.93, 4.47, 2.08, 3.13, 4.24, 3.90, 1.79, 4.16, 4.61, 1.98, 2.72, 1.35, 2.49

2.56, 1.55, 2.59, 2.93, 4.48, 2.06, 3.16, 4.28, 3.90, 1.79, 4.18, 4.63, 1.97, 2.70, 1.34, 2.50

2.59, 1.56, 2.59, 2.94, 4.46, 2.07, 3.13, 4.23, 3.92, 1.79, 4.18, 4.63, 1.96, 2.71, 1.36, 2.50

2.74, 1.58, 2.59, 2.94, 4.49, 2.08, 3.18, 4.26, 3.89, 1.80, 4.18, 4.62, 1.98, 2.70, 1.33, 2.49

2.71, 1.55, 2.58, 2.92, 4.51, 2.06, 3.15, 4.25, 3.90, 1.80, 4.19, 4.63, 1.98, 2.72, 1.34, 2.52

2.75, 1.55, 2.55, 2.93, 4.53, 2.06, 3.12, 4.24, 3.92, 1.79, 4.18, 4.63, 1.99, 2.73, 1.37, 2.53

2.59, 1.55, 2.53, 2.94, 4.51, 2.07, 3.12, 4.27, 3.90, 1.80, 4.17, 4.62, 1.97, 2.74, 1.38, 2.55

2.76, 1.54, 2.51, 2.92, 4.51, 2.05, 3.13, 4.23, 3.90, 1.80, 4.18, 4.61, 1.96, 2.71, 1.38, 2.52

2.64, 1.53, 2.54, 2.94, 4.47, 2.06, 3.14, 4.24, 3.90, 1.79, 4.18, 4.62, 1.98, 2.72, 1.32, 2.51

2.76, 1.56, 2.55, 2.93, 4.50, 2.08, 3.16, 4.28, 3.89, 1.78, 4.16, 4.64, 1.97, 2.71, 1.35, 2.50

2.83, 1.55, 2.56, 2.94, 4.50, 2.09, 3.13, 4.27, 3.91, 1.80, 4.18, 4.65, 1.99, 2.73, 1.34, 2.47

2.64, 1.55, 2.57, 2.94, 4.50, 2.07, 3.15, 4.26, 3.90, 1.79, 4.18, 4.63, 1.98, 2.70, 1.30, 2.47

2.61, 1.56, 2.59, 2.95, 4.49, 2.10, 3.13, 4.23, 3.92, 1.79, 4.17, 4.62, 1.98, 2.70, 1.33, 2.49

2.72, 1.57, 2.52, 2.95, 4.50, 2.07, 3.16, 4.22, 3.92, 1.80, 4.17, 4.61, 1.98, 2.70, 1.33, 2.50

2.71, 1.53, 2.55, 2.93, 4.48, 2.06, 3.14, 4.24, 3.91, 1.80, 4.18, 4.61, 1.97, 2.71, 1.34, 2.51

2.75, 1.56, 2.51, 2.94, 4.48, 2.08, 3.15, 4.23, 3.92, 1.79, 4.18, 4.62, 1.98, 2.71, 1.35, 2.49

2.68, 1.55, 2.54, 2.93, 4.51, 2.06, 3.13, 4.24, 3.91, 1.81, 4.19, 4.62, 1.97, 2.72, 1.34, 2.50

2.76, 1.57, 2.55, 2.94, 4.46, 2.06, 3.15, 4.25, 3.92, 1.80, 4.18, 4.62, 1.96, 2.69, 1.34, 2.49

2.67, 1.55, 2.53, 2.92, 4.47, 2.09, 3.13, 4.21, 3.92, 1.80, 4.18, 4.62, 1.98, 2.70, 1.35, 2.50

2.67, 1.57, 2.57, 2.93, 4.47, 2.09, 3.15, 4.26, 3.91, 1.81, 4.20, 4.63, 1.98, 2.71, 1.37, 2.50

2.59, 1.56, 2.54, 2.95, 4.50, 2.07, 3.14, 4.25, 3.90, 1.80, 4.17, 4.63, 1.98, 2.72, 1.33, 2.49

2.76, 1.55, 2.55, 2.94, 4.48, 2.07, 3.13, 4.26, 3.92, 1.79, 4.18, 4.63, 1.99, 2.71, 1.34, 2.50

2.61, 1.53, 2.58, 2.95, 4.50, 2.08, 3.12, 4.27, 3.91, 1.78, 4.16, 4.62, 1.97, 2.71, 1.34, 2.51

2.69, 1.55, 2.53, 2.94, 4.48, 2.06, 3.13, 4.24, 3.91, 1.79, 4.17, 4.63, 1.98, 2.72, 1.36, 2.49

2.65, 1.56, 2.52, 2.94, 4.48, 2.05, 3.15, 4.23, 3.92, 1.79, 4.17, 4.63, 1.98, 2.71, 1.32, 2.50

2.73, 1.55, 2.56, 2.94, 4.47, 2.10, 3.14, 4.21, 3.91, 1.80, 4.18, 4.61, 1.98, 2.72, 1.32, 2.49

2.59, 1.54, 2.50, 2.94, 4.49, 2.06, 3.15, 4.25, 3.93, 1.81, 4.18, 4.63, 1.99, 2.73, 1.35, 2.50

2.66, 1.55, 2.53, 2.94, 4.49, 2.08, 3.13, 4.23, 3.90, 1.80, 4.19, 4.62, 1.97, 2.71, 1.35, 2.49

2.78, 1.57, 2.54, 2.92, 4.46, 2.09, 3.13, 4.27, 3.91, 1.78, 4.18, 4.63, 1.98, 2.72, 1.37, 2.51

2.78, 1.55, 2.55, 2.93, 4.47, 2.09, 3.13, 4.25, 3.90, 1.80, 4.17, 4.62, 1.99, 2.72, 1.32, 2.52

2.72, 1.57, 2.59, 2.93, 4.50, 2.11, 3.14, 4.28, 3.91, 1.79, 4.17, 4.61, 1.99, 2.70, 1.33, 2.49

2.66, 1.57, 2.53, 2.94, 4.50, 2.07, 3.14, 4.23, 3.91, 1.80, 4.18, 4.62, 1.98, 2.70, 1.36, 2.49

2.80, 1.55, 2.51, 2.91, 4.47, 2.07, 3.15, 4.26, 3.89, 1.80, 4.18, 4.62, 1.97, 2.71, 1.36, 2.50

2.73, 1.55, 2.57, 2.95, 4.50, 2.06, 3.15, 4.24, 3.91, 1.80, 4.17, 4.62, 1.98, 2.72, 1.35, 2.49

2.77, 1.57, 2.54, 2.95, 4.46, 2.07, 3.13, 4.25, 3.91, 1.81, 4.17, 4.62, 1.99, 2.72, 1.33, 2.51

2.70, 1.56, 2.57, 2.92, 4.49, 2.07, 3.14, 4.26, 3.89, 1.80, 4.17, 4.63, 1.97, 2.72, 1.36, 2.50

2.75, 1.56, 2.58, 2.96, 4.48, 2.10, 3.12, 4.22, 3.90, 1.79, 4.18, 4.63, 1.97, 2.71, 1.32, 2.49

2.71, 1.56, 2.51, 2.95, 4.48, 2.07, 3.15, 4.24, 3.91, 1.81, 4.18, 4.63, 1.98, 2.71, 1.32, 2.51

2.76, 1.56, 2.50, 2.94, 4.48, 2.07, 3.14, 4.27, 3.93, 1.80, 4.18, 4.62, 1.97, 2.69, 1.31, 2.50

2.68, 1.59, 2.55, 2.94, 4.46, 2.10, 3.17, 4.30, 3.90, 1.80, 4.17, 4.62, 2.00, 2.71, 1.33, 2.50

2.72, 1.55, 2.59, 2.94, 4.49, 2.06, 3.16, 4.29, 3.90, 1.79, 4.17, 4.63, 1.97, 2.72, 1.32, 2.50

2.70, 1.56, 2.52, 2.92, 4.49, 2.09, 3.16, 4.35, 3.91, 1.80, 4.18, 4.63, 1.98, 2.71, 1.34, 2.50

2.73, 1.57, 2.56, 2.92, 4.45, 2.14, 3.23, 4.61, 3.90, 1.79, 4.18, 4.64, 1.99, 2.67, 1.32, 2.53

2.72, 1.59, 2.63, 2.90, 4.40, 2.19, 3.31, 4.88, 3.90, 1.79, 4.18, 4.65, 1.97, 2.68, 1.29, 2.54

2.63, 1.60, 2.65, 2.88, 4.38, 2.23, 3.35, 5.07, 3.90, 1.78, 4.17, 4.65, 1.98, 2.68, 1.25, 2.54

2.52, 1.62, 2.65, 2.87, 4.34, 2.22, 3.37, 5.28, 3.91, 1.79, 4.18, 4.64, 1.98, 2.66, 1.25, 2.57

2.58, 1.62, 2.64, 2.84, 4.33, 2.31, 3.45, 5.64, 3.91, 1.79, 4.19, 4.67, 2.03, 2.60, 1.25, 2.61

2.47, 1.68, 2.74, 2.80, 4.24, 2.39, 3.58, 6.18, 3.91, 1.78, 4.17, 4.67, 2.07, 2.58, 1.18, 2.63

2.69, 1.73, 2.80, 2.80, 4.19, 2.46, 3.65, 6.69, 3.90, 1.79, 4.18, 4.66, 2.08, 2.56, 1.16, 2.68

2.51, 1.76, 2.79, 2.76, 4.11, 2.57, 3.70, 7.00, 3.88, 1.80, 4.19, 4.66, 2.11, 2.55, 1.14, 2.71

2.52, 1.75, 2.75, 2.77, 4.13, 2.53, 3.66, 7.34, 3.90, 1.80, 4.18, 4.66, 2.14, 2.53, 1.09, 2.75

2.54, 1.79, 2.82, 2.78, 4.14, 2.54, 3.71, 7.96, 3.89, 1.80, 4.18, 4.63, 2.18, 2.49, 1.05, 2.78

2.33, 1.83, 2.83, 2.79, 4.13, 2.60, 3.67, 8.54, 3.88, 1.83, 4.18, 4.63, 2.20, 2.43, 1.01, 2.82

2.38, 1.82, 2.88, 2.79, 4.10, 2.63, 3.71, 9.22, 3.89, 1.84, 4.18, 4.64, 2.25, 2.41, 0.97, 2.87

2.28, 1.84, 2.94, 2.78, 4.12, 2.69, 3.73, 10.00, 3.85, 1.84, 4.19, 4.64, 2.32, 2.35, 0.97, 2.91

2.37, 1.88, 2.92, 2.78, 4.15, 2.72, 3.77, 10.68, 3.87, 1.84, 4.18, 4.65, 2.38, 2.32, 0.91, 2.99

2.28, 1.88, 2.98, 2.78, 4.13, 2.78, 3.78, 11.37, 3.86, 1.85, 4.19, 4.63, 2.42, 2.26, 0.90, 3.01

2.35, 1.91, 3.00, 2.77, 4.12, 2.83, 3.85, 12.06, 3.87, 1.85, 4.19, 4.63, 2.43, 2.27, 0.87, 3.03

2.34, 1.92, 2.99, 2.79, 4.14, 2.85, 3.86, 12.53, 3.87, 1.86, 4.18, 4.63, 2.41, 2.28, 0.85, 3.02

2.37, 1.93, 2.97, 2.78, 4.13, 2.82, 3.88, 13.11, 3.86, 1.85, 4.18, 4.64, 2.43, 2.25, 0.85, 3.02

2.38, 1.94, 3.04, 2.79, 4.11, 2.82, 3.88, 13.88, 3.86, 1.84, 4.19, 4.65, 2.46, 2.26, 0.87, 3.02

2.25, 1.97, 3.03, 2.79, 4.10, 2.81, 3.90, 14.44, 3.87, 1.84, 4.19, 4.64, 2.45, 2.25, 0.88, 3.05

2.39, 1.96, 3.06, 2.80, 4.12, 2.79, 3.91, 14.78, 3.88, 1.86, 4.17, 4.66, 2.47, 2.28, 0.86, 3.04

2.29, 1.96, 3.03, 2.78, 4.11, 2.78, 3.89, 15.12, 3.86, 1.84, 4.18, 4.64, 2.48, 2.25, 0.88, 3.05

2.26, 1.98, 3.06, 2.78, 4.11, 2.78, 3.91, 15.45, 3.86, 1.85, 4.17, 4.65, 2.47, 2.27, 0.89, 3.02

2.20, 1.99, 3.06, 2.78, 4.09, 2.81, 3.94, 15.56, 3.88, 1.84, 4.18, 4.63, 2.46, 2.27, 0.87, 3.00

2.31, 1.99, 3.03, 2.78, 4.10, 2.80, 3.94, 15.40, 3.86, 1.85, 4.19, 4.65, 2.48, 2.27, 0.88, 3.03

2.19, 1.98, 3.07, 2.78, 4.14, 2.78, 3.92, 15.54, 3.86, 1.84, 4.18, 4.65, 2.49, 2.26, 0.89, 3.02

2.34, 1.98, 3.02, 2.79, 4.11, 2.80, 3.95, 15.58, 3.87, 1.85, 4.17, 4.64, 2.49, 2.27, 0.86, 3.01

2.41, 2.00, 3.04, 2.78, 4.12, 2.80, 3.98, 15.36, 3.85, 1.84, 4.19, 4.62, 2.47, 2.29, 0.85, 3.01

2.33, 1.97, 3.08, 2.78, 4.13, 2.81, 4.02, 15.29, 3.85, 1.84, 4.18, 4.63, 2.47, 2.28, 0.89, 2.98

2.31, 2.01, 3.04, 2.80, 4.13, 2.86, 3.99, 15.28, 3.85, 1.86, 4.17, 4.64, 2.48, 2.27, 0.84, 3.01

2.30, 1.98, 3.05, 2.77, 4.12, 2.83, 3.94, 15.75, 3.86, 1.84, 4.19, 4.64, 2.48, 2.26, 0.90, 3.03

2.29, 1.97, 3.06, 2.78, 4.11, 2.84, 3.99, 16.04, 3.85, 1.86, 4.18, 4.63, 2.49, 2.26, 0.86, 3.04

2.20, 1.99, 3.06, 2.79, 4.13, 2.80, 3.96, 16.35, 3.87, 1.86, 4.18, 4.66, 2.49, 2.24, 0.86, 3.05

2.26, 1.97, 3.04, 2.79, 4.11, 2.78, 3.96, 16.61, 3.87, 1.87, 4.19, 4.65, 2.49, 2.26, 0.90, 3.04

2.13, 1.98, 3.09, 2.79, 4.14, 2.79, 3.92, 17.18, 3.88, 1.86, 4.18, 4.66, 2.52, 2.25, 0.87, 3.06

2.16, 2.00, 3.04, 2.78, 4.11, 2.76, 3.91, 17.57, 3.88, 1.86, 4.16, 4.65, 2.52, 2.25, 0.87, 3.05

2.33, 1.99, 3.06, 2.79, 4.13, 2.73, 3.87, 17.60, 3.88, 1.85, 4.17, 4.65, 2.51, 2.26, 0.90, 3.03

2.19, 1.99, 3.04, 2.79, 4.10, 2.75, 3.87, 17.70, 3.87, 1.85, 4.17, 4.64, 2.52, 2.25, 0.89, 3.06

2.38, 1.99, 3.01, 2.79, 4.15, 2.72, 3.88, 17.71, 3.87, 1.84, 4.19, 4.66, 2.52, 2.25, 0.86, 3.04

2.33, 2.02, 3.07, 2.79, 4.13, 2.74, 3.91, 17.98, 3.87, 1.86, 4.19, 4.64, 2.51, 2.25, 0.87, 3.05

2.28, 1.98, 3.06, 2.80, 4.11, 2.74, 3.92, 17.64, 3.86, 1.86, 4.17, 4.64, 2.53, 2.26, 0.87, 3.03

2.26, 1.99, 3.04, 2.79, 4.13, 2.69, 3.91, 17.66, 3.87, 1.85, 4.18, 4.64, 2.52, 2.25, 0.88, 3.04

2.28, 1.99, 3.08, 2.78, 4.09, 2.67, 3.88, 18.20, 3.86, 1.84, 4.18, 4.65, 2.53, 2.26, 0.89, 3.04

2.24, 1.99, 3.04, 2.78, 4.14, 2.66, 3.89, 18.77, 3.87, 1.86, 4.19, 4.67, 2.54, 2.24, 0.83, 3.05

2.28, 1.99, 3.02, 2.79, 4.14, 2.67, 3.91, 18.84, 3.87, 1.85, 4.19, 4.64, 2.52, 2.25, 0.88, 3.03

2.35, 2.00, 3.03, 2.78, 4.14, 2.71, 3.90, 18.65, 3.85, 1.85, 4.18, 4.64, 2.52, 2.28, 0.86, 3.05

2.30, 1.99, 3.01, 2.77, 4.13, 2.75, 3.93, 18.70, 3.86, 1.86, 4.19, 4.66, 2.53, 2.26, 0.87, 3.03

2.22, 1.99, 3.08, 2.78, 4.14, 2.76, 3.93, 19.33, 3.88, 1.86, 4.18, 4.66, 2.53, 2.24, 0.87, 3.06

2.18, 2.00, 3.02, 2.79, 4.13, 2.71, 3.92, 20.00, 3.88, 1.85, 4.18, 4.64, 2.55, 2.25, 0.86, 3.06

2.14, 2.02, 3.04, 2.76, 4.16, 2.65, 3.90, 20.85, 3.88, 1.86, 4.18, 4.64, 2.56, 2.25, 0.86, 3.09

2.26, 2.01, 3.05, 2.77, 4.14, 2.62, 3.92, 21.69, 3.87, 1.85, 4.18, 4.66, 2.57, 2.22, 0.90, 3.08

2.16, 2.01, 3.01, 2.78, 4.12, 2.62, 3.93, 22.26, 3.88, 1.84, 4.19, 4.65, 2.57, 2.23, 0.90, 3.08

2.11, 1.99, 3.08, 2.79, 4.14, 2.62, 3.97, 23.48, 3.88, 1.85, 4.19, 4.66, 2.58, 2.24, 0.87, 3.09

2.23, 2.02, 3.10, 2.79, 4.13, 2.59, 3.96, 24.07, 3.88, 1.84, 4.18, 4.66, 2.60, 2.22, 0.85, 3.08

2.28, 2.02, 3.06, 2.78, 4.10, 2.55, 3.91, 24.63, 3.87, 1.85, 4.20, 4.64, 2.59, 2.23, 0.87, 3.08

2.34, 2.00, 3.04, 2.78, 4.13, 2.55, 3.90, 24.48, 3.88, 1.84, 4.19, 4.65, 2.58, 2.22, 0.87, 3.07

2.32, 2.02, 3.03, 2.79, 4.15, 2.53, 3.93, 24.56, 3.87, 1.85, 4.18, 4.66, 2.61, 2.23, 0.89, 3.07

2.29, 2.02, 3.08, 2.77, 4.13, 2.55, 3.96, 24.23, 3.88, 1.86, 4.18, 4.65, 2.57, 2.23, 0.87, 3.06

2.25, 2.03, 3.01, 2.76, 4.10, 2.50, 3.92, 24.08, 3.89, 1.84, 4.18, 4.66, 2.59, 2.22, 0.85, 3.06

2.33, 2.00, 3.02, 2.79, 4.13, 2.49, 3.90, 23.27, 3.90, 1.82, 4.17, 4.67, 2.56, 2.24, 0.87, 3.05

2.27, 1.97, 2.99, 2.77, 4.14, 2.53, 3.87, 21.78, 3.90, 1.82, 4.19, 4.69, 2.55, 2.25, 0.89, 3.03

2.31, 1.96, 3.00, 2.77, 4.13, 2.55, 3.87, 20.25, 3.91, 1.84, 4.18, 4.65, 2.54, 2.28, 0.90, 3.02

2.27, 1.97, 3.01, 2.77, 4.13, 2.58, 3.83, 18.38, 3.90, 1.82, 4.17, 4.64, 2.50, 2.31, 0.84, 2.97

2.28, 1.98, 3.02, 2.77, 4.13, 2.56, 3.79, 16.36, 3.90, 1.82, 4.19, 4.62, 2.44, 2.32, 0.89, 2.93

2.35, 1.96, 3.00, 2.77, 4.13, 2.61, 3.71, 13.90, 3.89, 1.83, 4.17, 4.61, 2.42, 2.34, 0.85, 2.92

2.23, 1.94, 2.94, 2.78, 4.15, 2.64, 3.60, 10.86, 3.91, 1.84, 4.17, 4.60, 2.23, 2.50, 1.07, 2.72

2.41, 1.90, 2.87, 2.79, 4.11, 2.59, 3.52, 8.86, 3.91, 1.82, 4.18, 4.60, 2.12, 2.58, 1.18, 2.61

2.48, 1.85, 2.81, 2.78, 4.14, 2.56, 3.51, 7.80, 3.91, 1.81, 4.19, 4.60, 2.03, 2.66, 1.27, 2.52

2.39, 1.80, 2.82, 2.78, 4.11, 2.49, 3.49, 6.36, 3.91, 1.80, 4.19, 4.58, 1.99, 2.74, 1.40, 2.44

2.53, 1.75, 2.72, 2.79, 4.22, 2.35, 3.38, 4.79, 3.94, 1.77, 4.18, 4.61, 1.98, 2.80, 1.43, 2.39

2.70, 1.65, 2.61, 2.80, 4.37, 2.20, 3.20, 4.24, 3.96, 1.76, 4.18, 4.63, 1.99, 2.81, 1.43, 2.43

2.58, 1.65, 2.58, 2.76, 4.37, 2.15, 3.21, 4.16, 3.97, 1.74, 4.18, 4.63, 1.97, 2.80, 1.41, 2.42

2.58, 1.62, 2.61, 2.77, 4.38, 2.18, 3.20, 4.20, 3.96, 1.74, 4.18, 4.65, 1.98, 2.81, 1.42, 2.42

2.83, 1.63, 2.59, 2.77, 4.37, 2.20, 3.22, 4.18, 3.97, 1.74, 4.17, 4.64, 1.96, 2.80, 1.41, 2.40

2.65, 1.63, 2.53, 2.77, 4.38, 2.17, 3.22, 4.17, 3.97, 1.75, 4.18, 4.65, 1.97, 2.80, 1.44, 2.42

2.56, 1.64, 2.61, 2.76, 4.38, 2.17, 3.21, 4.22, 3.99, 1.74, 4.17, 4.63, 1.97, 2.80, 1.41, 2.41

2.77, 1.63, 2.60, 2.78, 4.40, 2.19, 3.21, 4.20, 3.97, 1.76, 4.19, 4.63, 1.98, 2.79, 1.42, 2.42

2.66, 1.63, 2.63, 2.80, 4.38, 2.17, 3.23, 4.20, 3.98, 1.73, 4.18, 4.62, 1.98, 2.80, 1.41, 2.42

2.62, 1.62, 2.64, 2.79, 4.41, 2.18, 3.22, 4.20, 3.97, 1.74, 4.19, 4.63, 1.98, 2.81, 1.40, 2.43

2.61, 1.61, 2.61, 2.78, 4.42, 2.15, 3.21, 4.19, 3.98, 1.74, 4.18, 4.65, 1.97, 2.78, 1.47, 2.42

2.65, 1.63, 2.61, 2.78, 4.40, 2.16, 3.22, 4.21, 3.98, 1.73, 4.18, 4.64, 1.97, 2.79, 1.41, 2.43

2.69, 1.64, 2.64, 2.79, 4.38, 2.15, 3.20, 4.20, 3.97, 1.74, 4.19, 4.63, 1.99, 2.80, 1.44, 2.43

2.78, 1.62, 2.57, 2.78, 4.40, 2.16, 3.21, 4.19, 3.98, 1.73, 4.19, 4.64, 1.97, 2.77, 1.39, 2.43

2.55, 1.62, 2.62, 2.77, 4.37, 2.18, 3.19, 4.16, 3.97, 1.74, 4.17, 4.64, 1.98, 2.79, 1.40, 2.42

2.74, 1.63, 2.60, 2.79, 4.35, 2.14, 3.19, 4.19, 3.98, 1.74, 4.17, 4.65, 1.98, 2.77, 1.40, 2.42

2.67, 1.62, 2.64, 2.78, 4.39, 2.15, 3.21, 4.20, 3.98, 1.75, 4.16, 4.63, 1.98, 2.79, 1.43, 2.42

2.52, 1.62, 2.57, 2.78, 4.38, 2.19, 3.21, 4.19, 3.98, 1.73, 4.18, 4.65, 1.97, 2.80, 1.40, 2.42

2.72, 1.63, 2.63, 2.77, 4.38, 2.15, 3.19, 4.19, 3.97, 1.73, 4.17, 4.64, 1.98, 2.79, 1.43, 2.43

2.76, 1.62, 2.62, 2.77, 4.41, 2.16, 3.20, 4.20, 3.99, 1.73, 4.18, 4.64, 1.97, 2.80, 1.45, 2.44

2.64, 1.60, 2.60, 2.76, 4.40, 2.16, 3.21, 4.19, 3.98, 1.75, 4.19, 4.65, 1.99, 2.80, 1.41, 2.42

2.69, 1.62, 2.63, 2.77, 4.39, 2.15, 3.19, 4.21, 3.98, 1.74, 4.18, 4.64, 1.97, 2.78, 1.42, 2.43

2.67, 1.63, 2.56, 2.79, 4.42, 2.15, 3.21, 4.18, 3.98, 1.74, 4.18, 4.65, 1.97, 2.79, 1.41, 2.44

2.67, 1.60, 2.60, 2.78, 4.43, 2.14, 3.18, 4.21, 3.99, 1.74, 4.18, 4.64, 1.98, 2.78, 1.40, 2.43

2.66, 1.63, 2.58, 2.76, 4.38, 2.15, 3.19, 4.21, 3.97, 1.74, 4.18, 4.64, 1.98, 2.79, 1.44, 2.42

2.64, 1.62, 2.62, 2.79, 4.41, 2.18, 3.17, 4.23, 3.99, 1.73, 4.18, 4.65, 1.98, 2.78, 1.41, 2.44

2.69, 1.63, 2.59, 2.79, 4.43, 2.15, 3.18, 4.21, 3.97, 1.73, 4.19, 4.64, 1.97, 2.80, 1.44, 2.43

2.65, 1.61, 2.56, 2.78, 4.40, 2.15, 3.19, 4.20, 3.97, 1.74, 4.18, 4.64, 1.98, 2.78, 1.45, 2.43

2.64, 1.62, 2.63, 2.76, 4.42, 2.19, 3.20, 4.18, 3.97, 1.72, 4.18, 4.64, 1.98, 2.79, 1.43, 2.43

2.73, 1.63, 2.58, 2.78, 4.40, 2.14, 3.18, 4.17, 3.98, 1.73, 4.18, 4.66, 1.99, 2.77, 1.39, 2.44

2.72, 1.60, 2.63, 2.77, 4.42, 2.15, 3.19, 4.19, 3.97, 1.73, 4.18, 4.64, 1.97, 2.78, 1.40, 2.42

2.67, 1.63, 2.63, 2.79, 4.41, 2.19, 3.19, 4.17, 3.98, 1.73, 4.17, 4.64, 1.98, 2.80, 1.39, 2.44

2.64, 1.62, 2.62, 2.79, 4.42, 2.14, 3.19, 4.22, 3.97, 1.74, 4.19, 4.65, 1.98, 2.80, 1.41, 2.43

2.73, 1.62, 2.57, 2.78, 4.42, 2.16, 3.20, 4.18, 3.98, 1.73, 4.19, 4.65, 1.98, 2.80, 1.45, 2.43

2.74, 1.62, 2.58, 2.78, 4.40, 2.17, 3.20, 4.19, 3.97, 1.73, 4.17, 4.64, 1.97, 2.78, 1.40, 2.43

2.77, 1.62, 2.58, 2.76, 4.43, 2.17, 3.20, 4.20, 3.99, 1.75, 4.19, 4.63, 1.97, 2.78, 1.40, 2.42

2.57, 1.65, 2.62, 2.79, 4.39, 2.15, 3.18, 4.20, 3.98, 1.73, 4.19, 4.65, 1.97, 2.79, 1.41, 2.44

2.60, 1.63, 2.56, 2.77, 4.38, 2.16, 3.20, 4.22, 3.97, 1.72, 4.20, 4.63, 1.97, 2.79, 1.46, 2.45

2.65, 1.63, 2.60, 2.79, 4.40, 2.16, 3.21, 4.21, 3.99, 1.73, 4.19, 4.66, 1.97, 2.79, 1.39, 2.42

2.56, 1.63, 2.61, 2.79, 4.37, 2.18, 3.19, 4.21, 3.98, 1.73, 4.18, 4.63, 1.99, 2.78, 1.41, 2.45

2.80, 1.62, 2.62, 2.79, 4.39, 2.15, 3.19, 4.17, 3.97, 1.74, 4.17, 4.65, 1.98, 2.77, 1.39, 2.44

2.75, 1.62, 2.63, 2.78, 4.42, 2.15, 3.18, 4.19, 3.98, 1.73, 4.20, 4.64, 1.98, 2.81, 1.42, 2.44

2.69, 1.63, 2.59, 2.78, 4.47, 3.03, 3.16, 4.23, 3.96, 1.72, 4.18, 4.67, 1.99, 2.79, 1.45, 2.44

2.66, 1.62, 2.65, 2.80, 4.48, 3.45, 3.17, 4.28, 4.00, 1.73, 4.17, 4.67, 1.97, 2.80, 1.41, 2.44

2.70, 1.61, 2.62, 2.77, 4.46, 3.26, 3.18, 4.25, 4.00, 1.72, 4.19, 4.66, 1.99, 2.79, 1.43, 2.42

2.68, 1.62, 2.63, 2.78, 4.44, 3.28, 3.16, 4.28, 3.99, 1.73, 4.20, 4.67, 1.97, 2.79, 1.42, 2.43

2.76, 1.62, 2.64, 2.80, 4.46, 3.65, 3.16, 4.29, 4.00, 1.71, 4.19, 4.67, 1.98, 2.81, 1.46, 2.43

2.71, 1.61, 2.60, 2.77, 4.50, 4.30, 3.14, 4.39, 3.99, 1.73, 4.18, 4.69, 1.98, 2.82, 1.48, 2.40

2.77, 1.59, 2.59, 2.80, 4.54, 4.76, 3.12, 4.34, 4.00, 1.72, 4.19, 4.68, 1.99, 2.83, 1.45, 2.43

2.76, 1.61, 2.56, 2.79, 4.58, 5.07, 3.11, 4.34, 3.99, 1.71, 4.17, 4.70, 1.97, 2.85, 1.47, 2.42

2.74, 1.59, 2.56, 2.78, 4.61, 5.33, 3.10, 4.35, 3.99, 1.69, 4.20, 4.71, 1.96, 2.82, 1.51, 2.42

2.72, 1.59, 2.63, 2.77, 4.61, 5.88, 3.08, 4.42, 3.99, 1.71, 4.17, 4.71, 1.96, 2.82, 1.48, 2.41

2.89, 1.59, 2.60, 2.79, 4.68, 6.53, 3.08, 4.47, 3.99, 1.69, 4.17, 4.74, 1.98, 2.84, 1.44, 2.42

2.73, 1.60, 2.60, 2.79, 4.71, 7.04, 3.09, 4.48, 4.02, 1.68, 4.19, 4.73, 1.98, 2.85, 1.44, 2.41

2.61, 1.60, 2.60, 2.78, 4.75, 7.62, 3.06, 4.48, 4.03, 1.68, 4.19, 4.75, 1.99, 2.85, 1.51, 2.41

2.85, 1.61, 2.57, 2.79, 4.81, 8.24, 3.04, 4.50, 4.03, 1.67, 4.18, 4.76, 1.99, 2.84, 1.47, 2.40

2.62, 1.62, 2.58, 2.78, 4.83, 8.71, 3.06, 4.56, 4.04, 1.66, 4.18, 4.77, 1.98, 2.86, 1.46, 2.40

2.70, 1.59, 2.58, 2.78, 4.83, 8.99, 3.02, 4.55, 4.04, 1.67, 4.20, 4.76, 1.98, 2.86, 1.48, 2.41

2.77, 1.60, 2.63, 2.78, 4.87, 9.36, 3.01, 4.57, 4.04, 1.67, 4.19, 4.78, 1.99, 2.85, 1.52, 2.39

2.64, 1.60, 2.62, 2.80, 4.91, 10.13, 2.97, 4.63, 4.04, 1.64, 4.18, 4.79, 1.97, 2.88, 1.49, 2.41

2.74, 1.59, 2.58, 2.80, 4.95, 10.50, 3.00, 4.59, 4.04, 1.64, 4.18, 4.80, 1.97, 2.89, 1.48, 2.40

2.84, 1.59, 2.62, 2.77, 4.98, 10.82, 2.99, 4.62, 4.06, 1.63, 4.19, 4.79, 1.97, 2.88, 1.51, 2.39

2.81, 1.58, 2.56, 2.78, 5.01, 10.91, 2.98, 4.59, 4.04, 1.62, 4.18, 4.80, 2.00, 2.87, 1.53, 2.40

2.64, 1.61, 2.58, 2.77, 5.03, 11.23, 2.96, 4.66, 4.06, 1.63, 4.18, 4.81, 1.99, 2.89, 1.51, 2.37

2.82, 1.61, 2.58, 2.77, 5.10, 11.82, 2.99, 4.69, 4.05, 1.63, 4.19, 4.80, 1.97, 2.89, 1.52, 2.37

2.80, 1.61, 2.55, 2.79, 5.10, 12.14, 2.96, 4.65, 4.08, 1.62, 4.19, 4.83, 1.99, 2.89, 1.50, 2.38

2.87, 1.57, 2.59, 2.78, 5.08, 12.29, 2.95, 4.69, 4.07, 1.62, 4.18, 4.81, 1.99, 2.90, 1.55, 2.37

2.83, 1.60, 2.59, 2.80, 5.09, 12.16, 2.96, 4.67, 4.07, 1.62, 4.20, 4.81, 2.00, 2.88, 1.50, 2.38

2.71, 1.60, 2.59, 2.79, 5.06, 11.91, 2.95, 4.66, 4.08, 1.61, 4.19, 4.83, 1.98, 2.89, 1.50, 2.37

2.74, 1.57, 2.59, 2.76, 5.10, 11.74, 2.97, 4.63, 4.08, 1.62, 4.18, 4.81, 1.99, 2.90, 1.51, 2.38

2.81, 1.56, 2.55, 2.79, 5.06, 11.66, 2.95, 4.61, 4.07, 1.60, 4.17, 4.81, 1.96, 2.90, 1.50, 2.39

2.83, 1.56, 2.55, 2.79, 5.06, 11.78, 2.96, 4.67, 4.08, 1.63, 4.19, 4.83, 1.98, 2.88, 1.49, 2.38

2.71, 1.57, 2.61, 2.79, 5.06, 11.88, 2.96, 4.67, 4.08, 1.61, 4.19, 4.82, 1.99, 2.89, 1.50, 2.38

2.70, 1.57, 2.54, 2.76, 5.11, 12.10, 2.94, 4.62, 4.08, 1.61, 4.18, 4.81, 1.99, 2.88, 1.53, 2.39

2.77, 1.58, 2.58, 2.79, 5.07, 12.22, 2.94, 4.66, 4.08, 1.61, 4.18, 4.84, 1.98, 2.89, 1.53, 2.36

2.75, 1.57, 2.56, 2.78, 5.10, 12.47, 2.93, 4.68, 4.08, 1.61, 4.18, 4.84, 1.98, 2.89, 1.54, 2.38

2.66, 1.58, 2.61, 2.77, 5.11, 12.68, 2.96, 4.69, 4.08, 1.60, 4.18, 4.85, 1.97, 2.88, 1.52, 2.36

2.65, 1.59, 2.57, 2.78, 5.12, 12.78, 2.92, 4.69, 4.09, 1.61, 4.18, 4.83, 1.99, 2.90, 1.50, 2.37

2.81, 1.57, 2.55, 2.79, 5.10, 12.73, 2.90, 4.62, 4.10, 1.61, 4.19, 4.83, 1.99, 2.90, 1.52, 2.37

2.82, 1.58, 2.57, 2.78, 5.12, 12.84, 2.89, 4.61, 4.09, 1.61, 4.18, 4.84, 1.98, 2.90, 1.50, 2.38

2.72, 1.59, 2.60, 2.78, 5.13, 13.04, 2.87, 4.62, 4.09, 1.59, 4.17, 4.82, 1.99, 2.89, 1.52, 2.35

2.73, 1.59, 2.55, 2.78, 5.13, 13.12, 2.88, 4.62, 4.10, 1.61, 4.19, 4.84, 1.98, 2.92, 1.53, 2.38

2.83, 1.57, 2.58, 2.77, 5.17, 13.40, 2.85, 4.60, 4.10, 1.59, 4.19, 4.84, 2.00, 2.90, 1.56, 2.35

2.83, 1.57, 2.56, 2.78, 5.19, 13.49, 2.85, 4.60, 4.09, 1.60, 4.18, 4.84, 1.99, 2.89, 1.56, 2.36

2.82, 1.55, 2.52, 2.78, 5.22, 13.55, 2.85, 4.58, 4.09, 1.61, 4.18, 4.83, 1.99, 2.91, 1.52, 2.36

2.82, 1.58, 2.61, 2.78, 5.22, 13.90, 2.87, 4.60, 4.10, 1.59, 4.17, 4.84, 1.99, 2.91, 1.55, 2.37

2.67, 1.57, 2.55, 2.79, 5.24, 14.45, 2.86, 4.68, 4.11, 1.58, 4.18, 4.87, 2.00, 2.92, 1.53, 2.39

2.84, 1.56, 2.56, 2.79, 5.19, 14.74, 2.84, 4.71, 4.11, 1.59, 4.18, 4.86, 1.98, 2.92, 1.54, 2.36

2.88, 1.56, 2.60, 2.79, 5.21, 14.88, 2.84, 4.70, 4.10, 1.58, 4.20, 4.87, 1.98, 2.92, 1.51, 2.35

2.82, 1.56, 2.60, 2.79, 5.19, 15.06, 2.85, 4.73, 4.11, 1.59, 4.18, 4.85, 1.98, 2.93, 1.53, 2.36

2.73, 1.58, 2.57, 2.78, 5.14, 15.20, 2.82, 4.74, 4.11, 1.58, 4.17, 4.87, 1.98, 2.92, 1.51, 2.37

2.78, 1.58, 2.59, 2.78, 5.17, 15.47, 2.82, 4.73, 4.10, 1.59, 4.20, 4.87, 1.99, 2.93, 1.58, 2.36

2.88, 1.55, 2.62, 2.78, 5.24, 15.42, 2.81, 4.72, 4.11, 1.58, 4.18, 4.86, 1.98, 2.90, 1.56, 2.36

2.86, 1.55, 2.60, 2.80, 5.24, 15.26, 2.83, 4.69, 4.11, 1.56, 4.19, 4.87, 1.98, 2.92, 1.55, 2.35

2.77, 1.57, 2.59, 2.77, 5.25, 15.14, 2.84, 4.70, 4.11, 1.58, 4.18, 4.87, 1.98, 2.93, 1.56, 2.36

2.65, 1.56, 2.54, 2.79, 5.29, 15.57, 2.80, 4.75, 4.11, 1.57, 4.18, 4.89, 1.99, 2.92, 1.54, 2.35

2.77, 1.57, 2.59, 2.80, 5.28, 16.07, 2.82, 4.71, 4.11, 1.58, 4.18, 4.89, 1.97, 2.93, 1.54, 2.35

2.84, 1.55, 2.60, 2.77, 5.33, 16.61, 2.80, 4.77, 4.13, 1.58, 4.19, 4.87, 1.99, 2.93, 1.57, 2.37

2.73, 1.57, 2.56, 2.78, 5.27, 16.90, 2.79, 4.81, 4.13, 1.58, 4.19, 4.88, 1.97, 2.92, 1.58, 2.35

2.77, 1.56, 2.60, 2.76, 5.28, 17.44, 2.80, 4.86, 4.12, 1.57, 4.18, 4.88, 1.97, 2.93, 1.57, 2.35

2.82, 1.55, 2.62, 2.77, 5.29, 17.76, 2.80, 4.86, 4.12, 1.56, 4.18, 4.90, 1.97, 2.93, 1.58, 2.35

2.85, 1.56, 2.56, 2.78, 5.31, 18.26, 2.78, 4.94, 4.12, 1.55, 4.19, 4.89, 1.98, 2.94, 1.55, 2.35

2.80, 1.58, 2.51, 2.80, 5.30, 18.61, 2.76, 4.98, 4.12, 1.56, 4.19, 4.90, 1.99, 2.93, 1.56, 2.34

2.66, 1.57, 2.63, 2.78, 5.34, 18.86, 2.74, 4.98, 4.14, 1.54, 4.19, 4.91, 1.98, 2.93, 1.59, 2.35

2.74, 1.57, 2.62, 2.78, 5.31, 18.95, 2.77, 4.94, 4.15, 1.55, 4.18, 4.92, 1.98, 2.94, 1.56, 2.34

2.82, 1.59, 2.60, 2.77, 5.38, 19.18, 2.78, 4.97, 4.13, 1.54, 4.20, 4.91, 1.99, 2.95, 1.58, 2.35

2.82, 1.58, 2.60, 2.80, 5.39, 19.96, 2.77, 5.06, 4.16, 1.54, 4.18, 4.93, 1.99, 2.96, 1.56, 2.34

2.75, 1.59, 2.60, 2.80, 5.44, 20.50, 2.75, 5.03, 4.14, 1.54, 4.18, 4.92, 1.98, 2.93, 1.58, 2.34

2.72, 1.59, 2.57, 2.76, 5.40, 20.13, 2.77, 5.11, 4.17, 1.55, 4.19, 4.92, 1.97, 2.96, 1.56, 2.35

2.82, 1.57, 2.59, 2.78, 5.34, 19.63, 2.78, 5.07, 4.15, 1.53, 4.20, 4.93, 1.98, 2.95, 1.61, 2.35

2.82, 1.57, 2.60, 2.78, 5.33, 19.02, 2.82, 5.05, 4.15, 1.53, 4.19, 4.89, 1.99, 2.94, 1.58, 2.34

2.84, 1.55, 2.61, 2.78, 5.27, 17.53, 2.82, 4.97, 4.14, 1.54, 4.19, 4.91, 1.99, 2.95, 1.59, 2.35

2.65, 1.58, 2.57, 2.77, 5.15, 14.48, 2.87, 4.83, 4.14, 1.53, 4.18, 4.86, 1.98, 2.92, 1.57, 2.33

2.62, 1.63, 2.63, 2.79, 4.90, 10.27, 2.95, 4.64, 4.07, 1.63, 4.19, 4.76, 1.98, 2.88, 1.49, 2.39

2.59, 1.60, 2.59, 2.94, 4.70, 6.91, 3.02, 4.46, 4.01, 1.69, 4.20, 4.67, 1.98, 2.84, 1.45, 2.41

2.76, 1.54, 2.53, 2.97, 4.56, 3.76, 3.11, 4.28, 3.97, 1.73, 4.18, 4.66, 1.98, 2.80, 1.43, 2.43

2.68, 1.53, 2.52, 2.93, 4.45, 2.20, 3.18, 4.25, 3.97, 1.72, 4.18, 4.65, 1.98, 2.79, 1.44, 2.45

2.71, 1.56, 2.55, 2.94, 4.41, 2.21, 3.16, 4.24, 3.97, 1.73, 4.18, 4.63, 1.99, 2.78, 1.41, 2.43

2.63, 1.55, 2.56, 2.94, 4.44, 2.17, 3.17, 4.22, 3.96, 1.75, 4.19, 4.65, 1.96, 2.79, 1.41, 2.45

2.74, 1.57, 2.52, 2.92, 4.42, 2.17, 3.18, 4.19, 3.97, 1.72, 4.19, 4.64, 1.99, 2.79, 1.44, 2.46

2.77, 1.56, 2.58, 2.91, 4.42, 2.19, 3.16, 4.22, 3.97, 1.74, 4.17, 4.66, 1.98, 2.78, 1.42, 2.45

2.77, 1.60, 2.51, 2.93, 4.46, 2.17, 3.18, 4.23, 3.96, 1.72, 4.18, 4.65, 2.00, 2.77, 1.45, 2.43

2.72, 1.58, 2.56, 2.91, 4.46, 2.18, 3.20, 4.22, 3.96, 1.73, 4.19, 4.63, 1.97, 2.80, 1.40, 2.45

2.67, 1.59, 2.53, 2.91, 4.43, 2.19, 3.17, 4.22, 3.96, 1.74, 4.20, 4.63, 1.98, 2.77, 1.41, 2.45

2.78, 1.58, 2.58, 2.91, 4.44, 2.17, 3.20, 4.22, 3.95, 1.73, 4.18, 4.64, 1.99, 2.78, 1.39, 2.45

2.79, 1.56, 2.51, 2.91, 4.44, 2.14, 3.17, 4.21, 3.97, 1.73, 4.19, 4.63, 1.99, 2.78, 1.44, 2.45

2.63, 1.57, 2.55, 2.90, 4.44, 2.18, 3.19, 4.20, 3.97, 1.74, 4.18, 4.65, 1.99, 2.78, 1.45, 2.45

2.59, 1.55, 2.56, 2.88, 4.44, 2.15, 3.17, 4.22, 3.96, 1.73, 4.19, 4.64, 1.98, 2.77, 1.40, 2.44

2.74, 1.55, 2.52, 2.90, 4.44, 2.16, 3.17, 4.23, 3.96, 1.72, 4.20, 4.63, 1.99, 2.79, 1.40, 2.44

2.72, 1.55, 2.58, 2.88, 4.44, 2.17, 3.21, 4.21, 3.97, 1.71, 4.18, 4.64, 1.98, 2.78, 1.43, 2.45

2.59, 1.54, 2.58, 2.90, 4.42, 2.16, 3.19, 4.25, 3.95, 1.73, 4.19, 4.65, 1.99, 2.80, 1.42, 2.44

2.71, 1.53, 2.57, 2.87, 4.41, 2.17, 3.18, 4.19, 3.96, 1.72, 4.19, 4.66, 1.99, 2.77, 1.41, 2.45

2.80, 1.54, 2.56, 2.89, 4.41, 2.20, 3.16, 4.23, 3.96, 1.73, 4.19, 4.65, 1.98, 2.78, 1.42, 2.44

2.76, 1.52, 2.57, 2.88, 4.43, 2.15, 3.19, 4.23, 3.96, 1.73, 4.19, 4.66, 1.98, 2.78, 1.41, 2.45

2.57, 1.54, 2.59, 2.90, 4.44, 2.17, 3.18, 4.20, 3.96, 1.74, 4.18, 4.64, 1.99, 2.78, 1.42, 2.44

2.65, 1.55, 2.58, 2.88, 4.43, 2.20, 3.16, 4.20, 3.97, 1.73, 4.17, 4.66, 1.99, 2.78, 1.43, 2.45

2.75, 1.53, 2.55, 2.87, 4.45, 2.17, 3.18, 4.22, 3.97, 1.72, 4.20, 4.66, 1.99, 2.76, 1.40, 2.45

2.59, 1.54, 2.58, 2.88, 4.45, 2.17, 3.19, 4.20, 3.97, 1.73, 4.18, 4.66, 1.99, 2.78, 1.43, 2.45

2.70, 1.54, 2.53, 2.87, 4.43, 2.16, 3.18, 4.19, 3.96, 1.72, 4.18, 4.66, 1.99, 2.76, 1.43, 2.44

2.94, 1.53, 2.56, 2.89, 4.41, 2.15, 3.16, 4.21, 3.98, 1.74, 4.18, 4.67, 1.99, 2.80, 1.45, 2.46

2.63, 1.54, 2.53, 2.86, 4.45, 2.16, 3.19, 4.21, 3.96, 1.73, 4.17, 4.65, 1.99, 2.79, 1.43, 2.45

2.66, 1.52, 2.59, 2.88, 4.44, 2.19, 3.17, 4.21, 3.98, 1.74, 4.19, 4.65, 1.99, 2.79, 1.42, 2.45

2.69, 1.53, 2.56, 2.88, 4.41, 2.15, 3.17, 4.22, 3.96, 1.76, 4.18, 4.65, 1.99, 2.80, 1.45, 2.46

2.68, 1.52, 2.53, 2.89, 4.41, 2.18, 3.18, 4.25, 3.97, 1.73, 4.19, 4.65, 1.98, 2.78, 1.41, 2.46

2.65, 1.54, 2.58, 2.89, 4.43, 2.17, 3.18, 4.20, 3.97, 1.75, 4.19, 4.66, 1.98, 2.78, 1.44, 2.46

2.59, 1.52, 2.53, 2.90, 4.43, 2.19, 3.17, 4.23, 3.95, 1.75, 4.18, 4.64, 1.97, 2.79, 1.44, 2.44

2.66, 1.54, 2.58, 2.89, 4.42, 2.15, 3.15, 4.21, 3.99, 1.74, 4.20, 4.66, 1.97, 2.79, 1.40, 2.45

2.74, 1.53, 2.54, 2.89, 4.46, 2.17, 3.16, 4.23, 3.98, 1.74, 4.18, 4.65, 1.97, 2.80, 1.45, 2.43

2.67, 1.54, 2.55, 2.89, 4.43, 2.19, 3.17, 4.20, 3.97, 1.74, 4.20, 4.66, 1.98, 2.76, 1.41, 2.45

2.65, 1.53, 2.57, 2.87, 4.43, 2.17, 3.17, 4.20, 3.96, 1.73, 4.18, 4.64, 1.98, 2.78, 1.43, 2.45

2.71, 1.55, 2.57, 2.88, 4.43, 2.19, 3.16, 4.22, 3.97, 1.74, 4.19, 4.66, 1.98, 2.78, 1.41, 2.45

2.73, 1.55, 2.59, 2.89, 4.42, 2.20, 3.20, 4.21, 3.98, 1.74, 4.20, 4.66, 1.97, 2.80, 1.42, 2.47

2.67, 1.54, 2.60, 3.00, 4.42, 2.15, 3.17, 4.23, 3.97, 1.74, 4.17, 4.67, 1.97, 2.80, 1.43, 2.43

2.69, 1.55, 2.62, 3.55, 4.49, 2.14, 3.15, 4.25, 3.98, 1.73, 4.18, 4.67, 1.99, 2.82, 1.41, 2.45

2.68, 1.53, 2.64, 3.71, 4.47, 2.10, 3.12, 4.27, 3.98, 1.74, 4.19, 4.67, 1.99, 2.80, 1.45, 2.44

2.75, 1.55, 2.61, 4.02, 4.49, 2.10, 3.12, 4.28, 3.98, 1.73, 4.18, 4.68, 1.99, 2.83, 1.44, 2.42

2.71, 1.59, 2.63, 4.45, 4.55, 2.08, 3.10, 4.27, 3.99, 1.73, 4.19, 4.68, 1.99, 2.84, 1.44, 2.40

2.85, 1.63, 2.60, 4.85, 4.53, 2.03, 3.07, 4.28, 3.99, 1.73, 4.20, 4.70, 1.98, 2.84, 1.44, 2.41

2.72, 1.66, 2.59, 5.27, 4.57, 2.01, 3.03, 4.33, 3.99, 1.70, 4.20, 4.70, 1.97, 2.85, 1.45, 2.40

2.82, 1.72, 2.63, 6.14, 4.61, 2.00, 3.00, 4.35, 3.99, 1.71, 4.19, 4.71, 1.99, 2.88, 1.50, 2.38

2.92, 1.80, 2.68, 7.85, 4.73, 1.90, 2.94, 4.42, 3.98, 1.69, 4.18, 4.73, 2.00, 2.90, 1.48, 2.38

2.83, 1.88, 2.60, 9.04, 4.76, 1.88, 2.92, 4.45, 4.00, 1.68, 4.18, 4.73, 1.98, 2.90, 1.50, 2.37

2.82, 1.90, 2.57, 9.32, 4.75, 1.89, 2.91, 4.46, 4.01, 1.66, 4.19, 4.75, 1.98, 2.92, 1.52, 2.36

2.81, 1.91, 2.61, 9.56, 4.72, 1.86, 2.91, 4.49, 3.99, 1.66, 4.19, 4.76, 1.98, 2.93, 1.54, 2.36

2.78, 1.91, 2.70, 10.29, 4.78, 1.92, 2.88, 4.48, 4.00, 1.66, 4.18, 4.76, 1.99, 2.95, 1.53, 2.33

2.73, 1.92, 2.69, 11.34, 4.82, 1.88, 2.90, 4.52, 3.99, 1.67, 4.18, 4.75, 1.98, 2.95, 1.57, 2.33

2.65, 1.96, 2.69, 12.59, 4.79, 1.90, 2.87, 4.52, 3.99, 1.66, 4.18, 4.74, 1.99, 2.97, 1.56, 2.31

2.64, 2.00, 2.68, 13.86, 4.84, 1.90, 2.87, 4.53, 4.00, 1.68, 4.18, 4.75, 1.98, 2.99, 1.58, 2.28

2.78, 2.05, 2.71, 14.42, 4.84, 1.88, 2.85, 4.58, 4.00, 1.66, 4.19, 4.75, 1.99, 2.99, 1.58, 2.28

2.71, 2.07, 2.71, 14.72, 4.86, 1.87, 2.84, 4.56, 3.98, 1.65, 4.18, 4.76, 1.97, 3.00, 1.57, 2.29

2.92, 2.15, 2.80, 15.49, 4.85, 1.87, 2.82, 4.57, 4.00, 1.64, 4.18, 4.78, 1.98, 3.02, 1.61, 2.25

2.76, 2.15, 2.78, 15.78, 4.89, 1.89, 2.82, 4.59, 4.01, 1.61, 4.18, 4.79, 1.99, 3.02, 1.62, 2.24

2.72, 2.17, 2.82, 16.01, 4.85, 1.91, 2.83, 4.60, 4.04, 1.63, 4.18, 4.79, 1.98, 3.05, 1.62, 2.25

2.90, 2.19, 2.72, 16.37, 4.90, 1.90, 2.81, 4.60, 4.03, 1.63, 4.19, 4.79, 1.98, 3.06, 1.62, 2.24

2.69, 2.19, 2.77, 17.16, 4.91, 1.87, 2.78, 4.58, 4.04, 1.62, 4.19, 4.82, 1.97, 3.05, 1.63, 2.24

2.73, 2.18, 2.76, 17.47, 4.92, 1.88, 2.81, 4.60, 4.05, 1.61, 4.19, 4.81, 1.98, 3.06, 1.67, 2.25

2.83, 2.24, 2.81, 17.87, 4.93, 1.87, 2.79, 4.60, 4.04, 1.60, 4.18, 4.82, 1.98, 3.06, 1.62, 2.24

2.86, 2.23, 2.74, 17.81, 4.89, 1.90, 2.80, 4.60, 4.05, 1.60, 4.20, 4.81, 1.99, 3.05, 1.64, 2.25

2.85, 2.22, 2.81, 17.65, 4.92, 1.91, 2.83, 4.62, 4.05, 1.61, 4.18, 4.81, 1.98, 3.05, 1.66, 2.24

2.88, 2.25, 2.82, 17.74, 4.93, 1.89, 2.77, 4.62, 4.06, 1.60, 4.19, 4.79, 1.98, 3.05, 1.65, 2.25

2.80, 2.28, 2.77, 18.07, 4.93, 1.86, 2.81, 4.63, 4.05, 1.60, 4.19, 4.83, 1.96, 3.07, 1.63, 2.22

2.82, 2.32, 2.85, 18.54, 4.91, 1.87, 2.80, 4.63, 4.09, 1.58, 4.19, 4.82, 1.99, 3.10, 1.68, 2.21

2.89, 2.29, 2.82, 18.79, 4.92, 1.92, 2.76, 4.64, 4.08, 1.59, 4.18, 4.82, 1.99, 3.08, 1.64, 2.21

2.80, 2.24, 2.82, 18.75, 4.93, 1.88, 2.78, 4.64, 4.07, 1.58, 4.20, 4.85, 1.99, 3.07, 1.67, 2.24

2.73, 2.21, 2.80, 18.88, 4.93, 1.90, 2.81, 4.66, 4.08, 1.59, 4.19, 4.83, 1.99, 3.06, 1.67, 2.23

2.72, 2.21, 2.74, 19.06, 4.93, 1.90, 2.76, 4.64, 4.10, 1.58, 4.19, 4.86, 1.98, 3.09, 1.68, 2.21

2.71, 2.23, 2.77, 19.19, 4.95, 1.86, 2.79, 4.64, 4.09, 1.57, 4.18, 4.86, 1.98, 3.08, 1.65, 2.21

2.80, 2.17, 2.70, 19.19, 4.95, 1.88, 2.79, 4.63, 4.09, 1.58, 4.19, 4.84, 1.99, 3.05, 1.71, 2.24

2.71, 2.20, 2.72, 19.06, 4.92, 1.89, 2.77, 4.66, 4.08, 1.58, 4.19, 4.85, 1.98, 3.07, 1.65, 2.24

2.78, 2.18, 2.80, 18.74, 4.94, 1.90, 2.78, 4.66, 4.09, 1.59, 4.18, 4.80, 1.98, 3.07, 1.62, 2.24

2.74, 2.17, 2.78, 18.52, 4.92, 1.88, 2.78, 4.60, 4.07, 1.59, 4.20, 4.83, 1.99, 3.06, 1.67, 2.23

2.82, 2.16, 2.75, 18.65, 4.95, 1.90, 2.79, 4.65, 4.08, 1.58, 4.19, 4.83, 1.98, 3.08, 1.63, 2.24

2.71, 2.15, 2.76, 18.80, 4.94, 1.88, 2.81, 4.64, 4.09, 1.57, 4.20, 4.84, 1.98, 3.09, 1.66, 2.22

2.74, 2.16, 2.79, 19.00, 4.92, 1.91, 2.77, 4.62, 4.09, 1.59, 4.18, 4.84, 1.99, 3.08, 1.66, 2.23

2.67, 2.15, 2.80, 19.21, 4.95, 1.91, 2.81, 4.66, 4.08, 1.58, 4.18, 4.84, 1.99, 3.08, 1.65, 2.23

2.77, 2.18, 2.83, 19.34, 4.97, 1.92, 2.78, 4.61, 4.09, 1.58, 4.18, 4.84, 1.98, 3.09, 1.69, 2.23

2.70, 2.19, 2.78, 19.32, 4.97, 1.91, 2.76, 4.66, 4.11, 1.57, 4.18, 4.87, 1.99, 3.07, 1.64, 2.21

2.76, 2.19, 2.76, 19.37, 4.93, 1.87, 2.76, 4.62, 4.11, 1.58, 4.19, 4.86, 1.98, 3.08, 1.70, 2.21

2.89, 2.22, 2.78, 19.54, 4.93, 1.87, 2.76, 4.66, 4.09, 1.57, 4.18, 4.85, 1.98, 3.09, 1.67, 2.22

2.80, 2.21, 2.74, 19.51, 4.94, 1.87, 2.77, 4.63, 4.09, 1.56, 4.18, 4.87, 1.99, 3.10, 1.66, 2.21

2.65, 2.21, 2.76, 19.95, 4.95, 1.89, 2.76, 4.66, 4.13, 1.55, 4.19, 4.89, 1.97, 3.10, 1.70, 2.20

2.73, 2.19, 2.78, 20.34, 4.95, 1.87, 2.77, 4.66, 4.13, 1.55, 4.19, 4.88, 1.98, 3.10, 1.70, 2.18

2.90, 2.15, 2.81, 20.56, 4.99, 1.92, 2.76, 4.65, 4.12, 1.53, 4.17, 4.88, 2.00, 3.12, 1.69, 2.20

2.66, 2.16, 2.74, 20.99, 5.00, 1.87, 2.74, 4.66, 4.08, 1.62, 4.18, 4.81, 1.97, 3.07, 1.69, 2.24

2.68, 2.15, 2.85, 21.28, 4.98, 1.92, 2.74, 4.67, 4.04, 1.64, 4.17, 4.79, 1.99, 3.08, 1.67, 2.23

2.55, 2.17, 2.82, 21.99, 5.00, 1.87, 2.75, 4.66, 4.06, 1.62, 4.18, 4.81, 1.99, 3.11, 1.68, 2.22

2.67, 2.18, 2.85, 22.31, 4.99, 1.86, 2.73, 4.69, 4.07, 1.62, 4.19, 4.82, 1.98, 3.12, 1.72, 2.20

2.72, 2.22, 2.91, 22.83, 4.99, 1.88, 2.74, 4.68, 4.07, 1.61, 4.20, 4.80, 1.96, 3.11, 1.70, 2.19

2.61, 2.17, 2.87, 22.51, 4.99, 1.87, 2.75, 4.66, 4.08, 1.60, 4.17, 4.81, 1.98, 3.11, 1.70, 2.19

2.68, 2.03, 2.87, 22.00, 4.97, 1.90, 2.75, 4.67, 4.08, 1.61, 4.18, 4.80, 1.97, 3.10, 1.73, 2.21

2.66, 2.03, 2.86, 22.37, 5.01, 1.88, 2.77, 4.69, 4.10, 1.59, 4.19, 4.82, 1.97, 3.11, 1.72, 2.20

2.58, 2.09, 2.92, 22.74, 5.00, 1.89, 2.77, 4.67, 4.07, 1.60, 4.19, 4.81, 1.97, 3.10, 1.71, 2.22

2.72, 2.10, 2.87, 22.75, 5.00, 1.86, 2.75, 4.66, 4.07, 1.61, 4.20, 4.84, 1.98, 3.10, 1.68, 2.21

2.65, 2.06, 2.89, 22.08, 4.97, 1.90, 2.74, 4.67, 4.09, 1.61, 4.19, 4.79, 1.98, 3.07, 1.71, 2.21

2.65, 2.01, 2.82, 21.70, 4.98, 1.91, 2.75, 4.68, 4.07, 1.63, 4.20, 4.81, 1.98, 3.09, 1.69, 2.20

2.59, 2.03, 2.80, 22.21, 5.01, 1.88, 2.74, 4.66, 4.08, 1.62, 4.19, 4.84, 1.98, 3.09, 1.69, 2.24

2.58, 2.07, 2.79, 22.06, 4.96, 1.86, 2.75, 4.66, 4.08, 1.61, 4.17, 4.82, 1.98, 3.09, 1.70, 2.20

2.53, 2.09, 2.76, 21.90, 5.01, 1.87, 2.75, 4.69, 4.09, 1.62, 4.21, 4.82, 1.98, 3.09, 1.68, 2.22

2.69, 2.07, 2.73, 21.74, 5.01, 1.86, 2.75, 4.67, 4.07, 1.63, 4.18, 4.80, 1.98, 3.08, 1.70, 2.24

2.68, 2.05, 2.75, 20.98, 4.96, 1.91, 2.75, 4.67, 4.07, 1.61, 4.20, 4.78, 1.98, 3.06, 1.65, 2.23

2.65, 2.04, 2.71, 20.56, 4.98, 1.88, 2.78, 4.68, 4.07, 1.64, 4.19, 4.79, 1.98, 3.04, 1.68, 2.23

2.73, 2.01, 2.68, 20.50, 4.97, 1.89, 2.77, 4.68, 4.04, 1.64, 4.18, 4.78, 1.98, 3.06, 1.68, 2.25

2.56, 2.01, 2.71, 20.35, 4.97, 1.87, 2.75, 4.67, 4.05, 1.64, 4.19, 4.79, 1.99, 3.04, 1.69, 2.25

2.67, 2.01, 2.66, 19.73, 4.97, 1.88, 2.78, 4.68, 4.04, 1.64, 4.17, 4.75, 2.00, 3.04, 1.62, 2.28

2.78, 1.96, 2.65, 18.42, 4.95, 1.90, 2.78, 4.63, 4.00, 1.68, 4.19, 4.72, 1.99, 2.99, 1.58, 2.32

2.74, 1.83, 2.58, 16.02, 4.91, 1.88, 2.84, 4.65, 3.99, 1.72, 4.20, 4.66, 1.99, 2.90, 1.48, 2.45

2.76, 1.74, 2.50, 10.71, 4.78, 1.87, 2.90, 4.48, 3.99, 1.70, 4.18, 4.71, 1.99, 2.85, 1.47, 2.43

2.85, 1.71, 2.47, 4.77, 4.56, 2.00, 3.05, 4.30, 4.01, 1.70, 4.18, 4.68, 1.97, 2.80, 1.44, 2.45

2.79, 1.65, 2.62, 3.38, 4.50, 2.12, 3.08, 4.28, 3.93, 1.76, 4.17, 4.69, 1.98, 2.79, 1.41, 2.46

2.52, 1.55, 2.58, 2.90, 4.47, 2.12, 3.14, 4.24, 3.93, 1.75, 4.19, 4.66, 1.98, 2.77, 1.38, 2.49

2.66, 1.53, 2.56, 2.88, 4.47, 2.12, 3.14, 4.25, 3.95, 1.75, 4.19, 4.66, 1.98, 2.76, 1.43, 2.45

2.70, 1.55, 2.64, 2.90, 4.45, 2.12, 3.17, 4.27, 3.94, 1.75, 4.18, 4.68, 1.98, 2.77, 1.40, 2.47

2.71, 1.52, 2.58, 2.89, 4.47, 2.12, 3.15, 4.23, 3.94, 1.76, 4.20, 4.66, 1.98, 2.77, 1.44, 2.49

2.73, 1.55, 2.62, 2.89, 4.43, 2.13, 3.15, 4.26, 3.92, 1.75, 4.20, 4.66, 2.00, 2.76, 1.40, 2.45

2.67, 1.52, 2.59, 2.89, 4.44, 2.12, 3.14, 4.23, 3.92, 1.76, 4.20, 4.66, 1.99, 2.77, 1.43, 2.46

2.61, 1.53, 2.60, 2.92, 4.46, 2.09, 3.13, 4.24, 3.92, 1.78, 4.18, 4.64, 1.98, 2.75, 1.41, 2.47

2.66, 1.55, 2.55, 2.88, 4.46, 2.12, 3.15, 4.21, 3.92, 1.77, 4.19, 4.65, 1.99, 2.77, 1.40, 2.48

2.71, 1.53, 2.60, 2.89, 4.44, 2.12, 3.15, 4.24, 3.92, 1.76, 4.19, 4.63, 1.99, 2.74, 1.44, 2.47

2.65, 1.56, 2.60, 2.91, 4.47, 2.14, 3.13, 4.20, 3.92, 1.75, 4.18, 4.62, 1.97, 2.76, 1.40, 2.47

2.71, 1.55, 2.61, 2.92, 4.44, 2.12, 3.13, 4.22, 3.93, 1.75, 4.18, 4.65, 1.96, 2.77, 1.39, 2.47

2.69, 1.53, 2.57, 2.92, 4.48, 2.15, 3.15, 4.21, 3.91, 1.75, 4.18, 4.67, 1.98, 2.75, 1.41, 2.50

2.72, 1.53, 2.62, 2.89, 4.44, 2.15, 3.16, 4.24, 3.92, 1.76, 4.18, 4.67, 1.98, 2.77, 1.39, 2.48

2.73, 1.54, 2.60, 2.92, 4.44, 2.13, 3.14, 4.25, 3.91, 1.76, 4.20, 4.65, 1.99, 2.78, 1.43, 2.45

2.64, 1.54, 2.60, 2.90, 4.47, 2.17, 3.14, 4.24, 3.93, 1.76, 4.18, 4.62, 1.99, 2.74, 1.42, 2.46

2.66, 1.54, 2.58, 2.89, 4.47, 2.12, 3.14, 4.25, 3.93, 1.77, 4.19, 4.64, 1.98, 2.77, 1.39, 2.47

2.70, 1.52, 2.57, 2.90, 4.46, 2.12, 3.16, 4.22, 3.91, 1.78, 4.19, 4.65, 1.97, 2.77, 1.43, 2.46

2.81, 1.52, 2.59, 2.92, 4.43, 2.16, 3.17, 4.23, 3.92, 1.77, 4.18, 4.64, 1.98, 2.77, 1.39, 2.47

2.53, 1.52, 2.61, 2.92, 4.46, 2.14, 3.17, 4.23, 3.92, 1.77, 4.19, 4.62, 1.98, 2.77, 1.41, 2.47

2.62, 1.54, 2.63, 2.90, 4.47, 2.13, 3.15, 4.21, 3.92, 1.75, 4.18, 4.65, 1.98, 2.76, 1.43, 2.49

2.55, 1.54, 2.60, 2.93, 4.44, 2.16, 3.15, 4.21, 3.92, 1.76, 4.18, 4.61, 1.98, 2.77, 1.38, 2.48

2.62, 1.52, 2.57, 2.91, 4.44, 2.13, 3.17, 4.21, 3.92, 1.78, 4.18, 4.65, 1.97, 2.77, 1.44, 2.47

2.50, 1.53, 2.61, 2.89, 4.43, 2.16, 3.14, 4.23, 3.92, 1.75, 4.20, 4.64, 1.98, 2.76, 1.40, 2.46

2.63, 1.54, 2.59, 2.90, 4.43, 2.13, 3.14, 4.24, 3.91, 1.76, 4.19, 4.64, 1.99, 2.75, 1.44, 2.48

2.68, 1.56, 2.55, 2.93, 4.46, 2.14, 3.16, 4.24, 3.92, 1.76, 4.19, 4.65, 1.96, 2.76, 1.38, 2.47

2.67, 1.54, 2.54, 2.90, 4.44, 2.13, 3.15, 4.24, 3.94, 1.78, 4.19, 4.64, 1.98, 2.77, 1.44, 2.46

2.69, 1.53, 2.59, 2.92, 4.43, 2.11, 3.14, 4.24, 3.92, 1.77, 4.18, 4.66, 1.98, 2.77, 1.42, 2.45

2.69, 1.53, 2.57, 2.90, 4.47, 2.12, 3.17, 4.26, 3.93, 1.77, 4.19, 4.64, 1.98, 2.77, 1.40, 2.47

2.73, 1.51, 2.57, 2.90, 4.43, 2.12, 3.16, 4.26, 3.93, 1.77, 4.18, 4.63, 1.98, 2.77, 1.43, 2.48

2.61, 1.54, 2.60, 2.92, 4.42, 2.13, 3.15, 4.23, 3.91, 1.77, 4.18, 4.65, 2.00, 2.77, 1.39, 2.48

2.49, 1.55, 2.61, 2.91, 4.44, 2.13, 3.17, 4.21, 3.92, 1.76, 4.20, 4.64, 1.99, 2.76, 1.42, 2.46

2.72, 1.53, 2.60, 2.90, 4.43, 2.15, 3.17, 4.23, 3.93, 1.77, 4.18, 4.63, 1.96, 2.76, 1.39, 2.47

2.64, 1.53, 2.61, 2.92, 4.42, 2.13, 3.16, 4.22, 3.93, 1.78, 4.18, 4.65, 1.98, 2.76, 1.41, 2.46

2.73, 1.53, 2.60, 2.94, 4.45, 2.15, 3.14, 4.25, 3.94, 1.78, 4.19, 4.66, 2.00, 2.76, 1.40, 2.45

2.75, 1.55, 2.51, 2.91, 4.44, 2.12, 3.16, 4.23, 3.92, 1.76, 4.19, 4.65, 1.99, 2.74, 1.39, 2.46

2.54, 1.52, 2.56, 2.91, 4.46, 2.14, 3.18, 4.26, 3.93, 1.75, 4.18, 4.63, 1.99, 2.76, 1.44, 2.46

2.69, 1.53, 2.57, 2.92, 4.43, 2.14, 3.16, 4.24, 3.92, 1.78, 4.18, 4.64, 1.97, 2.77, 1.41, 2.47

2.64, 1.54, 2.59, 2.91, 4.45, 2.16, 3.17, 4.24, 3.92, 1.78, 4.19, 4.62, 1.98, 2.76, 1.42, 2.46

2.73, 1.53, 2.57, 2.92, 4.43, 2.13, 3.14, 4.22, 3.92, 1.78, 4.19, 4.62, 1.98, 2.78, 1.39, 2.49

2.68, 1.53, 2.54, 2.90, 4.40, 2.12, 3.15, 4.24, 3.92, 1.77, 4.19, 4.64, 1.98, 2.77, 1.43, 2.48

2.65, 1.50, 2.59, 2.92, 4.46, 2.12, 3.15, 4.22, 3.93, 1.75, 4.19, 4.65, 1.98, 2.78, 1.41, 2.47

2.66, 1.51, 2.59, 2.92, 4.45, 2.16, 3.16, 4.23, 3.90, 1.77, 4.18, 4.63, 1.98, 2.76, 1.41, 2.47

2.63, 1.53, 2.58, 2.93, 4.45, 2.14, 3.16, 4.24, 3.92, 1.77, 4.19, 4.65, 1.98, 2.77, 1.40, 2.48

2.69, 1.53, 2.59, 2.92, 4.43, 2.12, 3.17, 4.23, 3.92, 1.76, 4.19, 4.62, 2.00, 2.76, 1.38, 2.47

2.60, 1.55, 2.60, 2.91, 4.43, 2.17, 3.19, 4.24, 3.91, 1.77, 4.20, 4.63, 1.98, 2.78, 1.45, 2.49

2.77, 1.52, 2.62, 2.92, 4.41, 2.13, 3.17, 4.22, 3.92, 1.77, 4.19, 4.63, 1.99, 2.77, 1.38, 2.46

2.72, 1.53, 2.61, 2.91, 4.45, 2.13, 3.16, 4.24, 3.93, 1.77, 4.18, 4.62, 1.97, 2.76, 1.40, 2.46

2.70, 1.53, 2.61, 2.93, 4.43, 2.12, 3.17, 4.24, 3.92, 1.77, 4.18, 4.62, 1.98, 2.76, 1.39, 2.45

2.70, 1.53, 2.52, 2.92, 4.46, 2.14, 3.16, 4.24, 3.92, 1.76, 4.19, 4.64, 1.99, 2.77, 1.40, 2.46

2.54, 1.55, 2.57, 2.93, 4.46, 2.14, 3.15, 4.23, 3.93, 1.76, 4.18, 4.64, 1.97, 2.76, 1.43, 2.46

2.70, 1.54, 2.57, 2.92, 4.46, 2.13, 3.14, 4.21, 3.93, 1.78, 4.20, 4.64, 1.97, 2.76, 1.39, 2.47

2.73, 1.53, 2.61, 2.92, 4.43, 2.14, 3.14, 4.24, 3.91, 1.78, 4.20, 4.63, 1.98, 2.76, 1.42, 2.47

2.70, 1.53, 2.56, 2.92, 4.46, 2.14, 3.16, 4.22, 3.92, 1.78, 4.19, 4.63, 1.99, 2.76, 1.41, 2.48

2.63, 1.54, 2.59, 2.93, 4.48, 2.14, 3.15, 4.20, 3.92, 1.78, 4.18, 4.63, 2.00, 2.75, 1.42, 2.46

2.71, 1.51, 2.58, 2.90, 4.42, 2.12, 3.15, 4.21, 3.92, 1.79, 4.18, 4.64, 1.99, 2.77, 1.44, 2.49

2.71, 1.53, 2.62, 2.91, 4.44, 2.17, 3.16, 4.22, 3.91, 1.78, 4.19, 4.64, 1.98, 2.77, 1.43, 2.46

2.58, 1.52, 2.57, 2.93, 4.44, 2.14, 3.17, 4.23, 3.92, 1.78, 4.19, 4.62, 1.99, 2.77, 1.43, 2.48

2.64, 1.52, 2.63, 2.90, 4.46, 2.13, 3.17, 4.24, 3.92, 1.77, 4.19, 4.66, 2.00, 2.77, 1.43, 2.46

2.70, 1.52, 2.62, 2.91, 4.45, 2.13, 3.17, 4.24, 3.92, 1.77, 4.18, 4.63, 1.98, 2.77, 1.41, 2.46

2.69, 1.53, 2.60, 2.91, 4.44, 2.14, 3.16, 4.26, 3.91, 1.78, 4.20, 4.64, 1.98, 2.77, 1.39, 2.47

2.68, 1.54, 2.56, 2.92, 4.44, 2.13, 3.16, 4.23, 3.92, 1.77, 4.17, 4.62, 1.98, 2.78, 1.39, 2.46

2.71, 1.52, 2.56, 2.92, 4.45, 2.12, 3.15, 4.20, 3.90, 1.77, 4.19, 4.65, 1.99, 2.76, 1.42, 2.48

2.60, 1.55, 2.58, 2.89, 4.42, 2.14, 3.14, 4.25, 3.92, 1.78, 4.17, 4.64, 1.99, 2.77, 1.41, 2.46

2.60, 1.49, 2.57, 2.89, 4.43, 2.13, 3.16, 4.26, 3.92, 1.79, 4.20, 4.64, 1.99, 2.75, 1.39, 2.47

2.72, 1.53, 2.59, 2.91, 4.45, 2.13, 3.17, 4.22, 3.91, 1.77, 4.19, 4.63, 1.98, 2.78, 1.38, 2.47

2.67, 1.53, 2.55, 2.92, 4.46, 2.14, 3.15, 4.21, 3.92, 1.76, 4.17, 4.63, 1.99, 2.76, 1.40, 2.46

2.70, 1.54, 2.56, 2.92, 4.43, 2.13, 3.15, 4.22, 3.93, 1.77, 4.19, 4.64, 1.99, 2.77, 1.41, 2.47

2.74, 1.55, 2.62, 2.93, 4.45, 2.14, 3.14, 4.23, 3.92, 1.78, 4.19, 4.61, 1.99, 2.78, 1.43, 2.46

2.68, 1.54, 2.62, 2.93, 4.44, 2.13, 3.16, 4.22, 3.93, 1.78, 4.20, 4.62, 1.96, 2.78, 1.39, 2.46

2.64, 1.53, 2.58, 2.93, 4.42, 2.13, 3.18, 4.22, 3.91, 1.77, 4.19, 4.64, 2.00, 2.74, 1.39, 2.48

2.71, 1.53, 2.59, 2.90, 4.43, 2.13, 3.17, 4.23, 3.91, 1.78, 4.19, 4.64, 1.98, 2.76, 1.44, 2.47

2.73, 1.52, 2.61, 2.93, 4.41, 2.12, 3.16, 4.23, 3.93, 1.77, 4.19, 4.64, 1.97, 2.78, 1.40, 2.45

2.65, 1.55, 2.56, 2.92, 4.43, 2.16, 3.15, 4.25, 3.92, 1.77, 4.19, 4.63, 1.99, 2.76, 1.39, 2.45

2.59, 1.54, 2.61, 2.91, 4.43, 2.13, 3.16, 4.20, 3.91, 1.77, 4.19, 4.64, 1.99, 2.77, 1.41, 2.46

2.66, 1.52, 2.56, 2.91, 4.47, 2.13, 3.17, 4.21, 3.92, 1.76, 4.19, 4.63, 1.98, 2.75, 1.42, 2.47

2.62, 1.53, 2.55, 2.91, 4.45, 2.12, 3.15, 4.25, 3.92, 1.78, 4.19, 4.63, 1.99, 2.77, 1.44, 2.45

2.64, 1.53, 2.62, 2.91, 4.42, 2.14, 3.15, 4.24, 3.91, 1.77, 4.18, 4.64, 1.97, 2.75, 1.42, 2.46

2.69, 1.51, 2.60, 2.91, 4.44, 2.15, 3.15, 4.23, 3.93, 1.77, 4.19, 4.63, 1.98, 2.75, 1.40, 2.47

2.69, 1.51, 2.57, 2.93, 4.46, 2.15, 3.17, 4.23, 3.93, 1.77, 4.19, 4.65, 1.97, 2.76, 1.42, 2.46

2.69, 1.50, 2.54, 2.93, 4.42, 2.15, 3.17, 4.25, 3.92, 1.78, 4.19, 4.64, 1.97, 2.78, 1.42, 2.45

2.64, 1.52, 2.60, 2.90, 4.44, 2.14, 3.16, 4.21, 3.92, 1.76, 4.20, 4.66, 1.99, 2.74, 1.43, 2.48

2.68, 1.52, 2.54, 2.91, 4.41, 2.13, 3.16, 4.23, 3.92, 1.77, 4.18, 4.63, 1.98, 2.77, 1.42, 2.46

2.74, 1.53, 2.57, 2.90, 4.41, 2.18, 3.15, 4.24, 3.92, 1.78, 4.18, 4.62, 1.99, 2.76, 1.43, 2.45

2.71, 1.52, 2.62, 2.91, 4.46, 2.13, 3.15, 4.22, 3.91, 1.78, 4.19, 4.62, 1.99, 2.77, 1.39, 2.48

2.58, 1.53, 2.61, 2.90, 4.44, 2.12, 3.17, 4.21, 3.91, 1.78, 4.19, 4.64, 1.99, 2.75, 1.43, 2.46

2.62, 1.54, 2.57, 2.91, 4.46, 2.14, 3.14, 4.23, 3.92, 1.77, 4.19, 4.63, 1.99, 2.75, 1.43, 2.47

2.66, 1.53, 2.60, 2.91, 4.44, 2.13, 3.16, 4.24, 3.91, 1.78, 4.19, 4.63, 1.98, 2.77, 1.43, 2.46

2.76, 1.52, 2.61, 2.93, 4.44, 2.14, 3.15, 4.22, 3.92, 1.77, 4.19, 4.65, 1.98, 2.77, 1.42, 2.46

2.66, 1.53, 2.58, 2.93, 4.44, 2.15, 3.17, 4.23, 3.91, 1.78, 4.17, 4.63, 1.98, 2.76, 1.42, 2.46

2.66, 1.54, 2.55, 2.92, 4.46, 2.16, 3.16, 4.24, 3.93, 1.77, 4.19, 4.61, 1.98, 2.78, 1.42, 2.47

2.64, 1.51, 2.60, 2.92, 4.45, 2.13, 3.14, 4.21, 3.93, 1.78, 4.20, 4.62, 1.98, 2.77, 1.40, 2.48

2.56, 1.52, 2.60, 2.93, 4.44, 2.12, 3.15, 4.25, 3.94, 1.78, 4.18, 4.62, 1.97, 2.76, 1.40, 2.46

2.62, 1.53, 2.58, 2.91, 4.43, 2.12, 3.16, 4.23, 3.92, 1.77, 4.18, 4.63, 1.98, 2.77, 1.42, 2.47

2.55, 1.55, 2.60, 2.91, 4.45, 2.12, 3.18, 4.23, 3.93, 1.78, 4.18, 4.62, 1.97, 2.76, 1.41, 2.46

2.71, 1.53, 2.62, 2.92, 4.44, 2.18, 3.15, 4.23, 3.92, 1.78, 4.20, 4.64, 1.98, 2.76, 1.40, 2.44

2.69, 1.54, 2.63, 2.92, 4.44, 2.12, 3.13, 4.20, 3.92, 1.79, 4.18, 4.64, 1.98, 2.77, 1.39, 2.47

2.64, 1.52, 2.55, 2.91, 4.44, 2.12, 3.14, 4.21, 3.91, 1.78, 4.19, 4.63, 1.99, 2.74, 1.43, 2.47

2.66, 1.54, 2.55, 2.92, 4.46, 2.14, 3.18, 4.23, 3.92, 1.79, 4.19, 4.64, 1.97, 2.78, 1.40, 2.48

2.54, 1.54, 2.61, 2.90, 4.42, 2.14, 3.16, 4.23, 3.91, 1.78, 4.18, 4.64, 1.99, 2.76, 1.43, 2.46

2.65, 1.52, 2.58, 2.90, 4.42, 2.16, 3.15, 4.26, 3.92, 1.79, 4.18, 4.64, 1.99, 2.77, 1.44, 2.45

2.63, 1.52, 2.61, 2.92, 4.44, 2.15, 3.18, 4.23, 3.91, 1.77, 4.19, 4.62, 1.99, 2.77, 1.42, 2.46

2.69, 1.55, 2.61, 2.94, 4.42, 2.13, 3.17, 4.26, 3.92, 1.78, 4.19, 4.64, 1.99, 2.77, 1.40, 2.47

2.56, 1.54, 2.53, 2.91, 4.42, 2.16, 3.16, 4.25, 3.92, 1.78, 4.19, 4.64, 1.96, 2.75, 1.40, 2.47

2.73, 1.51, 2.58, 2.92, 4.40, 2.13, 3.17, 4.24, 3.92, 1.78, 4.20, 4.63, 1.98, 2.78, 1.42, 2.48

2.73, 1.53, 2.58, 2.93, 4.42, 2.18, 3.16, 4.24, 3.92, 1.76, 4.18, 4.65, 1.99, 2.77, 1.41, 2.45

2.56, 1.54, 2.59, 2.92, 4.45, 2.14, 3.16, 4.23, 3.93, 1.78, 4.18, 4.64, 1.98, 2.76, 1.39, 2.48

2.78, 1.52, 2.65, 2.92, 4.47, 2.12, 3.15, 4.20, 3.90, 1.78, 4.18, 4.64, 1.98, 2.77, 1.39, 2.47

2.72, 1.50, 2.56, 2.93, 4.45, 2.12, 3.16, 4.19, 3.93, 1.77, 4.19, 4.63, 1.99, 2.77, 1.39, 2.48

2.71, 1.52, 2.56, 2.90, 4.44, 2.13, 3.14, 4.21, 3.91, 1.77, 4.19, 4.63, 1.99, 2.77, 1.45, 2.46

2.67, 1.53, 2.59, 2.93, 4.42, 2.16, 3.18, 4.23, 3.90, 1.78, 4.19, 4.64, 1.98, 2.77, 1.39, 2.47

2.59, 1.51, 2.61, 2.92, 4.45, 2.11, 3.13, 4.24, 3.92, 1.79, 4.19, 4.63, 1.99, 2.78, 1.40, 2.47

2.56, 1.54, 2.59, 2.92, 4.42, 2.14, 3.14, 4.20, 3.91, 1.78, 4.19, 4.63, 1.99, 2.78, 1.43, 2.47

2.74, 1.51, 2.63, 2.91, 4.45, 2.14, 3.17, 4.23, 3.92, 1.79, 4.20, 4.64, 1.98, 2.77, 1.39, 2.46

2.67, 1.54, 2.61, 2.92, 4.46, 2.14, 3.14, 4.22, 3.92, 1.78, 4.19, 4.63, 2.00, 2.78, 1.39, 2.46

2.60, 1.54, 2.59, 2.91, 4.42, 2.11, 3.13, 4.23, 3.91, 1.78, 4.19, 4.63, 1.97, 2.77, 1.39, 2.47

2.72, 1.53, 2.58, 2.89, 4.44, 2.15, 3.16, 4.21, 3.93, 1.79, 4.18, 4.63, 1.98, 2.75, 1.42, 2.49

2.54, 1.54, 2.59, 2.91, 4.44, 2.12, 3.15, 4.23, 3.92, 1.78, 4.19, 4.63, 1.98, 2.77, 1.40, 2.46

2.70, 1.54, 2.60, 2.94, 4.44, 2.16, 3.16, 4.24, 3.93, 1.77, 4.19, 4.63, 2.00, 2.75, 1.41, 2.45

2.61, 1.53, 2.62, 2.92, 4.44, 2.15, 3.18, 4.24, 3.91, 1.78, 4.19, 4.64, 1.97, 2.75, 1.38, 2.46

2.67, 1.52, 2.55, 2.93, 4.46, 2.14, 3.19, 4.24, 3.91, 1.78, 4.19, 4.64, 1.97, 2.76, 1.40, 2.48

2.76, 1.53, 2.56, 2.93, 4.45, 2.16, 3.16, 4.20, 3.92, 1.77, 4.20, 4.65, 1.97, 2.76, 1.39, 2.48

2.75, 1.51, 2.61, 2.91, 4.42, 2.17, 3.15, 4.25, 3.91, 1.77, 4.19, 4.63, 1.99, 2.76, 1.44, 2.46

2.75, 1.53, 2.61, 2.90, 4.43, 2.13, 3.15, 4.23, 3.92, 1.79, 4.19, 4.64, 1.98, 2.78, 1.43, 2.47

2.67, 1.53, 2.56, 2.90, 4.46, 2.13, 3.19, 4.23, 3.91, 1.79, 4.19, 4.62, 2.00, 2.76, 1.41, 2.46

2.55, 1.54, 2.60, 2.93, 4.46, 2.13, 3.17, 4.23, 3.91, 1.78, 4.20, 4.64, 1.97, 2.76, 1.39, 2.47

2.58, 1.53, 2.56, 2.91, 4.42, 2.12, 3.15, 4.21, 3.91, 1.77, 4.19, 4.63, 1.98, 2.76, 1.41, 2.46

2.73, 1.52, 2.61, 2.91, 4.41, 2.16, 3.16, 4.23, 3.93, 1.78, 4.19, 4.62, 1.98, 2.76, 1.39, 2.47

2.69, 1.53, 2.57, 2.90, 4.41, 2.16, 3.13, 4.22, 3.92, 1.77, 4.19, 4.64, 1.97, 2.77, 1.37, 2.48

2.69, 1.54, 2.62, 2.92, 4.45, 2.16, 3.15, 4.23, 3.93, 1.79, 4.18, 4.63, 1.98, 2.75, 1.39, 2.46

2.67, 1.54, 2.55, 2.93, 4.44, 2.13, 3.15, 4.24, 3.92, 1.77, 4.18, 4.63, 2.00, 2.77, 1.47, 2.46

2.69, 1.55, 2.60, 2.91, 4.43, 2.12, 3.18, 4.24, 3.91, 1.77, 4.19, 4.62, 1.99, 2.76, 1.42, 2.46

2.73, 1.53, 2.61, 2.93, 4.41, 2.14, 3.16, 4.23, 3.92, 1.78, 4.18, 4.64, 1.98, 2.78, 1.39, 2.46

2.63, 1.53, 2.59, 2.90, 4.41, 2.14, 3.16, 4.20, 3.91, 1.78, 4.19, 4.62, 2.02, 2.78, 1.40, 2.45

2.72, 1.51, 2.53, 2.92, 4.42, 2.12, 3.15, 4.19, 3.93, 1.77, 4.18, 4.62, 1.98, 2.78, 1.39, 2.46

2.74, 1.53, 2.55, 2.91, 4.44, 2.16, 3.15, 4.24, 3.93, 1.79, 4.18, 4.63, 1.99, 2.76, 1.41, 2.47

2.55, 1.56, 2.61, 2.92, 4.42, 2.13, 3.16, 4.23, 3.90, 1.78, 4.19, 4.64, 1.99, 2.77, 1.41, 2.46

2.65, 1.53, 2.55, 2.92, 4.44, 2.17, 3.16, 4.20, 3.91, 1.79, 4.20, 4.64, 1.98, 2.77, 1.40, 2.46

2.75, 1.52, 2.60, 2.93, 4.45, 2.18, 3.18, 4.19, 3.93, 1.78, 4.17, 4.62, 1.99, 2.76, 1.40, 2.47

2.65, 1.54, 2.57, 2.92, 4.43, 2.15, 3.14, 4.22, 3.91, 1.77, 4.20, 4.63, 1.98, 2.76, 1.38, 2.46

2.66, 1.52, 2.55, 2.94, 4.44, 2.14, 3.15, 4.23, 3.92, 1.77, 4.19, 4.62, 1.99, 2.76, 1.39, 2.48

2.61, 1.53, 2.59, 2.91, 4.42, 2.13, 3.17, 4.22, 3.92, 1.77, 4.19, 4.65, 1.99, 2.78, 1.43, 2.47

2.68, 1.53, 2.57, 2.94, 4.45, 2.13, 3.19, 4.23, 3.91, 1.77, 4.19, 4.63, 1.99, 2.76, 1.39, 2.48

2.73, 1.54, 2.59, 2.91, 4.45, 2.14, 3.16, 4.22, 3.91, 1.79, 4.19, 4.62, 1.97, 2.75, 1.41, 2.47

2.59, 1.52, 2.57, 2.93, 4.45, 2.12, 3.16, 4.24, 3.92, 1.75, 4.19, 4.64, 1.99, 2.75, 1.39, 2.46

2.51, 1.54, 2.61, 2.91, 4.43, 2.14, 3.15, 4.22, 3.93, 1.77, 4.18, 4.64, 1.98, 2.77, 1.41, 2.47

2.65, 1.52, 2.60, 2.93, 4.44, 2.17, 3.16, 4.25, 3.92, 1.78, 4.19, 4.62, 1.98, 2.77, 1.43, 2.47

2.56, 1.54, 2.63, 2.92, 4.45, 2.12, 3.17, 4.24, 3.93, 1.79, 4.17, 4.63, 1.98, 2.75, 1.42, 2.48

2.67, 1.55, 2.54, 2.93, 4.44, 2.12, 3.15, 4.22, 3.92, 1.79, 4.20, 4.63, 1.99, 2.76, 1.39, 2.48

2.70, 1.53, 2.56, 2.90, 4.45, 2.13, 3.16, 4.23, 3.90, 1.77, 4.18, 4.65, 2.00, 2.77, 1.42, 2.47

2.55, 1.53, 2.62, 2.92, 4.42, 2.15, 3.15, 4.23, 3.92, 1.78, 4.19, 4.64, 2.00, 2.77, 1.44, 2.45

2.58, 1.52, 2.59, 2.92, 4.42, 2.13, 3.16, 4.25, 3.92, 1.77, 4.19, 4.64, 2.00, 2.77, 1.40, 2.46

2.71, 1.53, 2.59, 2.91, 4.47, 2.12, 3.16, 4.25, 3.92, 1.78, 4.19, 4.64, 1.98, 2.76, 1.42, 2.46

2.75, 1.52, 2.54, 2.90, 4.43, 2.15, 3.16, 4.21, 3.91, 1.77, 4.19, 4.62, 1.98, 2.74, 1.43, 2.49

2.58, 1.51, 2.62, 2.91, 4.44, 2.16, 3.15, 4.24, 3.92, 1.79, 4.17, 4.64, 1.99, 2.76, 1.41, 2.48

2.64, 1.53, 2.60, 2.91, 4.45, 2.14, 3.14, 4.23, 3.91, 1.77, 4.17, 4.61, 1.98, 2.77, 1.42, 2.47

2.69, 1.53, 2.55, 2.91, 4.43, 2.12, 3.14, 4.24, 3.91, 1.78, 4.19, 4.64, 1.99, 2.78, 1.44, 2.46

2.80, 1.55, 2.58, 2.93, 4.43, 2.14, 3.16, 4.24, 3.93, 1.76, 4.18, 4.63, 1.99, 2.77, 1.39, 2.45

2.65, 1.52, 2.56, 2.91, 4.44, 2.12, 3.15, 4.26, 3.90, 1.77, 4.17, 4.62, 1.99, 2.77, 1.41, 2.48

2.71, 1.55, 2.60, 2.93, 4.45, 2.14, 3.16, 4.23, 3.90, 1.78, 4.19, 4.64, 2.00, 2.76, 1.39, 2.47

2.64, 1.52, 2.61, 2.90, 4.43, 2.15, 3.15, 4.22, 3.91, 1.76, 4.17, 4.65, 1.98, 2.77, 1.40, 2.45

2.68, 1.53, 2.59, 2.91, 4.45, 2.15, 3.19, 4.23, 3.92, 1.78, 4.19, 4.64, 1.99, 2.77, 1.39, 2.48

2.65, 1.52, 2.56, 2.92, 4.42, 2.13, 3.15, 4.24, 3.93, 1.78, 4.20, 4.63, 1.98, 2.75, 1.42, 2.47

2.70, 1.53, 2.61, 2.94, 4.45, 2.13, 3.14, 4.22, 3.93, 1.77, 4.19, 4.65, 1.98, 2.76, 1.39, 2.47

2.66, 1.54, 2.56, 2.91, 4.43, 2.13, 3.16, 4.23, 3.92, 1.77, 4.18, 4.62, 1.98, 2.75, 1.41, 2.47

2.65, 1.52, 2.58, 2.90, 4.45, 2.12, 3.16, 4.21, 3.93, 1.78, 4.19, 4.63, 1.98, 2.78, 1.44, 2.47

2.77, 1.52, 2.60, 2.93, 4.45, 2.16, 3.16, 4.24, 3.92, 1.79, 4.18, 4.63, 1.99, 2.78, 1.43, 2.46

2.71, 1.54, 2.59, 2.90, 4.45, 2.12, 3.17, 4.21, 3.91, 1.77, 4.19, 4.61, 1.98, 2.78, 1.40, 2.47

2.68, 1.52, 2.56, 2.92, 4.42, 2.13, 3.17, 4.20, 3.93, 1.78, 4.19, 4.64, 1.99, 2.76, 1.39, 2.47

2.71, 1.52, 2.58, 2.93, 4.46, 2.14, 3.16, 4.21, 3.92, 1.77, 4.19, 4.64, 1.99, 2.77, 1.40, 2.47

2.59, 1.53, 2.54, 2.91, 4.44, 2.15, 3.15, 4.24, 3.92, 1.77, 4.18, 4.62, 1.99, 2.76, 1.38, 2.46

2.70, 1.53, 2.57, 2.93, 4.45, 2.18, 3.17, 4.23, 3.92, 1.78, 4.20, 4.63, 2.00, 2.76, 1.39, 2.46

2.55, 1.53, 2.58, 2.92, 4.43, 2.13, 3.16, 4.24, 3.90, 1.78, 4.19, 4.62, 1.97, 2.77, 1.39, 2.47

2.62, 1.53, 2.57, 2.92, 4.46, 2.16, 3.13, 4.25, 3.92, 1.78, 4.17, 4.63, 1.98, 2.78, 1.42, 2.47

2.59, 1.54, 2.62, 2.92, 4.44, 2.14, 3.15, 4.19, 3.92, 1.77, 4.18, 4.64, 2.00, 2.77, 1.40, 2.47

2.76, 1.53, 2.55, 2.91, 4.41, 2.14, 3.18, 4.25, 3.90, 1.77, 4.17, 4.64, 1.97, 2.74, 1.44, 2.48

2.77, 1.52, 2.56, 2.92, 4.43, 2.14, 3.16, 4.21, 3.91, 1.77, 4.18, 4.64, 1.98, 2.78, 1.44, 2.46

2.64, 1.53, 2.61, 2.91, 4.46, 2.16, 3.15, 4.25, 3.92, 1.77, 4.19, 4.63, 1.97, 2.77, 1.40, 2.46

2.64, 1.55, 2.57, 2.91, 4.44, 2.14, 3.14, 4.22, 3.92, 1.78, 4.20, 4.62, 1.97, 2.77, 1.39, 2.47

2.63, 1.51, 2.57, 2.90, 4.45, 2.13, 3.15, 4.22, 3.92, 1.79, 4.19, 4.62, 1.98, 2.76, 1.40, 2.46

2.65, 1.53, 2.58, 2.92, 4.44, 2.15, 3.17, 4.25, 3.92, 1.77, 4.18, 4.63, 1.98, 2.79, 1.41, 2.46

2.71, 1.54, 2.58, 2.92, 4.44, 2.13, 3.15, 4.23, 3.93, 1.78, 4.19, 4.64, 2.00, 2.76, 1.40, 2.48

2.68, 1.54, 2.60, 2.93, 4.45, 2.14, 3.17, 4.20, 3.91, 1.78, 4.18, 4.62, 1.97, 2.75, 1.43, 2.48

2.64, 1.51, 2.57, 2.91, 4.45, 2.12, 3.16, 4.24, 3.92, 1.78, 4.18, 4.64, 1.97, 2.77, 1.41, 2.46

2.60, 1.51, 2.61, 2.91, 4.42, 2.13, 3.16, 4.23, 3.91, 1.77, 4.19, 4.63, 1.98, 2.76, 1.42, 2.47

2.72, 1.53, 2.61, 2.92, 4.46, 2.13, 3.15, 4.25, 3.91, 1.78, 4.19, 4.63, 1.97, 2.76, 1.41, 2.47

2.74, 1.53, 2.57, 2.93, 4.41, 2.17, 3.18, 4.23, 3.92, 1.79, 4.20, 4.63, 1.99, 2.76, 1.40, 2.48

2.62, 1.53, 2.61, 2.91, 4.43, 2.14, 3.16, 4.23, 3.90, 1.78, 4.18, 4.63, 1.99, 2.77, 1.42, 2.46

2.72, 1.53, 2.57, 2.93, 4.43, 2.14, 3.14, 4.25, 3.90, 1.77, 4.18, 4.65, 2.00, 2.77, 1.42, 2.46

2.66, 1.53, 2.60, 2.93, 4.46, 2.12, 3.16, 4.25, 3.91, 1.78, 4.18, 4.62, 1.99, 2.76, 1.41, 2.45

2.65, 1.52, 2.60, 2.93, 4.44, 2.13, 3.18, 4.24, 3.92, 1.77, 4.18, 4.64, 1.99, 2.77, 1.39, 2.48

2.57, 1.55, 2.53, 2.90, 4.43, 2.13, 3.16, 4.24, 3.92, 1.77, 4.18, 4.62, 1.98, 2.79, 1.43, 2.47

2.56, 1.50, 2.57, 2.89, 4.43, 2.15, 3.15, 4.25, 3.91, 1.78, 4.18, 4.63, 1.97, 2.78, 1.42, 2.47

2.65, 1.53, 2.59, 2.91, 4.45, 2.15, 3.15, 4.24, 3.92, 1.78, 4.19, 4.61, 2.00, 2.75, 1.39, 2.48

2.70, 1.54, 2.56, 2.92, 4.45, 2.12, 3.17, 4.23, 3.93, 1.78, 4.20, 4.63, 1.98, 2.76, 1.38, 2.48

2.72, 1.53, 2.55, 2.91, 4.44, 2.13, 3.17, 4.21, 3.92, 1.79, 4.18, 4.64, 1.97, 2.77, 1.44, 2.49

2.63, 1.54, 2.61, 2.93, 4.43, 2.15, 3.14, 4.22, 3.91, 1.79, 4.20, 4.63, 1.98, 2.75, 1.38, 2.46

2.76, 1.55, 2.58, 2.93, 4.43, 2.19, 3.18, 4.23, 3.92, 1.78, 4.17, 4.64, 1.98, 2.76, 1.38, 2.49

2.73, 1.52, 2.62, 2.92, 4.42, 2.17, 3.13, 4.25, 3.92, 1.79, 4.18, 4.65, 1.99, 2.75, 1.39, 2.46

2.75, 1.54, 2.60, 2.93, 4.42, 2.12, 3.15, 4.24, 3.91, 1.78, 4.19, 4.64, 1.97, 2.76, 1.43, 2.45

2.60, 1.50, 2.55, 2.91, 4.43, 2.13, 3.15, 4.23, 3.93, 1.77, 4.18, 4.61, 1.98, 2.76, 1.45, 2.49

2.69, 1.53, 2.57, 2.92, 4.45, 2.13, 3.18, 4.22, 3.91, 1.78, 4.20, 4.61, 1.99, 2.76, 1.41, 2.46

2.76, 1.54, 2.63, 2.92, 4.46, 2.14, 3.18, 4.23, 3.92, 1.77, 4.19, 4.63, 1.97, 2.76, 1.41, 2.47

2.64, 1.52, 2.62, 2.90, 4.42, 2.14, 3.14, 4.24, 3.92, 1.78, 4.19, 4.63, 1.97, 2.76, 1.43, 2.46

2.56, 1.54, 2.55, 2.94, 4.44, 2.16, 3.14, 4.24, 3.91, 1.78, 4.18, 4.63, 1.97, 2.78, 1.42, 2.46

2.79, 1.52, 2.61, 2.91, 4.43, 2.19, 3.16, 4.22, 3.91, 1.78, 4.19, 4.62, 1.98, 2.76, 1.37, 2.47

2.62, 1.52, 2.55, 2.90, 4.43, 2.14, 3.15, 4.24, 3.92, 1.77, 4.19, 4.62, 1.98, 2.77, 1.42, 2.45

2.76, 1.55, 2.57, 2.90, 4.44, 2.13, 3.15, 4.23, 3.92, 1.78, 4.18, 4.63, 1.98, 2.76, 1.40, 2.46

2.75, 1.53, 2.59, 2.92, 4.46, 2.13, 3.16, 4.25, 3.91, 1.78, 4.19, 4.63, 2.00, 2.78, 1.41, 2.48

2.73, 1.52, 2.60, 2.92, 4.42, 2.14, 3.15, 4.24, 3.90, 1.78, 4.18, 4.63, 1.98, 2.77, 1.42, 2.47

2.73, 1.53, 2.59, 2.91, 4.45, 2.15, 3.16, 4.24, 3.92, 1.78, 4.19, 4.62, 1.96, 2.76, 1.42, 2.45

2.55, 1.52, 2.55, 2.92, 4.45, 2.14, 3.16, 4.24, 3.92, 1.78, 4.19, 4.64, 1.99, 2.76, 1.42, 2.47

2.58, 1.55, 2.55, 2.92, 4.42, 2.15, 3.16, 4.23, 3.92, 1.77, 4.19, 4.64, 1.98, 2.78, 1.44, 2.47

2.78, 1.53, 2.56, 2.91, 4.45, 2.16, 3.15, 4.24, 3.91, 1.77, 4.19, 4.64, 1.99, 2.75, 1.43, 2.47

2.75, 1.52, 2.60, 2.92, 4.44, 2.13, 3.15, 4.23, 3.91, 1.79, 4.20, 4.64, 1.98, 2.77, 1.41, 2.44

2.69, 1.53, 2.62, 2.93, 4.42, 2.15, 3.16, 4.22, 3.93, 1.78, 4.18, 4.63, 1.98, 2.76, 1.39, 2.46

2.65, 1.52, 2.55, 2.92, 4.42, 2.14, 3.18, 4.22, 3.93, 1.79, 4.19, 4.64, 1.99, 2.77, 1.39, 2.48

2.70, 1.52, 2.55, 2.93, 4.44, 2.13, 3.17, 4.24, 3.91, 1.78, 4.18, 4.62, 1.99, 2.76, 1.42, 2.46

2.70, 1.52, 2.61, 2.93, 4.42, 2.15, 3.18, 4.21, 3.90, 1.77, 4.19, 4.63, 1.99, 2.76, 1.40, 2.47

2.66, 1.53, 2.61, 2.93, 4.46, 2.14, 3.16, 4.22, 3.92, 1.78, 4.19, 4.63, 1.97, 2.76, 1.39, 2.46

2.72, 1.53, 2.56, 2.91, 4.43, 2.14, 3.16, 4.22, 3.91, 1.76, 4.18, 4.62, 1.99, 2.78, 1.42, 2.47

2.72, 1.53, 2.62, 2.90, 4.46, 2.16, 3.16, 4.26, 3.90, 1.77, 4.18, 4.63, 2.00, 2.76, 1.40, 2.47

2.70, 1.55, 2.61, 2.93, 4.45, 2.14, 3.18, 4.23, 3.92, 1.77, 4.18, 4.64, 1.98, 2.76, 1.42, 2.46

2.71, 1.53, 2.59, 2.92, 4.46, 2.15, 3.18, 4.21, 3.92, 1.78, 4.19, 4.63, 1.99, 2.78, 1.42, 2.46

2.68, 1.53, 2.60, 2.91, 4.43, 2.17, 3.17, 4.24, 3.92, 1.77, 4.19, 4.64, 1.98, 2.76, 1.41, 2.45

2.70, 1.52, 2.55, 2.92, 4.42, 2.15, 3.15, 4.26, 3.92, 1.79, 4.19, 4.62, 1.99, 2.77, 1.41, 2.46

2.57, 1.55, 2.61, 2.92, 4.45, 2.17, 3.18, 4.26, 3.93, 1.78, 4.19, 4.62, 1.99, 2.78, 1.39, 2.46

2.60, 1.53, 2.61, 2.92, 4.43, 2.12, 3.16, 4.28, 3.92, 1.79, 4.18, 4.63, 1.98, 2.78, 1.42, 2.47

2.73, 1.51, 2.58, 2.92, 4.43, 2.12, 3.15, 4.20, 3.92, 1.78, 4.17, 4.65, 1.98, 2.73, 1.39, 2.46

2.74, 1.55, 2.62, 2.92, 4.45, 2.15, 3.17, 4.23, 3.93, 1.77, 4.19, 4.62, 1.99, 2.75, 1.40, 2.47

2.71, 1.52, 2.55, 2.92, 4.43, 2.13, 3.17, 4.25, 3.92, 1.77, 4.18, 4.64, 1.97, 2.77, 1.41, 2.46

2.59, 1.52, 2.56, 2.91, 4.45, 2.14, 3.17, 4.21, 3.91, 1.78, 4.18, 4.63, 1.99, 2.76, 1.40, 2.48

2.62, 1.53, 2.57, 2.91, 4.42, 2.12, 3.16, 4.24, 3.91, 1.79, 4.19, 4.62, 1.98, 2.75, 1.42, 2.46

2.80, 1.53, 2.57, 2.92, 4.43, 2.15, 3.17, 4.21, 3.92, 1.79, 4.18, 4.62, 1.99, 2.76, 1.38, 2.48

2.76, 1.51, 2.62, 2.92, 4.44, 2.14, 3.17, 4.22, 3.91, 1.78, 4.19, 4.61, 1.99, 2.78, 1.39, 2.48

2.64, 1.52, 2.62, 2.90, 4.46, 2.17, 3.16, 4.22, 3.91, 1.76, 4.18, 4.64, 1.99, 2.79, 1.41, 2.47

2.69, 1.52, 2.61, 2.93, 4.47, 2.12, 3.19, 4.22, 3.92, 1.78, 4.18, 4.62, 1.99, 2.76, 1.40, 2.47

2.74, 1.55, 2.56, 2.93, 4.45, 2.13, 3.15, 4.24, 3.92, 1.77, 4.18, 4.64, 1.98, 2.77, 1.41, 2.47

2.62, 1.54, 2.62, 2.92, 4.44, 2.15, 3.15, 4.23, 3.91, 1.78, 4.18, 4.63, 1.97, 2.75, 1.42, 2.47

2.71, 1.54, 2.59, 2.91, 4.46, 2.15, 3.16, 4.23, 3.92, 1.80, 4.18, 4.62, 1.99, 2.77, 1.41, 2.46

2.71, 1.54, 2.58, 2.91, 4.42, 2.13, 3.17, 4.19, 3.92, 1.79, 4.19, 4.64, 1.98, 2.76, 1.38, 2.47

2.76, 1.52, 2.56, 2.92, 4.43, 2.13, 3.16, 4.24, 3.93, 1.78, 4.18, 4.64, 1.97, 2.77, 1.41, 2.48

2.75, 1.55, 2.62, 2.92, 4.45, 2.17, 3.17, 4.23, 3.92, 1.79, 4.20, 4.62, 1.97, 2.76, 1.40, 2.46

2.61, 1.52, 2.60, 2.92, 4.44, 2.14, 3.17, 4.18, 3.94, 1.77, 4.19, 4.63, 1.98, 2.77, 1.42, 2.46

2.66, 1.53, 2.57, 2.93, 4.42, 2.13, 3.15, 4.21, 3.92, 1.78, 4.19, 4.64, 1.99, 2.76, 1.40, 2.48

2.75, 1.53, 2.55, 2.92, 4.45, 2.15, 3.16, 4.24, 3.91, 1.78, 4.18, 4.64, 1.99, 2.78, 1.41, 2.47

2.71, 1.54, 2.59, 2.91, 4.43, 2.17, 3.17, 4.24, 3.93, 1.77, 4.18, 4.62, 2.00, 2.79, 1.42, 2.47

2.67, 1.53, 2.56, 2.90, 4.46, 2.13, 3.16, 4.20, 3.92, 1.78, 4.19, 4.63, 1.97, 2.75, 1.43, 2.46

2.67, 1.53, 2.57, 2.91, 4.42, 2.14, 3.15, 4.24, 3.92, 1.77, 4.19, 4.63, 1.98, 2.75, 1.43, 2.47

2.61, 1.53, 2.58, 2.93, 4.43, 2.16, 3.15, 4.25, 3.91, 1.78, 4.19, 4.63, 1.99, 2.77, 1.39, 2.47

2.65, 1.54, 2.58, 2.91, 4.43, 2.13, 3.16, 4.20, 3.92, 1.79, 4.18, 4.62, 1.99, 2.75, 1.39, 2.48

2.70, 1.51, 2.56, 2.93, 4.43, 2.14, 3.15, 4.23, 3.92, 1.77, 4.19, 4.64, 1.99, 2.75, 1.40, 2.48

2.69, 1.54, 2.62, 2.92, 4.43, 2.14, 3.16, 4.24, 3.91, 1.77, 4.17, 4.62, 1.99, 2.77, 1.42, 2.46

2.72, 1.54, 2.61, 2.93, 4.41, 2.15, 3.15, 4.19, 3.92, 1.78, 4.20, 4.63, 1.95, 2.77, 1.38, 2.48

2.79, 1.54, 2.57, 2.91, 4.41, 2.14, 3.15, 4.24, 3.92, 1.78, 4.18, 4.62, 1.97, 2.76, 1.39, 2.46

2.67, 1.52, 2.61, 2.93, 4.44, 2.13, 3.14, 4.25, 3.92, 1.77, 4.19, 4.64, 2.00, 2.75, 1.40, 2.44

2.63, 1.54, 2.56, 2.93, 4.41, 2.14, 3.14, 4.25, 3.92, 1.78, 4.19, 4.64, 1.99, 2.75, 1.39, 2.48

2.65, 1.53, 2.57, 2.92, 4.46, 2.14, 3.14, 4.21, 3.91, 1.78, 4.20, 4.62, 1.98, 2.75, 1.39, 2.46

2.65, 1.52, 2.61, 2.93, 4.45, 2.15, 3.14, 4.21, 3.91, 1.77, 4.17, 4.61, 1.97, 2.78, 1.42, 2.46

2.60, 1.53, 2.60, 2.92, 4.43, 2.17, 3.17, 4.20, 3.91, 1.77, 4.19, 4.63, 1.98, 2.76, 1.39, 2.47

2.67, 1.53, 2.55, 2.94, 4.43, 2.14, 3.16, 4.23, 3.93, 1.79, 4.20, 4.64, 1.97, 2.76, 1.42, 2.47

2.76, 1.53, 2.59, 2.93, 4.46, 2.14, 3.16, 4.23, 3.90, 1.78, 4.19, 4.61, 1.99, 2.75, 1.40, 2.47

2.68, 1.53, 2.57, 2.91, 4.44, 2.13, 3.15, 4.25, 3.92, 1.77, 4.18, 4.64, 1.97, 2.75, 1.39, 2.47

2.55, 1.55, 2.61, 2.93, 4.42, 2.13, 3.15, 4.23, 3.91, 1.78, 4.19, 4.63, 1.97, 2.76, 1.42, 2.48

2.73, 1.54, 2.55, 2.93, 4.45, 2.14, 3.17, 4.23, 3.92, 1.79, 4.18, 4.62, 2.00, 2.77, 1.43, 2.46

2.75, 1.52, 2.60, 2.93, 4.42, 2.16, 3.16, 4.25, 3.91, 1.76, 4.18, 4.64, 1.98, 2.75, 1.39, 2.47

2.75, 1.54, 2.61, 2.92, 4.43, 2.15, 3.18, 4.22, 3.92, 1.79, 4.19, 4.64, 1.97, 2.75, 1.40, 2.46

2.66, 1.53, 2.55, 2.91, 4.42, 2.14, 3.15, 4.25, 3.93, 1.78, 4.19, 4.63, 1.97, 2.75, 1.42, 2.47

2.74, 1.51, 2.61, 2.93, 4.43, 2.18, 3.14, 4.24, 3.92, 1.76, 4.18, 4.62, 1.97, 2.76, 1.40, 2.47

2.56, 1.53, 2.60, 2.93, 4.46, 2.14, 3.19, 4.24, 3.91, 1.77, 4.18, 4.64, 1.98, 2.76, 1.40, 2.47

2.56, 1.54, 2.55, 2.93, 4.44, 2.16, 3.17, 4.25, 3.91, 1.77, 4.18, 4.64, 1.98, 2.78, 1.41, 2.48

2.65, 1.51, 2.55, 2.93, 4.46, 2.14, 3.15, 4.21, 3.92, 1.78, 4.18, 4.63, 1.99, 2.76, 1.44, 2.47

2.64, 1.51, 2.62, 2.92, 4.44, 2.14, 3.16, 4.23, 3.92, 1.78, 4.19, 4.63, 1.97, 2.77, 1.40, 2.47

2.62, 1.54, 2.61, 2.94, 4.42, 2.17, 3.14, 4.25, 3.91, 1.79, 4.19, 4.62, 1.99, 2.74, 1.40, 2.47

2.72, 1.53, 2.57, 2.90, 4.40, 2.12, 3.17, 4.24, 3.91, 1.77, 4.18, 4.63, 1.99, 2.75, 1.42, 2.47

2.59, 1.52, 2.63, 2.93, 4.43, 2.18, 3.16, 4.24, 3.92, 1.78, 4.18, 4.62, 1.98, 2.74, 1.43, 2.46

2.57, 1.51, 2.61, 2.92, 4.42, 2.15, 3.18, 4.24, 3.91, 1.77, 4.19, 4.63, 1.98, 2.78, 1.39, 2.47

2.62, 1.52, 2.56, 2.91, 4.45, 2.15, 3.15, 4.20, 3.92, 1.78, 4.18, 4.63, 1.96, 2.76, 1.43, 2.46

2.74, 1.51, 2.55, 2.91, 4.43, 2.18, 3.17, 4.21, 3.91, 1.78, 4.18, 4.61, 1.98, 2.77, 1.39, 2.46

2.58, 1.53, 2.57, 2.92, 4.45, 2.15, 3.14, 4.20, 3.93, 1.78, 4.18, 4.63, 1.97, 2.78, 1.41, 2.45

2.66, 1.52, 2.55, 2.91, 4.41, 2.15, 3.17, 4.19, 3.91, 1.78, 4.19, 4.63, 1.98, 2.76, 1.40, 2.46

2.72, 1.51, 2.58, 2.94, 4.46, 2.16, 3.16, 4.23, 3.92, 1.77, 4.19, 4.62, 1.99, 2.76, 1.40, 2.46

2.71, 1.50, 2.61, 2.90, 4.42, 2.13, 3.16, 4.24, 3.92, 1.79, 4.18, 4.63, 1.98, 2.78, 1.44, 2.47

2.66, 1.52, 2.55, 2.91, 4.44, 2.16, 3.16, 4.30, 3.91, 1.77, 4.18, 4.62, 1.98, 2.78, 1.43, 2.45

2.68, 1.54, 2.62, 2.93, 4.46, 2.15, 3.17, 4.21, 3.91, 1.78, 4.17, 4.63, 1.99, 2.76, 1.38, 2.47

2.74, 1.54, 2.59, 2.92, 4.45, 2.14, 3.15, 4.20, 3.91, 1.78, 4.19, 4.64, 1.99, 2.77, 1.40, 2.48

2.55, 1.51, 2.60, 2.93, 4.44, 2.13, 3.19, 4.25, 3.92, 1.78, 4.19, 4.64, 1.99, 2.77, 1.40, 2.46

2.72, 1.55, 2.62, 2.90, 4.45, 2.15, 3.16, 4.23, 3.92, 1.78, 4.19, 4.65, 1.98, 2.76, 1.38, 2.47

2.89, 1.53, 2.55, 2.91, 4.41, 2.15, 3.15, 4.21, 3.92, 1.78, 4.18, 4.65, 1.98, 2.77, 1.43, 2.47

2.61, 1.53, 2.56, 2.92, 4.43, 2.14, 3.18, 4.23, 3.92, 1.77, 4.18, 4.63, 1.98, 2.77, 1.42, 2.47

2.56, 1.51, 2.62, 2.94, 4.44, 2.14, 3.15, 4.23, 3.91, 1.79, 4.19, 4.61, 1.99, 2.75, 1.41, 2.47

2.63, 1.53, 2.61, 2.91, 4.45, 2.14, 3.17, 4.23, 3.91, 1.78, 4.18, 4.63, 1.98, 2.78, 1.41, 2.46

2.70, 1.52, 2.62, 2.92, 4.42, 2.14, 3.15, 4.23, 3.92, 1.78, 4.18, 4.65, 1.99, 2.77, 1.43, 2.45

2.65, 1.52, 2.61, 2.91, 4.44, 2.14, 3.15, 4.22, 3.93, 1.78, 4.20, 4.63, 1.97, 2.77, 1.42, 2.46

2.66, 1.56, 2.65, 2.93, 4.44, 2.14, 3.15, 4.23, 3.91, 1.78, 4.18, 4.63, 1.96, 2.78, 1.39, 2.48

2.77, 1.53, 2.57, 2.91, 4.45, 2.13, 3.16, 4.23, 3.92, 1.78, 4.19, 4.63, 1.98, 2.77, 1.42, 2.47

2.79, 1.51, 2.60, 2.91, 4.41, 2.17, 3.16, 4.25, 3.92, 1.78, 4.18, 4.64, 1.98, 2.77, 1.41, 2.46

2.74, 1.52, 2.60, 2.93, 4.46, 2.12, 3.17, 4.27, 3.91, 1.79, 4.19, 4.62, 1.99, 2.78, 1.40, 2.46

2.65, 1.52, 2.60, 2.90, 4.45, 2.13, 3.16, 4.26, 3.91, 1.79, 4.18, 4.62, 1.98, 2.76, 1.40, 2.47

2.63, 1.49, 2.60, 2.94, 4.41, 2.13, 3.15, 4.20, 3.93, 1.78, 4.18, 4.65, 1.97, 2.78, 1.37, 2.48

2.71, 1.52, 2.56, 2.89, 4.44, 2.11, 3.15, 4.21, 3.90, 1.77, 4.20, 4.64, 1.98, 2.75, 1.45, 2.47

2.56, 1.53, 2.59, 2.93, 4.45, 2.17, 3.15, 4.24, 3.93, 1.78, 4.18, 4.62, 1.99, 2.76, 1.40, 2.47

2.73, 1.53, 2.61, 2.92, 4.42, 2.14, 3.19, 4.25, 3.92, 1.78, 4.20, 4.64, 1.97, 2.76, 1.38, 2.46

2.68, 1.54, 2.58, 2.91, 4.44, 2.15, 3.17, 4.22, 3.91, 1.78, 4.18, 4.63, 1.99, 2.75, 1.38, 2.46

2.64, 1.52, 2.56, 2.90, 4.44, 2.14, 3.17, 4.20, 3.92, 1.78, 4.20, 4.63, 1.98, 2.75, 1.42, 2.47

2.58, 1.53, 2.63, 2.92, 4.44, 2.14, 3.16, 4.22, 3.93, 1.77, 4.19, 4.63, 1.97, 2.77, 1.41, 2.47

2.63, 1.54, 2.56, 2.91, 4.45, 2.14, 3.17, 4.25, 3.91, 1.77, 4.21, 4.64, 1.97, 2.77, 1.40, 2.47

2.66, 1.52, 2.61, 2.94, 4.47, 2.14, 3.16, 4.23, 3.93, 1.77, 4.19, 4.61, 1.96, 2.79, 1.40, 2.48

2.72, 1.51, 2.61, 2.92, 4.43, 2.15, 3.16, 4.21, 3.92, 1.77, 4.19, 4.63, 1.97, 2.77, 1.41, 2.45

2.73, 1.52, 2.63, 2.93, 4.43, 2.12, 3.17, 4.20, 3.92, 1.77, 4.18, 4.62, 1.97, 2.77, 1.40, 2.48

2.65, 1.54, 2.57, 2.92, 4.46, 2.14, 3.15, 4.20, 3.91, 1.77, 4.19, 4.64, 1.98, 2.76, 1.38, 2.48

2.52, 1.53, 2.62, 2.91, 4.42, 2.16, 3.18, 4.23, 3.93, 1.78, 4.19, 4.63, 1.98, 2.76, 1.39, 2.46

2.63, 1.55, 2.61, 2.92, 4.46, 2.14, 3.17, 4.26, 3.91, 1.78, 4.19, 4.64, 1.98, 2.77, 1.40, 2.47

2.74, 1.52, 2.60, 2.92, 4.44, 2.15, 3.16, 4.21, 3.91, 1.79, 4.19, 4.64, 1.97, 2.76, 1.38, 2.47

2.69, 1.51, 2.56, 2.92, 4.46, 2.15, 3.15, 4.22, 3.91, 1.78, 4.18, 4.64, 1.97, 2.78, 1.42, 2.48

2.56, 1.53, 2.62, 2.91, 4.44, 2.13, 3.16, 4.20, 3.90, 1.78, 4.17, 4.63, 1.98, 2.76, 1.42, 2.47

2.74, 1.56, 2.59, 2.94, 4.41, 2.14, 3.18, 4.21, 3.91, 1.78, 4.19, 4.64, 1.97, 2.74, 1.39, 2.45

2.70, 1.53, 2.62, 2.91, 4.43, 2.15, 3.17, 4.23, 3.92, 1.77, 4.19, 4.62, 1.97, 2.75, 1.43, 2.46

2.67, 1.54, 2.62, 2.93, 4.46, 2.14, 3.19, 4.23, 3.90, 1.77, 4.17, 4.61, 1.98, 2.76, 1.40, 2.49

2.58, 1.54, 2.55, 2.92, 4.45, 2.14, 3.14, 4.24, 3.92, 1.77, 4.18, 4.63, 1.98, 2.75, 1.41, 2.46

2.70, 1.53, 2.56, 2.91, 4.48, 2.14, 3.14, 4.20, 3.93, 1.78, 4.19, 4.64, 1.98, 2.75, 1.41, 2.48

2.64, 1.53, 2.56, 2.92, 4.42, 2.16, 3.15, 4.20, 3.92, 1.78, 4.19, 4.64, 1.98, 2.76, 1.42, 2.47

2.51, 1.52, 2.60, 2.91, 4.46, 2.16, 3.15, 4.22, 3.92, 1.78, 4.19, 4.65, 1.98, 2.76, 1.43, 2.47

2.72, 1.54, 2.60, 2.92, 4.44, 2.15, 3.17, 4.23, 3.91, 1.78, 4.18, 4.63, 1.97, 2.77, 1.40, 2.47

2.66, 1.53, 2.54, 2.92, 4.45, 2.14, 3.16, 4.25, 3.93, 1.78, 4.18, 4.64, 1.99, 2.77, 1.40, 2.47

2.73, 1.51, 2.58, 2.93, 4.44, 2.12, 3.17, 4.20, 3.90, 1.78, 4.18, 4.63, 1.99, 2.77, 1.44, 2.47

2.69, 1.51, 2.56, 2.93, 4.45, 2.14, 3.16, 4.22, 3.93, 1.78, 4.19, 4.62, 1.98, 2.76, 1.41, 2.47

2.54, 1.51, 2.58, 2.93, 4.46, 2.14, 3.19, 4.21, 3.91, 1.77, 4.18, 4.64, 1.98, 2.75, 1.42, 2.46

2.71, 1.51, 2.62, 2.92, 4.45, 2.14, 3.17, 4.24, 3.92, 1.78, 4.20, 4.63, 1.97, 2.76, 1.44, 2.48

2.54, 1.52, 2.57, 2.92, 4.43, 2.16, 3.16, 4.22, 3.93, 1.77, 4.18, 4.65, 1.99, 2.76, 1.43, 2.48

2.68, 1.52, 2.62, 2.94, 4.43, 2.16, 3.16, 4.21, 3.91, 1.79, 4.19, 4.64, 1.98, 2.77, 1.42, 2.46

2.54, 1.53, 2.58, 2.91, 4.45, 2.14, 3.16, 4.22, 3.91, 1.78, 4.20, 4.63, 1.97, 2.78, 1.45, 2.47

2.65, 1.52, 2.55, 2.91, 4.41, 2.14, 3.18, 4.24, 3.92, 1.79, 4.19, 4.63, 2.00, 2.76, 1.43, 2.47

2.64, 1.52, 2.61, 2.91, 4.41, 2.13, 3.15, 4.22, 3.92, 1.79, 4.19, 4.63, 1.99, 2.76, 1.40, 2.46

2.82, 1.51, 2.56, 2.90, 4.43, 2.19, 3.15, 4.25, 3.91, 1.79, 4.18, 4.63, 1.99, 2.76, 1.42, 2.46

2.65, 1.50, 2.60, 2.92, 4.42, 2.16, 3.17, 4.21, 3.91, 1.79, 4.19, 4.61, 1.98, 2.76, 1.41, 2.48

2.74, 1.55, 2.58, 2.91, 4.42, 2.12, 3.17, 4.20, 3.92, 1.77, 4.18, 4.62, 1.98, 2.74, 1.40, 2.47

2.66, 1.50, 2.59, 2.91, 4.42, 2.13, 3.15, 4.24, 3.92, 1.78, 4.21, 4.64, 1.98, 2.76, 1.40, 2.47

2.71, 1.53, 2.56, 2.91, 4.42, 2.14, 3.16, 4.24, 3.93, 1.78, 4.18, 4.63, 1.99, 2.76, 1.41, 2.45

2.66, 1.51, 2.55, 2.92, 4.41, 2.14, 3.17, 4.25, 3.92, 1.77, 4.18, 4.64, 2.00, 2.78, 1.39, 2.48

2.56, 1.53, 2.59, 2.93, 4.40, 2.12, 3.14, 4.25, 3.92, 1.78, 4.18, 4.63, 1.98, 2.76, 1.39, 2.48

2.68, 1.52, 2.55, 2.92, 4.42, 2.13, 3.17, 4.21, 3.92, 1.78, 4.18, 4.62, 2.00, 2.75, 1.42, 2.48

2.59, 1.52, 2.56, 2.93, 4.43, 2.13, 3.17, 4.23, 3.91, 1.78, 4.19, 4.64, 1.98, 2.77, 1.39, 2.47

2.70, 1.53, 2.61, 2.93, 4.44, 2.14, 3.17, 4.24, 3.92, 1.77, 4.18, 4.63, 1.98, 2.76, 1.42, 2.45

2.62, 1.51, 2.60, 2.93, 4.40, 2.12, 3.20, 4.22, 3.91, 1.77, 4.18, 4.64, 1.98, 2.77, 1.42, 2.46

2.71, 1.54, 2.58, 2.93, 4.45, 2.16, 3.17, 4.22, 3.92, 1.77, 4.18, 4.63, 1.97, 2.77, 1.40, 2.46

2.69, 1.52, 2.55, 2.93, 4.44, 2.11, 3.15, 4.23, 3.92, 1.79, 4.19, 4.62, 1.97, 2.77, 1.42, 2.46

2.75, 1.51, 2.58, 2.93, 4.46, 2.14, 3.17, 4.24, 3.92, 1.77, 4.19, 4.63, 1.97, 2.77, 1.38, 2.47

2.73, 1.54, 2.59, 2.92, 4.41, 2.14, 3.17, 4.25, 3.91, 1.79, 4.20, 4.64, 1.98, 2.76, 1.44, 2.46

2.67, 1.52, 2.61, 2.92, 4.44, 2.14, 3.15, 4.26, 3.92, 1.79, 4.19, 4.63, 1.99, 2.76, 1.45, 2.47

2.52, 1.53, 2.62, 2.92, 4.43, 2.17, 3.17, 4.24, 3.92, 1.77, 4.18, 4.62, 1.98, 2.75, 1.43, 2.46

2.64, 1.53, 2.59, 2.93, 4.44, 2.13, 3.16, 4.23, 3.91, 1.77, 4.19, 4.62, 1.98, 2.76, 1.39, 2.48

2.71, 1.52, 2.63, 2.91, 4.42, 2.13, 3.16, 4.23, 3.92, 1.78, 4.19, 4.63, 1.99, 2.75, 1.44, 2.47

2.57, 1.51, 2.58, 2.92, 4.41, 2.13, 3.16, 4.19, 3.92, 1.76, 4.18, 4.64, 1.98, 2.77, 1.39, 2.46

2.57, 1.55, 2.59, 2.92, 4.44, 2.14, 3.17, 4.23, 3.89, 1.78, 4.19, 4.62, 1.97, 2.77, 1.41, 2.48

2.72, 1.55, 2.58, 2.93, 4.44, 2.13, 3.14, 4.26, 3.92, 1.78, 4.17, 4.61, 1.98, 2.77, 1.40, 2.46

2.57, 1.53, 2.55, 2.92, 4.43, 2.12, 3.18, 4.25, 3.92, 1.78, 4.20, 4.64, 1.98, 2.76, 1.44, 2.47

2.69, 1.53, 2.63, 2.92, 4.45, 2.14, 3.18, 4.25, 3.92, 1.79, 4.20, 4.63, 1.98, 2.76, 1.41, 2.46

2.63, 1.51, 2.57, 2.91, 4.45, 2.13, 3.17, 4.22, 3.92, 1.78, 4.19, 4.63, 1.97, 2.77, 1.39, 2.48

2.61, 1.51, 2.63, 2.90, 4.42, 2.13, 3.16, 4.24, 3.92, 1.80, 4.20, 4.65, 1.98, 2.77, 1.40, 2.46

2.66, 1.53, 2.54, 2.92, 4.42, 2.14, 3.16, 4.22, 3.91, 1.79, 4.20, 4.63, 1.98, 2.75, 1.40, 2.47

2.69, 1.54, 2.58, 2.94, 4.45, 2.13, 3.18, 4.24, 3.93, 1.78, 4.20, 4.62, 1.97, 2.78, 1.39, 2.48

2.71, 1.53, 2.58, 2.90, 4.43, 2.13, 3.15, 4.23, 3.92, 1.77, 4.18, 4.64, 1.97, 2.77, 1.43, 2.47

2.67, 1.53, 2.57, 2.92, 4.43, 2.14, 3.18, 4.24, 3.92, 1.80, 4.19, 4.64, 1.98, 2.76, 1.42, 2.47

2.62, 1.54, 2.52, 2.92, 4.46, 2.12, 3.17, 4.23, 3.91, 1.77, 4.20, 4.63, 1.99, 2.76, 1.39, 2.46

2.56, 1.52, 2.63, 2.91, 4.42, 2.15, 3.14, 4.23, 3.91, 1.77, 4.18, 4.63, 1.99, 2.76, 1.42, 2.48

2.65, 1.52, 2.60, 2.93, 4.42, 2.14, 3.16, 4.22, 3.91, 1.76, 4.19, 4.64, 1.97, 2.76, 1.45, 2.48

2.65, 1.55, 2.58, 2.91, 4.42, 2.14, 3.16, 4.24, 3.92, 1.78, 4.19, 4.63, 1.97, 2.77, 1.40, 2.47

2.65, 1.52, 2.60, 2.91, 4.43, 2.15, 3.17, 4.24, 3.92, 1.78, 4.18, 4.64, 1.98, 2.76, 1.45, 2.47

2.70, 1.52, 2.61, 2.93, 4.41, 2.12, 3.16, 4.24, 3.92, 1.77, 4.18, 4.64, 1.98, 2.79, 1.40, 2.50

2.68, 1.53, 2.61, 2.92, 4.42, 2.15, 3.16, 4.22, 3.92, 1.78, 4.18, 4.65, 1.99, 2.75, 1.41, 2.46

2.58, 1.51, 2.60, 2.92, 4.42, 2.12, 3.17, 4.27, 3.92, 1.79, 4.18, 4.63, 1.99, 2.77, 1.39, 2.45

2.69, 1.53, 2.61, 2.92, 4.43, 2.12, 3.16, 4.21, 3.93, 1.77, 4.19, 4.63, 1.99, 2.76, 1.44, 2.47

2.72, 1.52, 2.63, 2.91, 4.43, 2.16, 3.17, 4.22, 3.93, 1.78, 4.19, 4.63, 1.99, 2.77, 1.44, 2.44

2.69, 1.53, 2.57, 2.92, 4.46, 2.14, 3.17, 4.21, 3.90, 1.78, 4.18, 4.61, 1.98, 2.78, 1.38, 2.49

2.71, 1.52, 2.59, 2.93, 4.41, 2.14, 3.16, 4.21, 3.91, 1.78, 4.18, 4.63, 1.98, 2.77, 1.39, 2.46

2.66, 1.55, 2.56, 2.93, 4.42, 2.13, 3.14, 4.24, 3.93, 1.78, 4.18, 4.62, 1.98, 2.74, 1.37, 2.48

2.63, 1.53, 2.61, 2.92, 4.42, 2.17, 3.15, 4.22, 3.90, 1.77, 4.18, 4.63, 1.97, 2.76, 1.39, 2.48

2.79, 1.54, 2.62, 2.93, 4.43, 2.15, 3.16, 4.24, 3.92, 1.77, 4.19, 4.63, 1.99, 2.76, 1.39, 2.49

2.59, 1.53, 2.56, 2.90, 4.42, 2.15, 3.15, 4.21, 3.92, 1.78, 4.19, 4.62, 1.97, 2.76, 1.39, 2.47

2.68, 1.53, 2.63, 2.92, 4.44, 2.16, 3.16, 4.23, 3.91, 1.78, 4.18, 4.62, 1.99, 2.77, 1.41, 2.46

2.76, 1.54, 2.57, 2.93, 4.45, 2.14, 3.17, 4.21, 3.91, 1.78, 4.18, 4.63, 1.98, 2.75, 1.42, 2.46

2.75, 1.52, 2.58, 2.93, 4.43, 2.15, 3.17, 4.24, 3.92, 1.78, 4.18, 4.63, 1.98, 2.75, 1.40, 2.47

2.76, 1.55, 2.62, 2.91, 4.45, 2.14, 3.14, 4.25, 3.91, 1.79, 4.18, 4.64, 1.99, 2.76, 1.41, 2.48

2.55, 1.54, 2.62, 2.93, 4.42, 2.16, 3.16, 4.22, 3.92, 1.78, 4.18, 4.63, 1.98, 2.78, 1.42, 2.46

2.55, 1.51, 2.60, 2.93, 4.43, 2.12, 3.17, 4.26, 3.92, 1.78, 4.17, 4.63, 1.97, 2.78, 1.43, 2.47

2.62, 1.53, 2.55, 2.90, 4.41, 2.14, 3.15, 4.23, 3.92, 1.77, 4.18, 4.63, 1.99, 2.78, 1.44, 2.48

2.64, 1.54, 2.63, 2.93, 4.46, 2.16, 3.16, 4.23, 3.93, 1.77, 4.19, 4.61, 1.98, 2.76, 1.39, 2.46

2.63, 1.52, 2.60, 2.92, 4.43, 2.17, 3.17, 4.21, 3.92, 1.79, 4.18, 4.62, 1.99, 2.77, 1.39, 2.46

2.59, 1.52, 2.58, 2.91, 4.42, 2.13, 3.16, 4.20, 3.91, 1.79, 4.19, 4.63, 1.99, 2.77, 1.40, 2.48

2.70, 1.51, 2.63, 2.92, 4.45, 2.13, 3.16, 4.21, 3.91, 1.78, 4.18, 4.62, 1.97, 2.77, 1.41, 2.47

2.56, 1.53, 2.61, 2.93, 4.44, 2.14, 3.15, 4.25, 3.92, 1.78, 4.19, 4.62, 1.98, 2.75, 1.41, 2.47

2.55, 1.54, 2.54, 2.90, 4.44, 2.13, 3.17, 4.22, 3.92, 1.78, 4.20, 4.63, 1.99, 2.76, 1.39, 2.46

2.71, 1.53, 2.61, 2.91, 4.43, 2.13, 3.18, 4.25, 3.91, 1.78, 4.19, 4.63, 1.98, 2.77, 1.43, 2.46

2.62, 1.53, 2.57, 2.90, 4.44, 2.13, 3.14, 4.20, 3.91, 1.78, 4.18, 4.63, 1.97, 2.76, 1.43, 2.47

2.72, 1.50, 2.56, 2.93, 4.44, 2.16, 3.16, 4.19, 3.92, 1.78, 4.19, 4.63, 1.98, 2.78, 1.39, 2.47

2.64, 1.52, 2.56, 2.91, 4.43, 2.15, 3.16, 4.21, 3.92, 1.78, 4.19, 4.62, 1.98, 2.76, 1.41, 2.47

2.68, 1.52, 2.56, 2.93, 4.44, 2.13, 3.17, 4.23, 3.91, 1.77, 4.19, 4.63, 1.98, 2.75, 1.40, 2.48

2.58, 1.52, 2.61, 2.95, 4.41, 2.16, 3.17, 4.23, 3.91, 1.79, 4.18, 4.62, 1.97, 2.76, 1.39, 2.48

2.78, 1.53, 2.55, 2.91, 4.42, 2.14, 3.17, 4.20, 3.90, 1.79, 4.19, 4.62, 1.99, 2.77, 1.44, 2.48

2.72, 1.52, 2.62, 2.93, 4.46, 2.14, 3.18, 4.23, 3.91, 1.78, 4.18, 4.62, 1.98, 2.77, 1.40, 2.46

2.65, 1.53, 2.60, 2.92, 4.42, 2.14, 3.14, 4.20, 3.91, 1.77, 4.18, 4.61, 1.99, 2.76, 1.40, 2.45

2.71, 1.52, 2.59, 2.92, 4.41, 2.17, 3.17, 4.23, 3.93, 1.77, 4.18, 4.62, 1.98, 2.78, 1.38, 2.46

2.64, 1.52, 2.56, 2.92, 4.45, 2.14, 3.14, 4.21, 3.92, 1.78, 4.18, 4.63, 1.98, 2.76, 1.42, 2.47

2.63, 1.52, 2.59, 2.92, 4.42, 2.14, 3.16, 4.22, 3.92, 1.77, 4.20, 4.61, 2.00, 2.77, 1.43, 2.48

2.77, 1.51, 2.57, 2.91, 4.41, 2.17, 3.19, 4.24, 3.90, 1.78, 4.18, 4.61, 1.97, 2.77, 1.40, 2.46

2.68, 1.53, 2.62, 2.92, 4.44, 2.14, 3.16, 4.23, 3.91, 1.78, 4.19, 4.64, 1.99, 2.77, 1.42, 2.46

2.64, 1.54, 2.62, 2.93, 4.41, 2.18, 3.16, 4.22, 3.91, 1.77, 4.18, 4.62, 2.00, 2.77, 1.41, 2.46

2.68, 1.53, 2.62, 2.93, 4.47, 2.14, 3.15, 4.21, 3.92, 1.78, 4.18, 4.62, 1.98, 2.77, 1.43, 2.47

2.61, 1.53, 2.61, 2.94, 4.41, 2.16, 3.17, 4.21, 3.92, 1.78, 4.19, 4.61, 1.99, 2.76, 1.43, 2.47

2.61, 1.53, 2.63, 2.92, 4.42, 2.14, 3.19, 4.20, 3.91, 1.77, 4.19, 4.61, 1.99, 2.76, 1.40, 2.48

2.66, 1.53, 2.59, 2.92, 4.42, 2.14, 3.15, 4.23, 3.89, 1.78, 4.18, 4.64, 1.99, 2.78, 1.42, 2.45

2.69, 1.51, 2.58, 2.93, 4.47, 2.15, 3.15, 4.23, 3.91, 1.78, 4.19, 4.63, 1.99, 2.75, 1.42, 2.48

2.77, 1.54, 2.60, 2.91, 4.45, 2.14, 3.14, 4.23, 3.91, 1.79, 4.18, 4.61, 1.97, 2.78, 1.40, 2.48

2.73, 1.53, 2.51, 2.93, 4.45, 2.16, 3.14, 4.22, 3.92, 1.79, 4.19, 4.64, 1.97, 2.76, 1.40, 2.46

2.62, 1.51, 2.54, 2.91, 4.43, 2.15, 3.16, 4.23, 3.90, 1.78, 4.18, 4.63, 1.96, 2.78, 1.41, 2.46

2.57, 1.52, 2.58, 2.93, 4.45, 2.14, 3.17, 4.20, 3.91, 1.78, 4.19, 4.64, 1.98, 2.76, 1.42, 2.48

2.57, 1.54, 2.61, 2.91, 4.41, 2.15, 3.16, 4.23, 3.91, 1.78, 4.18, 4.64, 1.98, 2.76, 1.40, 2.47

2.72, 1.53, 2.61, 2.91, 4.44, 2.13, 3.19, 4.25, 3.91, 1.77, 4.18, 4.62, 1.96, 2.76, 1.40, 2.48

2.54, 1.54, 2.61, 2.91, 4.42, 2.13, 3.17, 4.23, 3.92, 1.78, 4.19, 4.62, 1.98, 2.76, 1.44, 2.48

2.74, 1.53, 2.59, 2.90, 4.45, 2.13, 3.19, 4.22, 3.92, 1.78, 4.18, 4.62, 1.98, 2.77, 1.40, 2.46

2.66, 1.52, 2.57, 2.91, 4.46, 2.15, 3.17, 4.22, 3.92, 1.77, 4.19, 4.63, 1.97, 2.76, 1.42, 2.47

2.64, 1.53, 2.60, 2.92, 4.44, 2.12, 3.17, 4.25, 3.92, 1.77, 4.18, 4.61, 1.99, 2.75, 1.40, 2.48

2.73, 1.52, 2.56, 2.93, 4.40, 2.12, 3.16, 4.22, 3.92, 1.78, 4.17, 4.63, 1.97, 2.76, 1.42, 2.48

2.69, 1.52, 2.59, 2.92, 4.43, 2.13, 3.14, 4.18, 3.91, 1.78, 4.19, 4.64, 1.97, 2.77, 1.39, 2.47

2.54, 1.53, 2.57, 2.92, 4.44, 2.13, 3.16, 4.23, 3.92, 1.77, 4.19, 4.64, 1.97, 2.76, 1.38, 2.48

2.72, 1.52, 2.60, 2.90, 4.46, 2.12, 3.16, 4.22, 3.91, 1.76, 4.18, 4.63, 1.99, 2.76, 1.40, 2.48

2.80, 1.55, 2.60, 2.91, 4.42, 2.14, 3.17, 4.21, 3.91, 1.77, 4.19, 4.62, 1.98, 2.76, 1.40, 2.47

2.55, 1.50, 2.59, 2.92, 4.43, 2.13, 3.17, 4.24, 3.92, 1.78, 4.19, 4.62, 1.96, 2.74, 1.42, 2.49

2.63, 1.53, 2.62, 2.92, 4.42, 2.12, 3.15, 4.23, 3.91, 1.78, 4.20, 4.62, 1.98, 2.78, 1.43, 2.46

2.73, 1.52, 2.57, 2.92, 4.44, 2.14, 3.15, 4.24, 3.91, 1.79, 4.19, 4.63, 1.99, 2.75, 1.38, 2.47

2.54, 1.50, 2.58, 2.90, 4.46, 2.14, 3.19, 4.25, 3.92, 1.79, 4.19, 4.63, 1.98, 2.77, 1.43, 2.47

2.74, 1.52, 2.56, 2.91, 4.43, 2.18, 3.16, 4.26, 3.93, 1.79, 4.19, 4.64, 2.00, 2.75, 1.43, 2.47

2.75, 1.53, 2.57, 2.91, 4.42, 2.12, 3.15, 4.20, 3.92, 1.77, 4.18, 4.64, 1.98, 2.75, 1.42, 2.45

2.55, 1.53, 2.56, 2.91, 4.43, 2.16, 3.19, 4.21, 3.91, 1.78, 4.20, 4.63, 1.98, 2.77, 1.43, 2.48

2.60, 1.50, 2.57, 2.89, 4.42, 2.14, 3.15, 4.22, 3.91, 1.78, 4.19, 4.63, 1.99, 2.75, 1.41, 2.46

2.55, 1.50, 2.59, 2.93, 4.44, 2.14, 3.15, 4.25, 3.91, 1.78, 4.20, 4.63, 1.99, 2.76, 1.37, 2.48

2.63, 1.52, 2.58, 2.90, 4.45, 2.13, 3.17, 4.21, 3.92, 1.80, 4.20, 4.63, 2.00, 2.76, 1.40, 2.48

2.61, 1.51, 2.58, 2.91, 4.41, 2.12, 3.16, 4.24, 3.92, 1.78, 4.19, 4.63, 1.99, 2.76, 1.43, 2.46

2.67, 1.53, 2.57, 2.90, 4.45, 2.17, 3.17, 4.25, 3.92, 1.78, 4.18, 4.64, 1.98, 2.78, 1.39, 2.47

2.76, 1.53, 2.59, 2.91, 4.43, 2.14, 3.14, 4.23, 3.92, 1.79, 4.19, 4.62, 1.98, 2.76, 1.42, 2.48

2.56, 1.53, 2.61, 2.94, 4.44, 2.17, 3.15, 4.22, 3.92, 1.77, 4.20, 4.63, 1.97, 2.77, 1.38, 2.47

2.64, 1.53, 2.55, 2.92, 4.45, 2.15, 3.16, 4.24, 3.92, 1.79, 4.18, 4.63, 1.98, 2.79, 1.39, 2.48

2.76, 1.52, 2.61, 2.91, 4.41, 2.17, 3.15, 4.31, 3.93, 1.78, 4.19, 4.64, 1.97, 2.76, 1.41, 2.47

2.62, 1.53, 2.59, 2.92, 4.46, 2.13, 3.18, 4.24, 3.92, 1.77, 4.19, 4.63, 1.97, 2.76, 1.39, 2.47

2.57, 1.51, 2.60, 2.94, 4.41, 2.16, 3.17, 4.24, 3.90, 1.77, 4.18, 4.63, 1.98, 2.77, 1.40, 2.46

2.56, 1.54, 2.62, 2.92, 4.41, 2.16, 3.15, 4.21, 3.94, 1.78, 4.19, 4.64, 1.99, 2.77, 1.43, 2.47

2.75, 1.52, 2.60, 2.91, 4.42, 2.13, 3.16, 4.23, 3.92, 1.79, 4.18, 4.64, 1.98, 2.76, 1.40, 2.46

2.72, 1.54, 2.61, 2.90, 4.44, 2.17, 3.17, 4.23, 3.91, 1.77, 4.19, 4.62, 1.99, 2.76, 1.39, 2.46

2.73, 1.54, 2.56, 2.92, 4.46, 2.14, 3.15, 4.22, 3.91, 1.78, 4.18, 4.63, 1.99, 2.75, 1.42, 2.46

2.50, 1.52, 2.63, 2.91, 4.41, 2.14, 3.16, 4.23, 3.91, 1.78, 4.19, 4.63, 1.98, 2.77, 1.40, 2.46

2.73, 1.54, 2.61, 2.92, 4.39, 2.12, 3.17, 4.19, 3.92, 1.77, 4.19, 4.64, 1.99, 2.77, 1.43, 2.48

2.54, 1.55, 2.57, 2.91, 4.44, 2.14, 3.16, 4.23, 3.92, 1.78, 4.19, 4.62, 1.98, 2.75, 1.41, 2.47

2.59, 1.52, 2.62, 2.91, 4.43, 2.15, 3.16, 4.22, 3.91, 1.79, 4.18, 4.62, 1.98, 2.77, 1.40, 2.46

2.66, 1.53, 2.62, 2.93, 4.44, 2.16, 3.19, 4.25, 3.92, 1.78, 4.18, 4.62, 1.99, 2.76, 1.39, 2.48

2.63, 1.53, 2.61, 2.93, 4.43, 2.18, 3.17, 4.22, 3.92, 1.78, 4.18, 4.63, 1.99, 2.76, 1.42, 2.47

2.74, 1.54, 2.61, 2.92, 4.45, 2.14, 3.16, 4.21, 3.90, 1.78, 4.18, 4.62, 1.97, 2.76, 1.39, 2.48

2.73, 1.52, 2.58, 2.92, 4.40, 2.14, 3.15, 4.22, 3.91, 1.78, 4.19, 4.63, 1.99, 2.76, 1.40, 2.48

2.64, 1.51, 2.56, 2.92, 4.41, 2.14, 3.17, 4.25, 3.92, 1.78, 4.19, 4.63, 2.00, 2.76, 1.39, 2.46

2.65, 1.53, 2.62, 2.93, 4.43, 2.15, 3.19, 4.24, 3.91, 1.78, 4.18, 4.63, 1.98, 2.76, 1.38, 2.47

2.55, 1.54, 2.60, 2.92, 4.46, 2.13, 3.16, 4.23, 3.91, 1.78, 4.19, 4.63, 1.98, 2.77, 1.39, 2.49

2.64, 1.52, 2.59, 2.93, 4.40, 2.15, 3.17, 4.25, 3.92, 1.79, 4.18, 4.62, 1.99, 2.76, 1.40, 2.48

2.73, 1.53, 2.59, 2.91, 4.43, 2.15, 3.16, 4.21, 3.92, 1.77, 4.19, 4.62, 1.97, 2.77, 1.39, 2.49

2.74, 1.52, 2.57, 2.94, 4.43, 2.12, 3.15, 4.20, 3.91, 1.78, 4.18, 4.64, 1.97, 2.75, 1.40, 2.48

2.74, 1.52, 2.57, 2.89, 4.44, 2.12, 3.17, 4.20, 3.91, 1.76, 4.19, 4.63, 1.98, 2.77, 1.43, 2.48

2.63, 1.52, 2.61, 2.93, 4.42, 2.13, 3.17, 4.23, 3.93, 1.78, 4.19, 4.63, 1.99, 2.76, 1.43, 2.47

2.61, 1.52, 2.59, 2.92, 4.41, 2.17, 3.15, 4.23, 3.92, 1.79, 4.19, 4.63, 1.98, 2.77, 1.39, 2.48

2.55, 1.49, 2.58, 2.93, 4.42, 2.13, 3.17, 4.23, 3.91, 1.78, 4.19, 4.62, 1.96, 2.75, 1.37, 2.47

2.63, 1.55, 2.63, 2.92, 4.42, 2.15, 3.17, 4.22, 3.91, 1.78, 4.19, 4.62, 1.98, 2.77, 1.39, 2.45

2.67, 1.53, 2.59, 2.93, 4.43, 2.11, 3.15, 4.28, 3.91, 1.78, 4.19, 4.63, 1.99, 2.76, 1.38, 2.48

2.74, 1.53, 2.61, 2.92, 4.45, 2.14, 3.17, 4.25, 3.92, 1.77, 4.17, 4.63, 1.99, 2.77, 1.41, 2.48

2.54, 1.53, 2.60, 2.91, 4.45, 2.14, 3.16, 4.24, 3.91, 1.76, 4.18, 4.63, 1.99, 2.78, 1.39, 2.46

2.73, 1.53, 2.56, 2.92, 4.46, 2.13, 3.18, 4.24, 3.92, 1.79, 4.20, 4.64, 1.97, 2.74, 1.41, 2.47

2.62, 1.50, 2.59, 2.93, 4.46, 2.14, 3.16, 4.24, 3.92, 1.77, 4.18, 4.63, 1.97, 2.77, 1.39, 2.48

2.69, 1.53, 2.56, 2.91, 4.41, 2.13, 3.16, 4.21, 3.92, 1.78, 4.18, 4.63, 1.98, 2.76, 1.45, 2.46

2.63, 1.50, 2.63, 2.93, 4.42, 2.14, 3.19, 4.23, 3.93, 1.77, 4.18, 4.62, 1.99, 2.76, 1.42, 2.47

2.66, 1.51, 2.59, 2.92, 4.43, 2.12, 3.16, 4.23, 3.91, 1.77, 4.19, 4.63, 1.98, 2.76, 1.40, 2.47

2.55, 1.53, 2.60, 2.92, 4.44, 2.15, 3.19, 4.24, 3.90, 1.78, 4.19, 4.62, 1.98, 2.77, 1.37, 2.46

2.60, 1.52, 2.61, 2.92, 4.45, 2.15, 3.16, 4.25, 3.90, 1.79, 4.18, 4.62, 1.98, 2.76, 1.39, 2.47

2.76, 1.52, 2.61, 2.90, 4.42, 2.17, 3.16, 4.23, 3.93, 1.78, 4.19, 4.62, 1.99, 2.76, 1.39, 2.48

2.74, 1.54, 2.59, 2.90, 4.45, 2.15, 3.14, 4.24, 3.91, 1.77, 4.18, 4.61, 1.98, 2.77, 1.39, 2.47

2.63, 1.51, 2.57, 2.91, 4.44, 2.12, 3.15, 4.21, 3.93, 1.78, 4.19, 4.64, 1.98, 2.76, 1.42, 2.48

2.56, 1.54, 2.57, 2.91, 4.42, 2.12, 3.16, 4.21, 3.91, 1.78, 4.18, 4.63, 2.00, 2.75, 1.41, 2.46

2.64, 1.54, 2.61, 2.94, 4.43, 2.13, 3.17, 4.22, 3.94, 1.79, 4.20, 4.64, 1.98, 2.75, 1.44, 2.46

2.65, 1.52, 2.57, 2.92, 4.42, 2.13, 3.16, 4.23, 3.92, 1.77, 4.18, 4.62, 1.98, 2.75, 1.40, 2.45

2.66, 1.53, 2.55, 2.93, 4.42, 2.16, 3.15, 4.22, 3.91, 1.79, 4.19, 4.61, 1.99, 2.74, 1.39, 2.47

2.54, 1.54, 2.59, 2.93, 4.43, 2.15, 3.14, 4.23, 3.92, 1.78, 4.19, 4.64, 1.97, 2.77, 1.41, 2.45

2.66, 1.51, 2.60, 2.91, 4.44, 2.14, 3.16, 4.23, 3.93, 1.77, 4.19, 4.63, 1.98, 2.76, 1.40, 2.46

2.59, 1.52, 2.57, 2.93, 4.42, 2.13, 3.17, 4.24, 3.93, 1.79, 4.18, 4.63, 1.99, 2.75, 1.42, 2.47

2.73, 1.53, 2.59, 2.93, 4.47, 2.13, 3.17, 4.24, 3.91, 1.77, 4.19, 4.63, 2.00, 2.77, 1.43, 2.47

2.69, 1.52, 2.56, 2.93, 4.45, 2.17, 3.16, 4.23, 3.91, 1.80, 4.19, 4.61, 1.99, 2.76, 1.42, 2.47

2.65, 1.53, 2.58, 2.90, 4.45, 2.17, 3.16, 4.23, 3.92, 1.78, 4.18, 4.63, 1.99, 2.74, 1.39, 2.46

2.75, 1.54, 2.59, 2.89, 4.45, 2.13, 3.16, 4.21, 3.93, 1.78, 4.17, 4.64, 1.98, 2.75, 1.42, 2.47

2.71, 1.51, 2.56, 2.91, 4.40, 2.14, 3.15, 4.26, 3.92, 1.77, 4.18, 4.62, 1.99, 2.75, 1.41, 2.46

2.78, 1.54, 2.63, 2.91, 4.45, 2.18, 3.17, 4.24, 3.92, 1.78, 4.20, 4.64, 1.99, 2.75, 1.41, 2.47

2.61, 1.53, 2.63, 2.93, 4.43, 2.15, 3.17, 4.25, 3.91, 1.78, 4.19, 4.63, 2.00, 2.76, 1.41, 2.47

2.74, 1.51, 2.55, 2.92, 4.42, 2.16, 3.15, 4.22, 3.92, 1.77, 4.17, 4.64, 1.98, 2.75, 1.38, 2.46

2.59, 1.53, 2.61, 2.93, 4.45, 2.12, 3.16, 4.21, 3.92, 1.78, 4.18, 4.61, 1.99, 2.75, 1.38, 2.47

2.73, 1.52, 2.60, 2.91, 4.45, 2.15, 3.16, 4.24, 3.92, 1.78, 4.17, 4.63, 1.99, 2.76, 1.41, 2.47

2.72, 1.50, 2.56, 2.92, 4.42, 2.13, 3.18, 4.21, 3.92, 1.78, 4.19, 4.63, 1.99, 2.76, 1.44, 2.47

2.71, 1.54, 2.60, 2.93, 4.43, 2.14, 3.15, 4.23, 3.92, 1.77, 4.19, 4.64, 2.00, 2.75, 1.41, 2.45

2.66, 1.53, 2.61, 2.90, 4.46, 2.15, 3.17, 4.20, 3.92, 1.79, 4.18, 4.62, 1.96, 2.76, 1.38, 2.47

2.60, 1.52, 2.56, 2.92, 4.42, 2.12, 3.17, 4.22, 3.91, 1.77, 4.18, 4.63, 2.00, 2.76, 1.38, 2.47

2.69, 1.55, 2.60, 2.92, 4.45, 2.11, 3.15, 4.24, 3.91, 1.78, 4.19, 4.63, 1.98, 2.75, 1.43, 2.45

2.62, 1.52, 2.62, 2.90, 4.45, 2.13, 3.16, 4.24, 3.92, 1.79, 4.19, 4.63, 1.99, 2.76, 1.41, 2.46

2.57, 1.52, 2.61, 2.93, 4.45, 2.15, 3.17, 4.20, 3.92, 1.77, 4.18, 4.63, 1.98, 2.76, 1.40, 2.45

2.67, 1.54, 2.58, 2.93, 4.45, 2.13, 3.17, 4.23, 3.91, 1.78, 4.18, 4.62, 1.98, 2.77, 1.40, 2.48

2.64, 1.53, 2.62, 2.91, 4.42, 2.14, 3.16, 4.22, 3.92, 1.77, 4.19, 4.62, 1.99, 2.74, 1.39, 2.49

2.60, 1.52, 2.59, 2.92, 4.43, 2.15, 3.17, 4.22, 3.92, 1.80, 4.19, 4.63, 1.99, 2.76, 1.41, 2.46

2.63, 1.51, 2.57, 2.92, 4.43, 2.13, 3.16, 4.22, 3.91, 1.79, 4.19, 4.64, 1.98, 2.76, 1.42, 2.48

2.76, 1.53, 2.59, 2.92, 4.44, 2.13, 3.16, 4.24, 3.91, 1.77, 4.19, 4.62, 1.98, 2.76, 1.39, 2.46

2.62, 1.54, 2.63, 2.92, 4.46, 2.16, 3.19, 4.30, 3.91, 1.78, 4.18, 4.65, 1.98, 2.77, 1.41, 2.46

2.73, 1.52, 2.57, 2.91, 4.45, 2.14, 3.15, 4.24, 3.92, 1.79, 4.20, 4.64, 1.98, 2.75, 1.36, 2.46

2.66, 1.51, 2.62, 2.91, 4.45, 2.12, 3.15, 4.21, 3.90, 1.79, 4.19, 4.63, 1.98, 2.75, 1.42, 2.45

2.70, 1.52, 2.59, 2.93, 4.45, 2.13, 3.16, 4.24, 3.91, 1.79, 4.19, 4.62, 1.99, 2.77, 1.38, 2.46

2.65, 1.51, 2.62, 2.90, 4.45, 2.13, 3.16, 4.21, 3.92, 1.78, 4.19, 4.63, 1.97, 2.76, 1.41, 2.47

2.62, 1.52, 2.62, 2.92, 4.43, 2.16, 3.18, 4.21, 3.92, 1.77, 4.18, 4.64, 1.98, 2.76, 1.40, 2.46

2.72, 1.53, 2.57, 2.92, 4.43, 2.15, 3.15, 4.20, 3.91, 1.78, 4.19, 4.63, 1.99, 2.76, 1.36, 2.48

2.70, 1.54, 2.56, 2.91, 4.46, 2.14, 3.16, 4.22, 3.92, 1.78, 4.18, 4.63, 1.97, 2.75, 1.41, 2.46

2.73, 1.52, 2.55, 2.91, 4.41, 2.14, 3.14, 4.24, 3.91, 1.79, 4.19, 4.63, 1.98, 2.76, 1.42, 2.47

2.64, 1.53, 2.58, 2.92, 4.45, 2.14, 3.17, 4.25, 3.91, 1.77, 4.19, 4.62, 1.97, 2.76, 1.38, 2.48

2.61, 1.54, 2.60, 2.93, 4.44, 2.15, 3.15, 4.22, 3.91, 1.79, 4.19, 4.61, 1.97, 2.77, 1.40, 2.49

2.72, 1.53, 2.56, 2.91, 4.42, 2.13, 3.17, 4.25, 3.92, 1.77, 4.20, 4.62, 1.97, 2.76, 1.41, 2.47

2.73, 1.55, 2.56, 2.93, 4.45, 2.18, 3.16, 4.23, 3.92, 1.79, 4.19, 4.62, 1.98, 2.76, 1.39, 2.46

2.75, 1.52, 2.61, 2.90, 4.44, 2.17, 3.16, 4.23, 3.91, 1.78, 4.20, 4.60, 1.97, 2.76, 1.40, 2.48

2.73, 1.55, 2.56, 2.90, 4.44, 2.15, 3.18, 4.20, 3.91, 1.78, 4.18, 4.63, 1.97, 2.77, 1.41, 2.47

2.63, 1.54, 2.60, 2.93, 4.43, 2.16, 3.17, 4.25, 3.92, 1.78, 4.19, 4.63, 1.98, 2.76, 1.39, 2.49

2.64, 1.52, 2.60, 2.91, 4.42, 2.15, 3.15, 4.21, 3.92, 1.78, 4.20, 4.64, 1.97, 2.75, 1.39, 2.48

2.66, 1.56, 2.57, 2.93, 4.45, 2.17, 3.16, 4.24, 3.92, 1.78, 4.18, 4.63, 1.98, 2.77, 1.40, 2.48

2.68, 1.52, 2.58, 2.93, 4.45, 2.15, 3.17, 4.22, 3.91, 1.78, 4.19, 4.62, 1.99, 2.76, 1.42, 2.45

2.60, 1.52, 2.59, 2.92, 4.43, 2.13, 3.18, 4.23, 3.92, 1.78, 4.20, 4.62, 1.99, 2.76, 1.43, 2.45

2.76, 1.53, 2.62, 2.91, 4.44, 2.17, 3.17, 4.22, 3.93, 1.79, 4.19, 4.63, 1.99, 2.75, 1.41, 2.45

2.67, 1.52, 2.61, 2.91, 4.45, 2.16, 3.18, 4.22, 3.92, 1.78, 4.19, 4.63, 1.99, 2.76, 1.39, 2.48

2.63, 1.54, 2.59, 2.92, 4.45, 2.15, 3.17, 4.22, 3.92, 1.78, 4.20, 4.64, 1.99, 2.77, 1.42, 2.46

2.64, 1.52, 2.62, 2.93, 4.45, 2.14, 3.17, 4.26, 3.91, 1.78, 4.18, 4.64, 2.00, 2.76, 1.39, 2.47

2.66, 1.50, 2.59, 2.92, 4.45, 2.13, 3.16, 4.22, 3.93, 1.79, 4.18, 4.63, 1.96, 2.76, 1.41, 2.46

2.75, 1.54, 2.59, 2.92, 4.41, 2.14, 3.14, 4.24, 3.91, 1.78, 4.18, 4.64, 1.98, 2.76, 1.43, 2.46

2.70, 1.55, 2.60, 2.90, 4.41, 2.13, 3.15, 4.22, 3.93, 1.79, 4.19, 4.63, 1.99, 2.77, 1.41, 2.47

2.62, 1.52, 2.62, 2.90, 4.41, 2.13, 3.16, 4.21, 3.92, 1.77, 4.19, 4.63, 1.99, 2.76, 1.43, 2.47

2.63, 1.52, 2.62, 2.92, 4.42, 2.16, 3.15, 4.22, 3.92, 1.79, 4.19, 4.63, 2.00, 2.78, 1.37, 2.47

2.63, 1.54, 2.57, 2.91, 4.43, 2.16, 3.17, 4.22, 3.92, 1.79, 4.18, 4.63, 1.97, 2.75, 1.39, 2.47

2.56, 1.53, 2.64, 2.91, 4.46, 2.14, 3.12, 4.26, 3.91, 1.78, 4.18, 4.62, 1.97, 2.77, 1.40, 2.47

2.75, 1.51, 2.55, 2.92, 4.44, 2.13, 3.16, 4.21, 3.92, 1.77, 4.18, 4.62, 1.99, 2.76, 1.38, 2.46

2.75, 1.53, 2.59, 2.91, 4.43, 2.12, 3.16, 4.22, 3.92, 1.79, 4.19, 4.64, 1.99, 2.76, 1.41, 2.47

2.64, 1.53, 2.55, 2.93, 4.45, 2.14, 3.16, 4.21, 3.91, 1.80, 4.19, 4.64, 1.98, 2.77, 1.43, 2.47

2.68, 1.55, 2.63, 2.91, 4.46, 2.14, 3.15, 4.27, 3.90, 1.78, 4.18, 4.62, 1.98, 2.77, 1.42, 2.47

2.71, 1.53, 2.61, 2.93, 4.44, 2.15, 3.17, 4.24, 3.93, 1.77, 4.18, 4.63, 1.98, 2.75, 1.44, 2.46

2.76, 1.55, 2.60, 2.93, 4.40, 2.13, 3.14, 4.20, 3.93, 1.78, 4.18, 4.61, 1.97, 2.75, 1.39, 2.46

2.70, 1.51, 2.56, 2.92, 4.43, 2.13, 3.17, 4.22, 3.92, 1.79, 4.20, 4.62, 1.98, 2.76, 1.42, 2.47

2.56, 1.53, 2.56, 2.91, 4.46, 2.14, 3.17, 4.22, 3.91, 1.78, 4.18, 4.63, 1.98, 2.77, 1.44, 2.49

2.67, 1.52, 2.56, 2.91, 4.42, 2.12, 3.18, 4.22, 3.92, 1.78, 4.19, 4.64, 1.99, 2.76, 1.43, 2.47

2.66, 1.52, 2.62, 2.92, 4.43, 2.12, 3.16, 4.25, 3.93, 1.79, 4.19, 4.63, 2.00, 2.77, 1.42, 2.47

2.60, 1.51, 2.63, 2.90, 4.44, 2.14, 3.18, 4.24, 3.92, 1.78, 4.18, 4.63, 2.00, 2.77, 1.42, 2.47

2.72, 1.52, 2.58, 2.91, 4.41, 2.13, 3.18, 4.23, 3.91, 1.78, 4.19, 4.62, 1.98, 2.76, 1.41, 2.46

2.60, 1.55, 2.59, 2.89, 4.44, 2.14, 3.16, 4.25, 3.91, 1.78, 4.19, 4.62, 1.99, 2.75, 1.41, 2.49

2.54, 1.54, 2.63, 2.91, 4.43, 2.17, 3.15, 4.21, 3.91, 1.78, 4.18, 4.63, 1.97, 2.77, 1.39, 2.45

2.51, 1.51, 2.60, 2.92, 4.42, 2.15, 3.17, 4.21, 3.92, 1.78, 4.19, 4.64, 2.00, 2.77, 1.42, 2.46

2.69, 1.55, 2.54, 2.93, 4.46, 2.12, 3.15, 4.22, 3.93, 1.79, 4.18, 4.62, 1.97, 2.76, 1.40, 2.48

2.51, 1.52, 2.58, 2.92, 4.42, 2.15, 3.18, 4.23, 3.92, 1.78, 4.18, 4.63, 1.98, 2.77, 1.39, 2.47

2.61, 1.52, 2.60, 2.90, 4.42, 2.12, 3.15, 4.23, 3.91, 1.78, 4.19, 4.61, 1.97, 2.75, 1.38, 2.48

2.62, 1.52, 2.61, 2.93, 4.45, 2.16, 3.16, 4.20, 3.91, 1.78, 4.19, 4.63, 2.01, 2.75, 1.39, 2.47

2.73, 1.52, 2.60, 2.93, 4.46, 2.15, 3.15, 4.25, 3.92, 1.77, 4.18, 4.62, 1.97, 2.77, 1.41, 2.46

2.72, 1.54, 2.60, 2.92, 4.44, 2.14, 3.15, 4.24, 3.93, 1.77, 4.20, 4.62, 1.98, 2.75, 1.38, 2.45

2.60, 1.53, 2.57, 2.91, 4.42, 2.13, 3.16, 4.21, 3.92, 1.78, 4.18, 4.63, 2.00, 2.76, 1.42, 2.46

2.57, 1.52, 2.61, 2.94, 4.41, 2.16, 3.16, 4.22, 3.90, 1.79, 4.19, 4.64, 1.99, 2.77, 1.38, 2.48

2.75, 1.55, 2.56, 2.90, 4.42, 2.14, 3.17, 4.24, 3.92, 1.78, 4.18, 4.63, 1.98, 2.77, 1.43, 2.46

