10.11, 5.36, 10.03, 12.53, 25.19, 15.32, 18.92, 14.33, 15.55, 10.40, 17.80, 23.20, 24.44, 32.47, 22.71, 20.80
10.41, 5.55, 10.20, 12.77, 25.25, 15.47, 18.74, 14.25, 15.81, 10.61, 18.06, 23.51, 24.19, 32.25, 22.21, 20.41
10.57, 5.72, 10.47, 12.96, 25.38, 15.55, 18.72, 14.26, 16.04, 10.80, 18.27, 23.77, 23.92, 31.95, 21.63, 19.96
10.87, 5.82, 10.56, 13.13, 25.45, 15.63, 18.63, 14.23, 16.30, 11.01, 18.47, 24.01, 23.55, 31.64, 21.08, 19.42
11.01, 5.98, 10.78, 13.28, 25.65, 15.85, 18.67, 14.30, 16.63, 11.23, 18.74, 24.17, 23.29, 31.30, 20.55, 18.87
11.16, 6.06, 10.92, 13.49, 25.96, 16.05, 18.92, 14.42, 16.89, 11.37, 18.98, 24.30, 23.08, 30.94, 20.05, 18.46
11.38, 6.12, 11.15, 13.62, 26.38, 16.29, 19.23, 14.62, 17.12, 11.44, 19.14, 24.28, 22.87, 30.53, 19.63, 17.96
11.45, 6.21, 11.36, 13.78, 26.72, 16.47, 19.44, 14.70, 17.31, 11.50, 19.24, 24.20, 22.59, 30.10, 19.21, 17.56
11.51, 6.30, 11.44, 13.90, 26.99, 16.62, 19.67, 14.80, 17.39, 11.50, 19.32, 24.13, 22.24, 29.69, 18.78, 17.25
11.61, 6.37, 11.59, 14.01, 27.28, 16.78, 19.81, 14.90, 17.47, 11.52, 19.29, 24.08, 21.89, 29.30, 18.36, 16.94
11.82, 6.48, 11.68, 14.15, 27.50, 16.89, 19.93, 14.86, 17.52, 11.60, 19.28, 24.06, 21.44, 28.92, 17.85, 16.60
11.77, 6.56, 11.80, 14.27, 27.80, 17.09, 20.12, 14.91, 17.62, 11.65, 19.30, 24.02, 21.02, 28.48, 17.33, 16.22
11.99, 6.66, 11.94, 14.42, 28.13, 17.29, 20.32, 15.06, 17.79, 11.71, 19.39, 24.01, 20.55, 28.01, 16.76, 15.79
11.92, 6.77, 12.07, 14.53, 28.36, 17.35, 20.30, 14.94, 18.01, 11.85, 19.54, 24.04, 20.09, 27.41, 16.09, 15.22
12.30, 6.94, 12.23, 14.68, 28.54, 17.50, 20.26, 14.93, 18.36, 12.10, 19.70, 24.13, 19.50, 26.62, 15.13, 14.39
12.51, 7.04, 12.42, 14.92, 28.87, 17.73, 20.48, 15.14, 18.88, 12.50, 20.00, 24.47, 18.82, 25.86, 14.15, 13.55
12.71, 7.13, 12.56, 15.13, 29.21, 18.00, 20.75, 15.39, 19.46, 13.02, 20.33, 24.95, 18.24, 25.22, 13.18, 12.69
12.84, 7.21, 12.76, 15.31, 29.47, 18.19, 21.02, 15.58, 20.18, 13.64, 20.88, 25.48, 17.89, 24.76, 12.38, 12.02
12.92, 7.32, 12.92, 15.50, 29.74, 18.34, 21.10, 15.70, 20.87, 14.23, 21.47, 26.17, 17.86, 24.77, 12.04, 11.79
13.11, 7.43, 13.22, 15.67, 29.87, 18.45, 21.15, 15.71, 21.42, 14.65, 22.12, 26.97, 18.04, 25.03, 12.09, 11.92
13.29, 7.53, 13.37, 15.83, 29.85, 18.49, 20.92, 15.65, 21.90, 15.06, 22.72, 27.62, 18.12, 25.23, 11.96, 11.88
13.50, 7.62, 13.55, 15.94, 29.60, 18.38, 20.40, 15.26, 22.42, 15.48, 23.23, 28.24, 18.21, 25.41, 11.91, 11.85
13.72, 7.69, 13.63, 15.96, 29.19, 18.18, 19.91, 14.97, 22.86, 15.86, 23.80, 28.88, 18.40, 25.74, 12.03, 12.06
13.50, 7.73, 13.54, 15.93, 28.67, 17.80, 19.34, 14.54, 23.28, 16.22, 24.28, 29.48, 18.63, 26.33, 12.26, 12.37
13.49, 7.76, 13.38, 15.80, 27.70, 17.36, 18.32, 13.87, 23.54, 16.59, 24.78, 30.13, 18.86, 26.96, 12.61, 12.81
13.42, 7.71, 12.98, 15.55, 26.53, 16.56, 16.99, 13.10, 23.71, 16.84, 25.08, 30.72, 19.12, 27.72, 13.05, 13.30
13.56, 7.69, 12.66, 15.23, 25.29, 15.87, 15.64, 12.23, 23.76, 17.04, 25.27, 31.18, 19.33, 28.28, 13.37, 13.75
13.26, 7.62, 12.21, 14.85, 24.40, 15.48, 14.72, 11.63, 23.74, 17.08, 25.32, 31.46, 19.58, 28.77, 13.66, 14.10
12.94, 7.37, 11.83, 14.57, 23.90, 15.19, 14.53, 11.59, 23.69, 17.04, 25.36, 31.58, 19.88, 29.18, 14.07, 14.44
12.40, 7.00, 11.39, 14.19, 23.40, 14.94, 14.41, 11.53, 23.63, 17.01, 25.49, 31.75, 20.20, 29.62, 14.39, 14.80
11.89, 6.73, 10.95, 13.78, 22.82, 14.67, 14.06, 11.33, 23.66, 17.03, 25.55, 31.87, 20.58, 30.23, 14.73, 15.20
11.77, 6.40, 10.61, 13.40, 22.16, 14.32, 13.64, 11.20, 23.55, 16.95, 25.57, 31.97, 21.06, 30.89, 15.27, 15.73
11.22, 6.11, 10.22, 12.99, 21.34, 13.79, 12.98, 10.82, 23.28, 16.81, 25.51, 32.01, 21.55, 31.68, 15.84, 16.41
11.00, 5.93, 9.85, 12.60, 20.26, 13.20, 11.99, 10.03, 22.99, 16.63, 25.41, 32.11, 21.92, 32.35, 16.33, 16.94
10.59, 5.73, 9.41, 12.20, 18.83, 12.40, 10.73, 9.04, 22.79, 16.58, 25.33, 32.30, 22.28, 33.06, 16.77, 17.48
10.12, 5.56, 8.98, 11.83, 17.56, 11.68, 9.86, 8.30, 22.77, 16.76, 25.57, 32.71, 22.68, 33.78, 17.19, 18.01
10.06, 5.40, 8.70, 11.57, 16.67, 11.26, 9.29, 7.88, 23.04, 17.04, 26.05, 33.38, 23.13, 34.55, 17.55, 18.44
9.60, 5.28, 8.49, 11.36, 15.89, 10.65, 8.83, 7.37, 23.51, 17.47, 26.68, 34.31, 23.68, 35.46, 17.97, 18.98
9.67, 5.24, 8.37, 11.18, 15.28, 10.23, 8.34, 7.01, 24.02, 17.92, 27.39, 35.23, 24.40, 36.56, 18.49, 19.70
9.40, 5.23, 8.34, 11.03, 14.92, 9.95, 8.09, 6.81, 24.44, 18.29, 28.11, 36.08, 25.02, 37.54, 18.99, 20.25
9.61, 5.20, 8.32, 10.99, 14.79, 9.88, 8.01, 6.78, 25.01, 18.74, 28.77, 36.81, 25.57, 38.41, 19.37, 20.74
9.45, 5.11, 8.26, 10.91, 15.16, 10.17, 8.35, 7.18, 25.32, 18.91, 29.24, 37.32, 26.40, 39.62, 20.16, 21.70
9.30, 4.92, 8.15, 10.77, 15.63, 10.51, 8.82, 7.63, 24.97, 18.57, 29.19, 37.18, 27.12, 40.68, 21.06, 22.68
8.88, 4.72, 8.00, 10.53, 15.99, 10.85, 9.34, 8.19, 24.17, 17.66, 28.42, 36.31, 27.61, 41.44, 21.91, 23.61
8.70, 4.38, 7.80, 10.24, 16.59, 11.09, 10.17, 8.84, 22.94, 16.51, 27.47, 34.87, 27.97, 42.00, 22.75, 24.58
8.38, 4.07, 7.51, 9.89, 17.41, 11.56, 11.35, 9.82, 21.38, 15.10, 25.90, 33.01, 28.54, 42.76, 24.18, 26.01
8.27, 3.78, 7.41, 9.71, 18.30, 12.04, 12.74, 10.89, 19.80, 13.59, 24.13, 30.81, 28.70, 42.67, 25.22, 26.95
7.85, 3.50, 7.20, 9.51, 18.95, 12.31, 13.76, 11.73, 18.42, 12.31, 22.29, 28.54, 28.31, 41.80, 25.65, 27.20
7.80, 3.36, 7.13, 9.38, 19.78, 12.79, 14.76, 12.56, 17.28, 11.24, 20.65, 26.59, 27.54, 40.39, 25.67, 27.08
7.69, 3.19, 7.19, 9.45, 21.31, 13.63, 16.57, 13.94, 16.24, 10.31, 19.03, 24.63, 26.49, 38.08, 24.95, 26.31
7.73, 3.14, 7.54, 9.67, 23.06, 14.43, 18.38, 15.31, 15.50, 9.57, 17.72, 22.91, 25.20, 35.39, 23.74, 24.80
7.98, 3.06, 7.98, 9.97, 24.89, 15.30, 20.29, 16.63, 14.88, 8.99, 16.67, 21.50, 23.71, 33.01, 22.81, 23.14
8.05, 3.03, 8.70, 10.32, 26.88, 16.25, 22.50, 17.99, 14.27, 8.52, 15.71, 20.38, 22.25, 30.65, 21.70, 21.39
8.66, 3.10, 9.72, 10.77, 28.96, 17.19, 24.61, 19.19, 13.91, 8.24, 14.86, 19.56, 20.55, 28.28, 20.03, 19.27
9.23, 3.26, 10.68, 11.28, 31.49, 18.34, 27.09, 20.69, 13.63, 8.07, 14.20, 18.91, 19.12, 26.12, 18.55, 17.34
9.79, 3.29, 11.54, 11.78, 33.91, 19.35, 29.41, 22.12, 13.44, 7.83, 13.73, 18.35, 17.85, 24.22, 17.17, 15.62
10.17, 3.43, 12.25, 12.23, 36.30, 20.39, 31.49, 23.38, 13.29, 7.63, 13.32, 17.85, 16.64, 22.49, 15.72, 14.05
10.95, 3.65, 12.89, 12.74, 38.94, 21.64, 33.83, 24.81, 13.12, 7.39, 12.93, 17.36, 15.65, 21.08, 14.45, 12.66
11.13, 3.88, 13.45, 13.30, 41.91, 23.04, 36.33, 26.51, 12.87, 7.13, 12.53, 16.80, 14.70, 19.77, 13.15, 11.16
11.98, 4.20, 14.33, 13.98, 45.77, 24.59, 39.19, 28.08, 12.40, 6.68, 11.94, 16.16, 13.34, 18.07, 11.30, 9.31
12.38, 4.66, 15.22, 14.66, 48.66, 25.80, 40.86, 28.90, 11.74, 6.21, 11.36, 15.59, 11.96, 16.55, 9.87, 8.09
13.35, 5.18, 16.15, 15.37, 50.53, 26.51, 41.21, 28.76, 11.09, 5.74, 10.58, 14.77, 10.52, 15.06, 8.52, 7.08
14.33, 5.81, 17.37, 16.19, 52.47, 26.91, 41.16, 28.11, 10.42, 5.28, 9.82, 13.88, 9.25, 13.49, 7.45, 6.29
15.32, 6.49, 18.76, 17.15, 54.47, 27.53, 41.19, 27.66, 9.84, 4.83, 9.26, 13.03, 8.19, 12.15, 6.92, 5.72
16.26, 7.12, 20.28, 18.25, 56.53, 28.19, 41.17, 27.12, 9.53, 4.57, 8.80, 12.40, 7.42, 11.02, 6.51, 5.26
17.31, 8.00, 22.29, 19.63, 57.93, 28.60, 40.19, 26.17, 9.41, 4.42, 8.72, 12.12, 7.23, 10.52, 6.53, 5.09
18.88, 9.07, 24.65, 21.33, 58.13, 28.79, 38.36, 24.82, 9.50, 4.45, 8.86, 12.13, 7.50, 10.59, 6.70, 5.06
20.08, 10.39, 26.68, 23.19, 59.34, 29.74, 37.55, 24.52, 9.68, 4.60, 9.00, 12.20, 8.09, 11.06, 7.16, 5.20
20.60, 11.29, 27.88, 24.65, 60.33, 30.93, 38.02, 25.20, 9.61, 4.55, 9.04, 12.20, 8.69, 11.74, 7.93, 5.69
20.37, 11.45, 27.61, 24.87, 60.80, 31.80, 39.22, 26.52, 9.26, 4.32, 8.75, 11.85, 9.02, 12.15, 8.69, 6.16
19.21, 10.67, 26.01, 23.67, 60.68, 32.13, 40.83, 27.92, 8.78, 3.97, 8.40, 11.26, 9.13, 12.23, 9.47, 6.67
17.67, 9.26, 23.78, 21.63, 60.28, 32.01, 43.07, 29.77, 8.21, 3.55, 7.82, 10.56, 8.71, 11.81, 10.00, 7.00
16.19, 8.05, 21.33, 19.60, 58.92, 31.55, 44.53, 31.17, 7.92, 3.33, 7.53, 10.17, 8.82, 12.08, 10.60, 7.52
14.72, 7.00, 18.84, 17.76, 56.46, 30.67, 45.01, 32.00, 7.88, 3.31, 7.66, 10.41, 10.26, 13.83, 12.22, 8.87
13.46, 6.22, 16.84, 16.22, 52.96, 29.40, 44.27, 31.93, 7.93, 3.43, 8.06, 11.00, 12.09, 16.18, 14.31, 11.18
12.34, 5.59, 15.19, 14.98, 48.95, 27.96, 42.49, 31.17, 8.15, 3.65, 8.65, 11.78, 14.12, 18.63, 16.57, 13.74
11.48, 5.12, 14.08, 14.12, 45.72, 26.78, 40.51, 30.10, 8.25, 3.79, 9.13, 12.41, 15.40, 20.19, 18.11, 15.49
11.07, 4.63, 13.26, 13.32, 43.15, 25.47, 38.68, 29.00, 8.33, 3.92, 9.38, 12.88, 16.07, 21.07, 18.95, 16.42
10.41, 4.10, 12.62, 12.58, 40.85, 24.14, 36.89, 27.83, 8.52, 4.08, 9.54, 13.25, 16.47, 21.61, 19.24, 16.89
10.19, 3.55, 12.16, 11.89, 39.18, 23.10, 35.70, 26.99, 8.78, 4.28, 9.72, 13.57, 16.79, 22.09, 19.49, 17.26
9.68, 3.22, 11.79, 11.45, 38.11, 22.60, 35.07, 26.69, 8.84, 4.32, 9.89, 13.76, 17.09, 22.40, 19.97, 17.85
9.32, 3.02, 11.54, 11.24, 37.21, 22.21, 34.42, 26.41, 8.81, 4.31, 10.01, 13.94, 17.29, 22.70, 20.37, 18.30
9.26, 2.95, 11.31, 11.19, 36.45, 22.03, 33.64, 26.13, 8.90, 4.39, 10.13, 14.11, 17.40, 22.98, 20.58, 18.60
9.25, 2.98, 11.23, 11.33, 35.94, 21.99, 33.03, 25.93, 9.01, 4.51, 10.23, 14.33, 17.47, 23.08, 20.55, 18.73
8.89, 3.09, 11.21, 11.50, 36.05, 22.28, 33.17, 26.20, 9.20, 4.67, 10.32, 14.56, 17.46, 23.14, 20.38, 18.58
9.38, 3.20, 11.35, 11.70, 36.90, 22.79, 33.92, 26.82, 9.36, 4.79, 10.35, 14.57, 17.28, 22.84, 19.83, 17.98
9.22, 3.30, 11.64, 11.89, 38.76, 23.61, 35.85, 28.14, 9.39, 4.78, 10.13, 14.26, 16.71, 22.08, 18.77, 16.93
9.66, 3.29, 12.02, 11.92, 41.40, 24.72, 39.09, 29.78, 9.12, 4.50, 9.64, 13.60, 15.77, 20.79, 17.61, 15.55
9.54, 3.27, 12.34, 11.95, 43.70, 25.73, 41.79, 31.39, 8.53, 4.05, 8.91, 12.74, 14.39, 19.22, 16.25, 13.98
9.69, 3.23, 12.70, 12.06, 46.23, 26.83, 45.01, 33.34, 7.88, 3.50, 7.91, 11.59, 12.56, 17.22, 14.47, 12.00
9.42, 3.14, 13.06, 12.22, 49.29, 28.03, 48.19, 35.70, 7.28, 2.92, 6.59, 10.08, 10.17, 14.54, 12.64, 9.98
9.47, 3.19, 13.40, 12.50, 52.13, 29.38, 51.11, 38.04, 6.60, 2.48, 5.67, 8.93, 8.44, 12.59, 11.62, 9.05
9.41, 3.39, 13.63, 12.92, 54.77, 31.06, 53.86, 40.43, 6.29, 2.21, 5.30, 8.43, 7.80, 12.14, 11.91, 9.45
9.62, 3.70, 13.82, 13.38, 56.41, 32.36, 55.25, 41.82, 6.15, 2.19, 5.25, 8.49, 7.96, 12.58, 12.44, 9.99
9.67, 4.05, 13.91, 13.76, 57.41, 33.40, 56.31, 42.89, 6.37, 2.39, 5.35, 8.73, 8.64, 13.46, 12.94, 10.39
9.95, 4.21, 13.86, 13.99, 57.69, 33.83, 56.42, 43.26, 6.72, 2.64, 5.72, 9.08, 9.41, 14.24, 13.50, 10.89
9.94, 4.24, 13.82, 13.97, 56.91, 33.28, 55.24, 42.28, 6.95, 2.73, 6.06, 9.34, 9.85, 14.61, 13.69, 11.09
9.91, 4.14, 13.83, 13.77, 55.82, 32.33, 53.75, 40.98, 7.07, 2.78, 6.18, 9.39, 9.78, 14.46, 13.33, 10.75
10.01, 3.98, 13.78, 13.41, 54.94, 31.46, 52.64, 39.94, 7.17, 2.84, 6.15, 9.38, 9.61, 14.31, 12.94, 10.47
9.66, 3.78, 13.66, 13.14, 53.92, 30.56, 51.54, 38.95, 7.19, 2.88, 6.18, 9.55, 9.67, 14.52, 13.08, 10.74
9.69, 3.62, 13.40, 12.91, 52.77, 29.77, 50.14, 37.97, 7.21, 2.97, 6.33, 9.80, 10.14, 15.33, 13.80, 11.51
9.50, 3.51, 13.21, 12.74, 51.62, 29.07, 48.90, 37.17, 7.28, 3.01, 6.55, 10.10, 10.92, 16.25, 14.67, 12.50
9.36, 3.49, 12.90, 12.63, 50.27, 28.62, 47.56, 36.43, 7.33, 3.09, 6.82, 10.43, 11.78, 17.19, 15.58, 13.45
9.15, 3.43, 12.69, 12.51, 48.85, 28.05, 46.14, 35.75, 7.39, 3.21, 7.15, 10.89, 12.39, 17.99, 16.20, 14.26
9.07, 3.39, 12.45, 12.43, 47.07, 27.46, 44.27, 34.69, 7.60, 3.39, 7.64, 11.57, 12.92, 18.80, 16.60, 14.86
8.98, 3.35, 12.10, 12.36, 45.08, 26.58, 42.09, 33.28, 7.96, 3.72, 8.18, 12.36, 13.27, 19.40, 16.55, 15.04
8.97, 3.39, 12.07, 12.41, 42.13, 25.03, 38.17, 30.38, 8.54, 4.21, 8.80, 13.16, 13.34, 19.61, 15.76, 14.42
9.78, 3.79, 12.47, 12.67, 37.96, 22.78, 32.65, 26.05, 9.33, 4.85, 9.63, 14.03, 13.41, 19.74, 14.82, 13.66
11.36, 4.73, 12.93, 13.36, 33.89, 20.85, 27.73, 22.04, 10.28, 5.67, 10.70, 15.14, 13.66, 20.11, 14.18, 13.12
12.84, 5.85, 13.60, 14.42, 31.87, 20.15, 24.98, 19.95, 11.47, 6.62, 11.95, 16.42, 14.23, 20.91, 13.75, 13.02
13.69, 6.90, 14.54, 15.70, 31.91, 20.74, 24.23, 19.54, 12.76, 7.63, 13.22, 17.83, 15.13, 21.96, 13.92, 13.34
14.86, 7.95, 15.71, 17.05, 32.26, 21.47, 23.59, 19.05, 13.90, 8.61, 14.36, 19.06, 15.90, 22.79, 13.88, 13.55
16.10, 9.21, 17.02, 18.56, 32.45, 21.89, 22.38, 18.08, 15.06, 9.60, 15.53, 20.29, 16.53, 23.51, 13.48, 13.39
17.55, 10.59, 18.71, 20.38, 32.41, 22.26, 21.12, 17.12, 16.36, 10.66, 16.92, 21.85, 17.06, 24.14, 12.97, 12.94
19.18, 11.91, 20.52, 22.18, 31.67, 21.81, 19.40, 15.75, 17.77, 11.82, 18.45, 23.53, 17.51, 24.68, 12.44, 12.43
20.94, 13.29, 22.11, 23.73, 31.23, 21.57, 18.07, 14.63, 19.32, 13.06, 20.19, 25.30, 18.01, 25.09, 12.22, 12.00
21.29, 13.76, 23.09, 24.59, 31.94, 21.93, 18.65, 15.13, 20.35, 13.77, 21.16, 26.23, 18.16, 24.97, 11.86, 11.49
20.99, 13.26, 23.05, 24.22, 32.61, 22.19, 19.61, 15.89, 20.57, 13.79, 21.17, 26.02, 17.95, 24.39, 11.50, 11.03
19.74, 12.22, 22.00, 22.95, 32.91, 22.16, 20.63, 16.61, 19.81, 12.95, 20.27, 25.13, 17.54, 23.68, 11.54, 10.95
18.57, 11.04, 20.59, 21.50, 32.80, 21.75, 21.59, 17.18, 18.56, 11.81, 19.14, 24.04, 16.80, 22.87, 11.46, 10.91
17.61, 10.12, 19.28, 20.17, 32.46, 21.28, 21.94, 17.28, 17.57, 11.05, 18.05, 23.00, 16.08, 22.14, 11.04, 10.54
16.84, 9.51, 18.37, 19.26, 32.01, 20.73, 22.07, 17.14, 16.96, 10.59, 17.29, 22.23, 15.36, 21.44, 10.53, 10.07
16.46, 9.21, 17.70, 18.73, 31.38, 20.11, 21.59, 16.55, 16.66, 10.35, 16.84, 21.71, 14.74, 20.73, 9.80, 9.38
16.60, 9.26, 17.33, 18.53, 30.80, 19.76, 20.94, 15.99, 16.71, 10.33, 16.60, 21.42, 14.51, 20.35, 9.35, 8.95
16.59, 9.45, 17.43, 18.75, 30.47, 19.70, 20.53, 15.71, 16.82, 10.33, 16.65, 21.33, 14.53, 20.17, 9.19, 8.71
16.75, 9.74, 17.71, 19.22, 30.69, 19.80, 20.32, 15.57, 16.94, 10.38, 16.71, 21.31, 14.48, 19.97, 9.05, 8.51
17.25, 10.15, 18.33, 19.81, 31.00, 20.04, 20.21, 15.45, 17.03, 10.48, 16.81, 21.42, 14.41, 19.91, 8.91, 8.45
17.89, 10.66, 19.16, 20.52, 31.29, 20.28, 20.04, 15.30, 17.16, 10.67, 16.98, 21.74, 14.31, 19.96, 8.77, 8.38
18.59, 11.15, 20.00, 21.27, 31.50, 20.37, 19.65, 14.99, 17.36, 10.94, 17.26, 22.12, 14.18, 20.00, 8.62, 8.28
19.20, 11.76, 20.93, 22.04, 31.73, 20.52, 19.26, 14.68, 17.71, 11.36, 17.70, 22.61, 14.33, 20.27, 8.67, 8.33
19.69, 12.24, 21.75, 22.69, 31.95, 20.61, 19.10, 14.59, 18.13, 11.79, 18.39, 23.15, 14.76, 20.68, 9.02, 8.57
20.19, 12.58, 22.46, 23.22, 32.03, 20.58, 18.94, 14.44, 18.67, 12.22, 19.02, 23.79, 15.19, 21.10, 9.27, 8.74
20.60, 12.78, 22.71, 23.42, 31.57, 20.32, 18.40, 14.13, 19.26, 12.73, 19.64, 24.48, 15.55, 21.47, 9.45, 8.87
20.86, 12.90, 22.68, 23.30, 30.54, 19.77, 17.57, 13.55, 19.83, 13.22, 20.25, 25.07, 15.83, 21.85, 9.62, 8.96
20.52, 12.80, 22.00, 22.79, 29.06, 19.06, 16.57, 12.73, 20.41, 13.78, 20.91, 25.82, 16.21, 22.50, 9.88, 9.30
20.17, 12.39, 21.17, 22.18, 28.71, 19.03, 16.75, 12.96, 20.83, 14.26, 21.42, 26.57, 16.75, 23.43, 10.46, 9.97
19.19, 11.75, 20.30, 21.58, 28.46, 19.05, 17.13, 13.40, 20.98, 14.46, 21.70, 27.03, 17.21, 24.14, 10.99, 10.64
18.31, 11.18, 19.27, 20.72, 28.02, 18.93, 17.13, 13.59, 21.00, 14.47, 21.77, 27.18, 17.43, 24.61, 11.36, 11.10
17.73, 10.67, 18.33, 19.99, 27.42, 18.68, 16.97, 13.55, 20.84, 14.37, 21.67, 27.05, 17.51, 24.85, 11.57, 11.36
17.25, 10.18, 17.47, 19.29, 26.86, 18.41, 16.73, 13.44, 20.64, 14.21, 21.44, 26.83, 17.68, 25.11, 11.89, 11.74
16.56, 9.77, 16.60, 18.51, 26.45, 18.22, 16.66, 13.49, 20.20, 13.79, 21.10, 26.47, 18.21, 25.73, 12.84, 12.69
16.00, 9.32, 15.82, 17.83, 26.13, 17.99, 16.74, 13.60, 19.61, 13.10, 20.56, 25.93, 18.60, 26.12, 13.78, 13.56
15.41, 9.00, 15.27, 17.30, 25.91, 17.86, 16.77, 13.66, 19.06, 12.44, 19.93, 25.22, 18.78, 26.30, 14.37, 14.13
14.90, 8.77, 14.78, 16.84, 26.00, 17.89, 17.22, 14.03, 18.51, 12.01, 19.39, 24.66, 19.08, 26.79, 15.24, 15.11
14.46, 8.45, 14.28, 16.43, 26.33, 18.11, 18.03, 14.70, 17.87, 11.50, 18.90, 24.16, 19.39, 27.32, 16.18, 16.11
14.25, 8.15, 13.94, 16.11, 26.70, 18.29, 18.82, 15.29, 17.31, 11.04, 18.36, 23.56, 19.47, 27.45, 16.65, 16.61
13.82, 7.94, 13.61, 15.77, 27.01, 18.42, 19.44, 15.70, 16.86, 10.67, 17.88, 23.06, 19.49, 27.49, 17.01, 16.96
13.66, 7.67, 13.35, 15.50, 27.68, 18.84, 20.47, 16.36, 16.51, 10.37, 17.47, 22.66, 19.57, 27.49, 17.34, 17.20
13.27, 7.39, 13.14, 15.25, 28.57, 19.33, 21.83, 17.26, 16.19, 10.09, 17.08, 22.20, 19.68, 27.47, 17.73, 17.38
13.00, 7.05, 12.90, 15.00, 29.93, 20.11, 23.50, 18.42, 15.87, 9.76, 16.70, 21.71, 19.90, 27.38, 18.20, 17.67
12.24, 6.59, 12.62, 14.67, 31.68, 20.92, 25.74, 20.00, 15.43, 9.36, 16.19, 21.16, 20.12, 27.43, 18.96, 18.23
11.62, 5.92, 12.24, 14.23, 33.09, 21.52, 27.81, 21.59, 14.85, 8.87, 15.59, 20.52, 20.29, 27.39, 19.84, 18.96
10.89, 5.30, 11.76, 13.73, 34.10, 21.86, 29.38, 22.73, 14.20, 8.38, 14.86, 19.81, 20.19, 27.14, 20.47, 19.41
10.12, 4.58, 11.25, 13.16, 34.65, 21.89, 30.73, 23.75, 13.54, 7.85, 14.11, 19.05, 19.89, 26.65, 20.80, 19.65
9.31, 3.82, 10.69, 12.55, 35.34, 22.06, 32.23, 24.89, 12.95, 7.41, 13.42, 18.37, 19.51, 26.14, 21.05, 19.80
8.71, 3.06, 10.29, 11.90, 35.73, 22.03, 33.58, 25.83, 12.48, 7.03, 12.90, 17.84, 19.15, 25.74, 21.15, 19.87
7.99, 2.44, 9.88, 11.29, 35.75, 21.88, 34.39, 26.51, 12.11, 6.74, 12.49, 17.43, 18.85, 25.29, 21.05, 19.78
7.60, 1.98, 9.38, 10.72, 35.83, 21.89, 35.33, 27.22, 11.83, 6.48, 12.14, 17.07, 18.72, 24.91, 21.07, 19.75
7.22, 1.60, 9.14, 10.31, 35.98, 22.07, 36.24, 28.05, 11.48, 6.19, 11.89, 16.81, 18.65, 24.75, 21.41, 20.01
6.86, 1.43, 8.75, 9.97, 35.99, 22.16, 36.79, 28.70, 11.07, 5.92, 11.66, 16.52, 18.49, 24.50, 21.55, 20.10
6.53, 1.43, 8.63, 9.68, 36.11, 22.31, 37.37, 29.25, 10.72, 5.69, 11.40, 16.27, 18.34, 24.27, 21.65, 20.20
6.09, 1.45, 8.50, 9.38, 36.23, 22.41, 37.84, 29.66, 10.34, 5.47, 11.21, 16.10, 18.41, 24.35, 22.26, 20.76
6.13, 1.47, 8.47, 9.16, 36.02, 22.42, 37.77, 29.74, 10.00, 5.22, 11.08, 15.95, 18.53, 24.44, 22.75, 21.28
5.96, 1.46, 8.36, 9.02, 35.47, 22.11, 37.02, 29.39, 9.78, 5.08, 10.98, 15.90, 18.74, 24.74, 23.29, 21.84
5.81, 1.45, 8.31, 9.00, 34.78, 21.79, 36.00, 28.67, 9.64, 4.98, 10.99, 15.92, 19.06, 25.25, 23.99, 22.45
5.89, 1.45, 8.26, 9.05, 34.18, 21.54, 35.07, 27.95, 9.70, 5.01, 11.13, 16.04, 19.37, 25.80, 24.45, 22.95
5.96, 1.47, 8.29, 9.17, 33.56, 21.21, 33.79, 27.06, 10.02, 5.18, 11.41, 16.26, 19.69, 26.42, 24.67, 23.26
6.23, 1.44, 8.45, 9.39, 32.97, 20.85, 32.21, 26.05, 10.59, 5.53, 11.78, 16.60, 19.98, 27.08, 24.60, 23.41
6.79, 1.48, 8.57, 9.73, 32.30, 20.40, 30.54, 24.96, 11.11, 5.92, 12.17, 16.96, 20.17, 27.53, 24.21, 23.20
7.40, 1.67, 8.68, 10.17, 31.55, 19.94, 28.98, 23.93, 11.56, 6.39, 12.56, 17.33, 20.28, 27.82, 23.55, 22.79
7.97, 2.00, 8.97, 10.54, 31.06, 19.69, 27.78, 23.02, 12.21, 6.85, 13.03, 17.78, 20.61, 28.34, 23.15, 22.54
8.35, 2.35, 9.33, 10.87, 30.84, 19.51, 27.04, 22.30, 12.79, 7.36, 13.52, 18.32, 20.92, 28.87, 22.78, 22.38
8.95, 2.68, 9.67, 11.22, 30.81, 19.51, 26.61, 21.82, 13.41, 7.85, 14.02, 18.90, 21.14, 29.45, 22.02, 21.95
9.35, 3.14, 10.08, 11.55, 31.10, 19.69, 26.34, 21.46, 13.95, 8.42, 14.55, 19.59, 21.49, 30.09, 21.54, 21.68
9.75, 3.49, 10.39, 11.91, 31.27, 19.80, 26.09, 21.20, 14.48, 8.89, 15.17, 20.38, 21.94, 30.81, 21.41, 21.77
10.47, 3.80, 10.63, 12.23, 31.11, 19.73, 25.66, 20.92, 14.97, 9.34, 15.81, 21.13, 22.32, 31.39, 21.22, 21.74
10.49, 4.15, 10.77, 12.50, 30.42, 19.42, 24.69, 20.23, 15.45, 9.78, 16.41, 21.76, 22.61, 31.88, 20.94, 21.58
11.04, 4.55, 10.85, 12.74, 29.66, 19.16, 23.80, 19.58, 15.85, 10.14, 16.91, 22.38, 22.79, 32.26, 20.73, 21.43
11.09, 4.88, 10.93, 13.01, 29.43, 19.21, 23.49, 19.41, 16.17, 10.43, 17.33, 22.88, 22.83, 32.51, 20.39, 21.30
11.22, 5.01, 10.96, 13.13, 29.22, 19.25, 23.39, 19.35, 16.34, 10.60, 17.54, 23.16, 22.65, 32.32, 20.06, 20.98
11.25, 5.09, 10.94, 13.15, 28.94, 19.06, 23.06, 19.07, 16.36, 10.60, 17.51, 23.08, 22.12, 31.54, 19.43, 20.26
11.38, 5.12, 10.92, 13.12, 28.64, 18.71, 22.72, 18.73, 16.25, 10.46, 17.25, 22.65, 21.27, 30.17, 18.52, 19.24
11.52, 5.16, 11.00, 13.12, 28.54, 18.58, 22.54, 18.51, 16.14, 10.35, 16.97, 22.29, 20.20, 28.55, 17.39, 17.95
11.58, 5.22, 11.02, 13.17, 28.46, 18.55, 22.47, 18.39, 16.22, 10.41, 16.81, 22.17, 19.54, 27.70, 16.70, 17.15
11.66, 5.41, 11.01, 13.34, 28.82, 18.81, 22.69, 18.52, 16.30, 10.46, 16.91, 22.35, 19.66, 27.77, 16.88, 17.27
11.58, 5.51, 11.28, 13.56, 29.71, 19.39, 23.55, 19.20, 16.28, 10.50, 16.97, 22.42, 20.02, 28.09, 17.35, 17.55
11.53, 5.45, 11.51, 13.71, 30.96, 20.09, 24.90, 20.22, 16.20, 10.34, 16.98, 22.30, 20.32, 28.10, 17.85, 17.81
11.44, 5.33, 11.50, 13.76, 31.66, 20.42, 25.74, 20.80, 15.98, 10.14, 16.76, 22.00, 20.24, 27.85, 17.98, 17.79
11.32, 5.27, 11.46, 13.69, 32.03, 20.67, 26.25, 21.15, 15.71, 9.88, 16.36, 21.68, 19.91, 27.42, 17.81, 17.65
11.02, 5.06, 11.39, 13.57, 32.34, 20.74, 26.79, 21.38, 15.39, 9.59, 15.95, 21.22, 19.42, 26.80, 17.45, 17.29
11.11, 4.91, 11.44, 13.46, 32.68, 20.75, 27.04, 21.40, 15.13, 9.33, 15.59, 20.80, 18.99, 26.12, 17.01, 16.85
10.94, 4.83, 11.57, 13.33, 32.71, 20.49, 26.90, 21.15, 14.94, 9.15, 15.29, 20.42, 18.28, 25.24, 16.33, 15.92
11.11, 4.96, 11.68, 13.41, 32.46, 20.29, 26.40, 20.71, 14.99, 9.13, 15.14, 20.21, 17.36, 24.08, 15.09, 14.57
11.51, 5.16, 11.92, 13.73, 32.76, 20.55, 26.33, 20.61, 15.32, 9.28, 15.17, 20.18, 16.73, 23.24, 14.12, 13.56
12.11, 5.51, 12.24, 14.11, 33.40, 20.96, 26.43, 20.64, 15.58, 9.48, 15.56, 20.44, 16.51, 22.90, 13.59, 13.06
12.51, 5.95, 12.82, 14.57, 34.22, 21.50, 26.46, 20.69, 16.02, 9.87, 16.07, 20.89, 16.29, 22.64, 12.98, 12.44
12.93, 6.36, 13.39, 15.05, 35.09, 22.06, 26.59, 20.73, 16.57, 10.38, 16.77, 21.44, 16.14, 22.42, 12.30, 11.84
13.62, 6.69, 13.97, 15.56, 35.93, 22.50, 26.74, 20.78, 17.23, 10.93, 17.43, 22.17, 15.95, 22.11, 11.45, 11.08
14.02, 7.01, 14.53, 16.04, 36.56, 22.76, 26.63, 20.64, 17.96, 11.47, 18.20, 22.88, 15.89, 21.89, 10.80, 10.55
14.41, 7.31, 14.92, 16.46, 36.56, 22.79, 26.10, 20.26, 18.65, 12.01, 19.04, 23.72, 16.29, 22.18, 10.79, 10.52
14.90, 7.57, 15.37, 16.82, 35.69, 22.19, 24.85, 19.27, 19.25, 12.48, 19.80, 24.45, 16.68, 22.51, 10.89, 10.56
15.14, 7.83, 15.61, 17.08, 35.26, 22.01, 24.26, 18.91, 19.75, 12.91, 20.33, 25.05, 16.93, 22.70, 10.83, 10.44
15.22, 7.87, 15.83, 17.28, 35.20, 22.02, 24.21, 18.95, 20.16, 13.25, 20.74, 25.49, 17.08, 22.81, 10.77, 10.37
15.18, 7.92, 15.66, 17.24, 34.77, 21.75, 23.81, 18.66, 20.35, 13.40, 20.93, 25.65, 17.05, 22.73, 10.60, 10.23
15.26, 7.92, 15.67, 17.14, 34.07, 21.28, 23.26, 18.26, 20.27, 13.33, 20.83, 25.49, 17.00, 22.73, 10.59, 10.25
15.08, 7.96, 15.43, 17.02, 33.11, 20.71, 22.36, 17.75, 19.97, 13.12, 20.54, 25.25, 16.97, 22.77, 10.77, 10.45
15.12, 8.02, 15.13, 16.85, 32.05, 20.17, 21.54, 17.22, 19.63, 12.88, 20.18, 25.04, 16.98, 23.01, 11.07, 10.74
14.98, 8.10, 14.78, 16.71, 31.57, 20.05, 21.32, 17.06, 19.34, 12.67, 19.85, 24.80, 16.96, 23.09, 11.15, 10.94
14.76, 7.96, 14.57, 16.58, 31.24, 19.98, 21.34, 17.05, 19.13, 12.48, 19.56, 24.58, 16.94, 23.17, 11.29, 11.12
14.69, 7.89, 14.35, 16.40, 31.07, 19.90, 21.32, 17.10, 18.97, 12.33, 19.41, 24.40, 17.01, 23.32, 11.53, 11.35
14.40, 7.75, 14.14, 16.25, 31.30, 20.11, 21.71, 17.39, 18.81, 12.17, 19.21, 24.24, 17.53, 24.08, 12.53, 12.25
14.27, 7.54, 14.04, 16.05, 32.33, 20.62, 23.08, 18.48, 18.18, 11.68, 18.88, 23.87, 18.36, 25.01, 14.16, 13.88
13.65, 7.24, 13.62, 15.75, 33.21, 21.07, 24.46, 19.44, 17.22, 10.84, 18.20, 23.04, 18.71, 25.35, 15.30, 15.03
13.16, 6.89, 13.15, 15.30, 33.90, 21.55, 25.75, 20.28, 16.36, 10.13, 17.30, 22.06, 18.64, 25.30, 15.87, 15.62
12.40, 6.34, 12.76, 14.82, 34.55, 21.82, 27.18, 21.11, 15.65, 9.51, 16.49, 21.24, 18.31, 25.01, 16.23, 15.97
12.00, 5.82, 12.32, 14.31, 34.97, 21.89, 28.26, 21.76, 15.07, 9.01, 15.76, 20.43, 17.83, 24.52, 16.12, 15.86
11.28, 5.37, 11.88, 13.88, 35.50, 22.07, 29.33, 22.45, 14.74, 8.71, 15.16, 19.82, 17.29, 23.87, 15.57, 15.38
11.06, 4.88, 11.69, 13.54, 36.10, 22.27, 30.36, 23.09, 14.52, 8.46, 14.75, 19.32, 16.81, 23.04, 14.79, 14.69
10.62, 4.63, 11.50, 13.30, 36.50, 22.35, 30.92, 23.56, 14.42, 8.29, 14.45, 18.91, 16.24, 22.26, 14.12, 13.84
10.62, 4.47, 11.54, 13.26, 37.00, 22.52, 31.34, 23.83, 14.32, 8.22, 14.25, 18.66, 15.72, 21.61, 13.43, 13.05
10.60, 4.42, 11.62, 13.28, 37.65, 22.83, 31.84, 24.16, 14.29, 8.16, 14.16, 18.56, 15.36, 21.21, 12.92, 12.44
10.70, 4.54, 11.79, 13.45, 38.15, 23.12, 31.97, 24.25, 14.28, 8.13, 14.19, 18.56, 15.20, 20.92, 12.67, 12.10
11.20, 4.75, 12.04, 13.74, 38.48, 23.28, 31.81, 24.21, 14.39, 8.22, 14.32, 18.67, 15.20, 20.96, 12.60, 11.97
11.40, 5.01, 12.35, 14.06, 39.04, 23.72, 32.02, 24.40, 14.54, 8.35, 14.53, 18.94, 15.49, 21.31, 12.88, 12.30
11.47, 5.24, 12.57, 14.37, 39.57, 24.12, 32.23, 24.64, 14.70, 8.55, 14.78, 19.29, 15.76, 21.74, 13.12, 12.54
11.67, 5.49, 12.82, 14.64, 39.81, 24.39, 32.14, 24.63, 14.93, 8.79, 15.06, 19.63, 16.01, 22.11, 13.27, 12.79
11.88, 5.62, 12.96, 14.77, 39.80, 24.45, 31.80, 24.49, 15.17, 9.03, 15.43, 19.93, 16.35, 22.61, 13.59, 13.16
12.13, 5.76, 13.11, 14.87, 39.11, 24.14, 30.91, 23.80, 15.41, 9.27, 15.78, 20.32, 16.67, 23.16, 13.97, 13.55
12.44, 5.92, 13.11, 14.97, 37.72, 23.31, 29.40, 22.61, 15.77, 9.58, 16.16, 20.78, 17.11, 23.78, 14.29, 13.96
12.78, 6.10, 13.07, 14.99, 36.74, 22.85, 28.25, 21.88, 16.12, 9.88, 16.58, 21.25, 17.88, 24.73, 15.11, 14.84
12.63, 6.14, 13.02, 15.01, 36.23, 22.62, 27.76, 21.72, 16.39, 10.08, 16.96, 21.68, 18.73, 25.81, 16.07, 15.89
12.53, 6.07, 12.72, 14.88, 35.60, 22.41, 27.49, 21.61, 16.51, 10.21, 17.24, 21.99, 19.48, 26.82, 16.94, 16.92
12.22, 5.90, 12.29, 14.55, 34.65, 21.89, 26.95, 21.39, 16.46, 10.21, 17.33, 22.13, 20.38, 28.15, 18.13, 18.31
11.83, 5.62, 11.72, 14.10, 33.31, 21.20, 26.23, 20.95, 16.08, 10.02, 17.16, 22.10, 21.08, 29.47, 19.32, 19.77
11.32, 5.32, 11.20, 13.59, 31.90, 20.52, 25.55, 20.55, 15.60, 9.64, 16.79, 21.80, 21.61, 30.52, 20.39, 21.08
10.87, 4.97, 10.66, 13.10, 30.51, 19.80, 24.83, 20.21, 15.06, 9.23, 16.25, 21.43, 21.91, 31.27, 21.26, 22.14
10.28, 4.59, 10.09, 12.54, 29.06, 19.05, 24.04, 19.78, 14.54, 8.77, 15.73, 20.94, 22.05, 31.69, 21.87, 22.90
9.72, 4.18, 9.60, 12.10, 27.85, 18.33, 23.39, 19.35, 14.07, 8.45, 15.33, 20.50, 22.15, 31.99, 22.49, 23.56
9.03, 3.87, 9.14, 11.70, 26.82, 17.75, 22.82, 18.94, 13.73, 8.16, 15.03, 20.14, 22.37, 32.22, 23.13, 24.07
8.81, 3.62, 8.88, 11.36, 26.12, 17.33, 22.29, 18.61, 13.56, 7.99, 14.88, 19.91, 22.65, 32.50, 23.59, 24.44
8.60, 3.45, 8.50, 11.05, 25.52, 16.93, 21.83, 18.16, 13.51, 7.89, 14.82, 19.79, 23.05, 32.90, 24.19, 24.91
8.31, 3.31, 8.33, 10.87, 25.11, 16.61, 21.38, 17.91, 13.44, 7.86, 14.81, 19.81, 23.47, 33.43, 24.77, 25.43
8.29, 3.27, 8.16, 10.71, 24.77, 16.43, 21.01, 17.64, 13.39, 7.86, 14.85, 19.93, 23.92, 34.09, 25.43, 26.02
8.19, 3.31, 8.03, 10.64, 24.51, 16.30, 20.67, 17.37, 13.36, 7.88, 14.86, 20.07, 24.40, 34.81, 26.15, 26.68
8.21, 3.30, 7.98, 10.60, 24.36, 16.25, 20.50, 17.24, 13.32, 7.91, 14.90, 20.21, 24.88, 35.50, 26.72, 27.30
8.17, 3.37, 7.95, 10.60, 24.23, 16.20, 20.35, 17.12, 13.27, 7.90, 14.92, 20.25, 25.25, 35.94, 27.27, 27.77
8.02, 3.38, 7.91, 10.57, 24.32, 16.23, 20.42, 17.16, 13.15, 7.80, 14.86, 20.08, 25.36, 35.98, 27.52, 27.87
8.18, 3.43, 8.03, 10.59, 24.50, 16.28, 20.61, 17.22, 13.03, 7.70, 14.73, 19.89, 25.10, 35.47, 27.28, 27.48
8.16, 3.41, 8.11, 10.64, 24.93, 16.53, 21.08, 17.53, 12.93, 7.64, 14.60, 19.67, 24.68, 34.85, 26.83, 26.98
8.35, 3.40, 8.27, 10.73, 25.70, 16.96, 21.95, 18.17, 12.82, 7.59, 14.49, 19.59, 24.51, 34.60, 26.73, 26.84
8.14, 3.36, 8.50, 10.91, 26.67, 17.48, 23.10, 18.99, 12.66, 7.51, 14.33, 19.41, 24.30, 34.18, 26.60, 26.60
8.26, 3.35, 8.69, 11.03, 27.50, 17.88, 23.99, 19.51, 12.56, 7.43, 14.20, 19.31, 24.02, 33.70, 26.30, 26.20
8.03, 3.27, 8.88, 11.12, 28.32, 18.42, 25.00, 20.07, 12.55, 7.45, 14.15, 19.28, 23.64, 33.07, 25.55, 25.63
7.94, 3.17, 9.06, 11.17, 28.87, 18.78, 25.65, 20.50, 12.66, 7.55, 14.13, 19.41, 23.22, 32.40, 24.63, 24.85
8.15, 3.14, 9.04, 11.21, 29.03, 18.83, 25.78, 20.59, 12.94, 7.74, 14.28, 19.60, 22.94, 32.02, 23.81, 24.08
8.14, 3.13, 9.00, 11.19, 28.84, 18.64, 25.49, 20.38, 13.24, 7.96, 14.52, 19.80, 22.77, 31.88, 23.31, 23.56
8.17, 3.13, 9.02, 11.21, 28.42, 18.48, 24.97, 20.06, 13.62, 8.24, 14.96, 20.13, 22.63, 31.64, 22.71, 22.88
8.31, 3.20, 9.08, 11.30, 28.00, 18.18, 24.41, 19.70, 14.11, 8.57, 15.44, 20.50, 22.39, 31.32, 21.96, 22.08
8.51, 3.35, 9.15, 11.41, 27.15, 17.69, 23.22, 18.80, 14.71, 9.04, 15.98, 21.05, 22.09, 30.93, 21.06, 21.14
9.25, 3.68, 9.25, 11.57, 25.88, 16.78, 21.29, 17.47, 15.39, 9.59, 16.66, 21.79, 22.07, 31.03, 20.49, 20.64
9.63, 4.22, 9.59, 11.86, 24.38, 15.92, 19.29, 16.08, 16.06, 10.21, 17.51, 22.78, 22.55, 31.78, 20.27, 20.49
10.53, 4.82, 9.92, 12.33, 23.85, 15.95, 18.51, 15.37, 16.77, 10.91, 18.54, 23.96, 23.14, 32.80, 20.11, 20.58
10.72, 5.26, 10.37, 12.84, 24.15, 16.37, 18.55, 15.38, 17.52, 11.59, 19.54, 25.14, 23.60, 33.66, 19.97, 20.57
11.23, 5.69, 10.74, 13.21, 24.38, 16.69, 18.37, 15.29, 18.14, 12.18, 20.43, 26.09, 23.76, 34.05, 19.67, 20.36
11.64, 5.99, 11.10, 13.50, 24.46, 16.85, 18.09, 15.02, 18.58, 12.56, 21.06, 26.75, 23.47, 33.80, 19.19, 19.92
11.93, 6.27, 11.25, 13.68, 24.18, 16.70, 17.52, 14.62, 18.96, 12.94, 21.46, 27.25, 22.85, 33.20, 18.49, 19.18
12.19, 6.54, 11.32, 13.85, 23.22, 16.15, 16.36, 13.66, 19.23, 13.21, 21.78, 27.61, 22.59, 32.81, 18.13, 18.80
12.56, 6.87, 11.39, 13.97, 22.57, 15.76, 15.11, 12.75, 19.40, 13.39, 22.09, 27.90, 22.38, 32.42, 17.81, 18.53
12.77, 7.04, 11.58, 14.18, 22.17, 15.54, 14.39, 12.16, 19.77, 13.69, 22.45, 28.22, 22.14, 32.00, 17.36, 17.99
12.74, 7.18, 11.68, 14.40, 22.19, 15.64, 14.36, 12.15, 20.22, 14.04, 22.89, 28.67, 21.85, 31.44, 16.82, 17.40
12.94, 7.25, 11.79, 14.51, 22.52, 15.92, 14.56, 12.38, 20.64, 14.39, 23.25, 29.00, 21.38, 30.59, 16.18, 16.64
13.00, 7.23, 11.92, 14.63, 22.79, 16.04, 14.66, 12.49, 21.10, 14.69, 23.59, 29.30, 21.18, 30.10, 15.79, 16.24
13.07, 7.27, 12.12, 14.70, 22.99, 16.11, 14.77, 12.52, 21.26, 14.81, 23.84, 29.58, 21.15, 29.88, 15.72, 16.12
13.07, 7.33, 12.30, 14.77, 23.14, 16.20, 14.78, 12.47, 21.31, 14.82, 23.84, 29.55, 20.93, 29.46, 15.50, 15.86
13.18, 7.38, 12.43, 14.90, 23.37, 16.33, 14.92, 12.56, 21.24, 14.74, 23.73, 29.36, 20.62, 29.00, 15.22, 15.48
13.21, 7.47, 12.52, 15.05, 23.65, 16.54, 15.20, 12.88, 21.23, 14.69, 23.58, 29.15, 20.17, 28.24, 14.76, 14.86
13.50, 7.57, 12.70, 15.23, 24.03, 16.84, 15.50, 13.12, 21.33, 14.74, 23.47, 28.95, 19.52, 27.23, 13.97, 14.02
13.64, 7.67, 12.90, 15.48, 24.59, 17.20, 16.02, 13.50, 21.59, 14.91, 23.38, 28.79, 19.01, 26.50, 13.26, 13.33
13.50, 7.83, 13.13, 15.74, 25.31, 17.65, 16.66, 13.85, 21.72, 14.90, 23.42, 28.73, 18.81, 26.23, 13.05, 13.16
13.98, 8.00, 13.48, 16.02, 26.00, 18.00, 17.20, 14.15, 21.55, 14.77, 23.17, 28.41, 18.58, 25.91, 12.80, 12.92
14.21, 8.17, 13.73, 16.28, 26.63, 18.31, 17.79, 14.42, 21.30, 14.53, 22.76, 28.02, 18.28, 25.54, 12.54, 12.68
14.40, 8.28, 14.07, 16.49, 27.22, 18.64, 18.25, 14.69, 21.04, 14.23, 22.35, 27.66, 18.03, 25.20, 12.35, 12.44
14.41, 8.38, 14.35, 16.70, 27.88, 18.93, 18.83, 14.97, 20.74, 13.82, 21.80, 27.23, 17.63, 24.72, 12.02, 12.12
14.61, 8.46, 14.59, 16.90, 28.32, 19.13, 19.15, 15.07, 20.45, 13.51, 21.36, 26.75, 17.17, 24.13, 11.55, 11.62
14.88, 8.53, 14.83, 17.05, 28.63, 19.24, 19.38, 15.21, 20.32, 13.32, 21.07, 26.35, 16.63, 23.39, 10.91, 10.91
14.97, 8.68, 15.13, 17.29, 28.95, 19.36, 19.51, 15.22, 20.33, 13.29, 20.85, 26.01, 15.94, 22.48, 9.97, 9.95
15.31, 8.84, 15.50, 17.60, 29.27, 19.42, 19.51, 15.19, 20.52, 13.36, 20.76, 25.73, 15.26, 21.53, 9.07, 9.04
15.52, 9.04, 15.97, 17.98, 29.60, 19.60, 19.51, 15.19, 20.75, 13.41, 20.73, 25.52, 14.79, 20.86, 8.46, 8.48
15.95, 9.30, 16.50, 18.55, 30.14, 19.87, 19.62, 15.26, 20.93, 13.42, 20.75, 25.37, 14.47, 20.32, 8.01, 8.04
16.49, 9.62, 17.12, 19.04, 30.81, 20.25, 19.98, 15.49, 21.07, 13.46, 20.82, 25.24, 14.25, 19.93, 7.71, 7.76
16.96, 9.98, 17.86, 19.74, 31.49, 20.56, 20.22, 15.59, 21.10, 13.43, 20.80, 25.09, 13.90, 19.46, 7.32, 7.40
17.32, 10.39, 18.63, 20.41, 32.14, 20.83, 20.33, 15.61, 21.07, 13.36, 20.63, 24.85, 13.54, 18.98, 6.94, 7.06
17.88, 10.81, 19.49, 21.11, 32.74, 21.11, 20.48, 15.62, 21.00, 13.21, 20.42, 24.58, 13.20, 18.50, 6.57, 6.72
18.45, 11.33, 20.47, 21.92, 33.26, 21.22, 20.38, 15.54, 20.79, 13.05, 20.16, 24.28, 12.68, 17.99, 6.14, 6.33
19.08, 11.73, 21.28, 22.61, 33.72, 21.37, 20.40, 15.49, 20.60, 12.84, 19.94, 23.92, 12.55, 17.75, 5.99, 6.18
19.52, 12.10, 22.04, 23.26, 34.12, 21.58, 20.55, 15.57, 20.34, 12.56, 19.79, 23.69, 12.53, 17.66, 6.00, 6.20
20.00, 12.44, 22.76, 23.81, 34.43, 21.62, 20.56, 15.52, 20.04, 12.30, 19.47, 23.31, 12.42, 17.53, 5.94, 6.14
20.44, 12.84, 23.54, 24.40, 34.69, 21.72, 20.51, 15.45, 19.65, 11.97, 19.08, 22.87, 12.26, 17.32, 5.91, 6.05
20.72, 13.06, 24.13, 24.87, 34.72, 21.71, 20.39, 15.34, 19.28, 11.65, 18.74, 22.48, 12.22, 17.20, 5.91, 6.02
21.01, 13.44, 24.72, 25.31, 34.60, 21.57, 20.03, 15.13, 18.82, 11.31, 18.40, 22.13, 12.13, 17.12, 6.01, 6.07
21.39, 13.77, 25.24, 25.75, 34.32, 21.43, 19.60, 14.82, 18.45, 11.01, 18.09, 21.79, 12.07, 17.00, 6.06, 6.02
21.91, 14.19, 25.67, 26.24, 34.10, 21.42, 19.25, 14.60, 18.12, 10.77, 17.82, 21.51, 12.05, 16.96, 6.14, 6.04
22.22, 14.48, 26.06, 26.61, 33.92, 21.37, 19.05, 14.53, 17.97, 10.69, 17.75, 21.43, 12.01, 16.95, 6.16, 6.07
22.27, 14.65, 26.28, 26.85, 33.67, 21.32, 18.79, 14.38, 18.04, 10.70, 17.75, 21.43, 12.01, 17.01, 6.16, 6.03
22.38, 14.80, 26.44, 26.97, 33.25, 21.10, 18.35, 14.07, 18.24, 10.87, 17.94, 21.64, 12.21, 17.25, 6.29, 6.12
22.53, 14.94, 26.49, 27.01, 32.50, 20.60, 17.62, 13.57, 18.40, 11.02, 18.19, 21.84, 12.43, 17.47, 6.38, 6.18
22.72, 15.17, 26.43, 27.02, 31.37, 19.85, 16.46, 12.86, 18.64, 11.25, 18.47, 22.02, 12.48, 17.60, 6.42, 6.19
23.31, 15.53, 26.20, 26.94, 29.80, 18.88, 14.87, 11.89, 18.86, 11.54, 18.84, 22.32, 12.56, 17.81, 6.48, 6.21
23.41, 15.74, 25.97, 26.88, 29.07, 18.62, 14.34, 11.57, 19.18, 11.91, 19.27, 22.71, 12.81, 18.15, 6.57, 6.34
22.93, 15.50, 25.94, 26.88, 28.92, 18.69, 14.48, 11.70, 19.63, 12.27, 19.75, 23.27, 13.20, 18.64, 6.82, 6.58
22.64, 15.32, 25.69, 26.65, 28.83, 18.76, 14.48, 11.81, 19.99, 12.63, 20.20, 23.74, 13.67, 19.19, 7.09, 6.88
22.36, 15.09, 25.37, 26.29, 28.75, 18.75, 14.57, 11.96, 20.29, 12.90, 20.67, 24.26, 14.04, 19.68, 7.34, 7.14
22.20, 14.83, 24.90, 25.85, 28.62, 18.69, 14.55, 11.96, 20.57, 13.18, 21.03, 24.66, 14.30, 20.04, 7.60, 7.40
21.59, 14.47, 24.22, 25.43, 28.34, 18.58, 14.47, 11.88, 20.83, 13.47, 21.33, 25.08, 14.57, 20.45, 7.85, 7.63
21.01, 14.13, 23.56, 24.94, 27.97, 18.42, 14.34, 11.73, 21.07, 13.71, 21.57, 25.44, 14.83, 20.84, 8.13, 7.89
20.48, 13.71, 22.80, 24.33, 27.57, 18.10, 14.14, 11.63, 21.21, 13.91, 21.82, 25.79, 15.00, 21.16, 8.40, 8.20
19.93, 13.26, 21.90, 23.68, 26.99, 17.74, 13.82, 11.31, 21.35, 14.13, 21.98, 26.09, 15.10, 21.42, 8.53, 8.34
19.58, 12.95, 21.42, 23.23, 26.38, 17.52, 13.54, 10.94, 21.44, 14.23, 22.04, 26.17, 15.07, 21.44, 8.51, 8.33
19.51, 12.87, 20.99, 22.90, 25.61, 17.06, 12.97, 10.40, 21.50, 14.28, 22.01, 26.11, 14.87, 21.21, 8.27, 8.12
19.73, 12.98, 20.89, 22.84, 25.09, 16.76, 12.48, 9.95, 21.53, 14.28, 21.96, 25.99, 14.65, 20.86, 8.04, 7.84
20.04, 13.23, 21.14, 23.10, 25.02, 16.86, 12.42, 9.99, 21.52, 14.22, 21.93, 25.86, 14.55, 20.56, 7.88, 7.67
20.07, 13.46, 21.58, 23.64, 25.38, 17.20, 12.66, 10.16, 21.47, 14.19, 21.93, 25.88, 14.42, 20.33, 7.73, 7.54
20.54, 13.86, 22.15, 24.12, 25.72, 17.41, 12.76, 10.27, 21.57, 14.28, 21.99, 25.99, 14.23, 20.13, 7.51, 7.36
21.01, 14.21, 22.69, 24.58, 26.06, 17.63, 12.94, 10.38, 21.77, 14.45, 22.06, 26.11, 14.08, 19.99, 7.35, 7.19
21.58, 14.56, 23.13, 25.05, 26.57, 17.96, 13.27, 10.69, 21.90, 14.58, 22.09, 26.19, 13.95, 19.86, 7.18, 7.06
21.55, 14.71, 23.77, 25.53, 27.29, 18.37, 13.96, 11.17, 21.93, 14.61, 22.06, 26.15, 13.73, 19.66, 6.97, 6.91
21.63, 14.78, 24.06, 25.69, 27.84, 18.62, 14.38, 11.50, 21.80, 14.55, 21.87, 25.99, 13.49, 19.38, 6.77, 6.79
21.65, 14.77, 24.18, 25.73, 28.30, 18.92, 14.82, 11.79, 21.56, 14.35, 21.58, 25.67, 13.32, 19.21, 6.66, 6.71
21.69, 14.58, 24.16, 25.67, 28.68, 19.21, 15.30, 12.11, 21.24, 14.05, 21.32, 25.43, 13.42, 19.21, 6.80, 6.81
21.27, 14.38, 23.94, 25.48, 28.94, 19.36, 15.59, 12.31, 20.90, 13.67, 20.97, 25.10, 13.48, 19.21, 6.91, 6.86
21.13, 14.15, 23.56, 25.16, 29.21, 19.57, 16.00, 12.62, 20.62, 13.31, 20.59, 24.76, 13.53, 19.17, 6.95, 6.89
20.45, 13.84, 23.13, 24.77, 29.62, 19.93, 16.56, 13.04, 20.32, 12.97, 20.22, 24.45, 13.61, 19.17, 7.09, 7.01
20.14, 13.43, 22.75, 24.39, 30.02, 20.18, 17.11, 13.46, 20.05, 12.68, 19.96, 24.16, 13.70, 19.23, 7.21, 7.12
19.80, 13.05, 22.34, 24.01, 30.39, 20.35, 17.57, 13.81, 19.74, 12.43, 19.69, 23.82, 13.82, 19.33, 7.43, 7.24
19.41, 12.80, 21.91, 23.68, 30.85, 20.59, 18.14, 14.13, 19.42, 12.13, 19.44, 23.51, 14.12, 19.56, 7.81, 7.54
18.93, 12.38, 21.49, 23.20, 31.57, 20.96, 19.04, 14.72, 19.04, 11.71, 19.13, 23.18, 14.75, 20.00, 8.54, 8.10
18.54, 11.83, 20.89, 22.65, 32.27, 21.20, 19.98, 15.29, 18.49, 11.23, 18.83, 22.84, 15.23, 20.48, 9.35, 8.70
17.74, 11.27, 20.20, 22.02, 32.75, 21.43, 20.70, 15.80, 17.97, 10.85, 18.35, 22.40, 15.45, 20.75, 9.83, 9.06
17.28, 10.82, 19.74, 21.42, 33.14, 21.57, 21.43, 16.33, 17.61, 10.58, 18.01, 22.10, 15.47, 20.89, 10.14, 9.31
16.91, 10.44, 19.33, 21.02, 33.40, 21.65, 21.85, 16.67, 17.37, 10.42, 17.75, 21.83, 15.39, 20.90, 10.16, 9.38
16.60, 10.20, 18.94, 20.65, 33.68, 21.77, 22.22, 17.03, 17.23, 10.29, 17.55, 21.63, 15.34, 20.92, 10.24, 9.45
16.33, 9.95, 18.65, 20.37, 33.94, 21.96, 22.61, 17.35, 17.11, 10.22, 17.43, 21.54, 15.36, 21.03, 10.37, 9.60
16.14, 9.79, 18.32, 20.16, 34.35, 22.21, 23.16, 17.75, 17.01, 10.10, 17.37, 21.44, 15.51, 21.20, 10.62, 9.84
15.83, 9.63, 18.17, 19.96, 34.68, 22.36, 23.52, 18.12, 16.90, 10.04, 17.30, 21.40, 15.63, 21.42, 10.85, 10.14
15.57, 9.43, 18.01, 19.72, 34.99, 22.48, 23.91, 18.46, 16.80, 10.02, 17.18, 21.35, 15.86, 21.77, 11.30, 10.55
15.45, 9.25, 17.60, 19.42, 35.35, 22.77, 24.48, 18.84, 16.68, 9.93, 17.08, 21.31, 16.33, 22.38, 12.09, 11.34
15.22, 8.95, 17.22, 19.08, 35.64, 22.79, 24.98, 19.28, 16.47, 9.76, 16.97, 21.23, 16.84, 23.06, 13.09, 12.40
14.69, 8.65, 16.67, 18.56, 35.60, 22.76, 25.31, 19.51, 16.14, 9.53, 16.76, 21.06, 17.17, 23.56, 13.94, 13.26
14.34, 8.33, 16.03, 17.98, 35.24, 22.52, 25.49, 19.61, 15.87, 9.34, 16.52, 20.83, 17.40, 23.91, 14.55, 13.94
13.76, 7.86, 15.27, 17.22, 34.74, 22.13, 25.67, 19.73, 15.60, 9.17, 16.25, 20.59, 17.64, 24.32, 15.17, 14.68
13.41, 7.51, 14.62, 16.65, 34.40, 21.75, 25.81, 19.82, 15.36, 9.05, 16.05, 20.45, 17.74, 24.55, 15.53, 15.07
12.90, 7.17, 14.14, 16.10, 33.92, 21.39, 25.90, 19.86, 15.24, 8.95, 15.89, 20.28, 17.76, 24.66, 15.67, 15.29
12.54, 6.87, 13.69, 15.64, 33.38, 20.92, 25.77, 19.69, 15.15, 8.89, 15.78, 20.18, 17.71, 24.67, 15.67, 15.35
12.45, 6.68, 13.36, 15.29, 32.80, 20.55, 25.48, 19.49, 15.14, 8.90, 15.73, 20.13, 17.72, 24.72, 15.64, 15.34
12.39, 6.53, 13.02, 15.01, 32.20, 20.19, 25.14, 19.31, 15.16, 8.91, 15.72, 20.12, 17.57, 24.54, 15.32, 15.01
12.16, 6.44, 12.94, 14.93, 31.90, 20.03, 24.94, 19.24, 15.27, 8.96, 15.77, 20.12, 17.25, 24.03, 14.57, 14.15
12.16, 6.48, 12.94, 14.99, 31.76, 20.06, 24.77, 19.16, 15.47, 9.09, 15.93, 20.24, 17.03, 23.60, 13.95, 13.38
12.51, 6.59, 13.09, 15.16, 31.79, 20.17, 24.58, 19.13, 15.69, 9.24, 16.20, 20.39, 16.91, 23.28, 13.49, 12.67
12.68, 6.80, 13.33, 15.43, 31.92, 20.30, 24.36, 18.99, 15.92, 9.45, 16.57, 20.73, 16.85, 23.05, 13.13, 12.19
12.84, 7.03, 13.64, 15.78, 32.19, 20.56, 24.19, 18.91, 16.26, 9.72, 17.00, 21.06, 16.73, 22.79, 12.66, 11.62
13.32, 7.33, 14.20, 16.25, 32.63, 20.88, 24.14, 18.84, 16.67, 10.12, 17.48, 21.48, 16.44, 22.38, 11.93, 10.91
13.74, 7.67, 14.78, 16.79, 33.08, 21.19, 23.99, 18.84, 17.21, 10.57, 17.95, 22.03, 15.89, 21.76, 10.96, 10.19
14.15, 8.06, 15.45, 17.38, 33.49, 21.50, 23.80, 18.68, 17.92, 11.16, 18.49, 22.57, 15.61, 21.39, 10.19, 9.57
14.94, 8.49, 16.25, 18.07, 34.00, 21.87, 23.64, 18.51, 18.58, 11.69, 19.19, 23.30, 15.74, 21.44, 9.98, 9.45
15.54, 8.92, 17.05, 18.76, 34.41, 22.09, 23.41, 18.31, 19.07, 12.13, 19.83, 23.94, 15.97, 21.63, 10.00, 9.41
15.88, 9.35, 17.77, 19.39, 34.68, 22.35, 23.14, 18.10, 19.49, 12.52, 20.33, 24.53, 16.18, 21.82, 10.04, 9.44
16.33, 9.71, 18.15, 19.87, 34.74, 22.42, 22.88, 17.91, 19.83, 12.91, 20.77, 25.06, 16.22, 21.99, 9.96, 9.49
16.41, 9.91, 18.34, 20.16, 34.30, 22.22, 22.42, 17.59, 20.20, 13.27, 21.15, 25.61, 16.17, 22.11, 9.82, 9.39
16.37, 9.89, 18.27, 20.12, 33.85, 21.89, 22.00, 17.28, 20.50, 13.56, 21.46, 25.95, 16.42, 22.40, 9.99, 9.54
16.37, 9.75, 17.92, 19.76, 33.07, 21.41, 21.55, 16.95, 20.65, 13.67, 21.69, 26.20, 16.81, 22.87, 10.43, 9.88
16.11, 9.53, 17.38, 19.26, 32.28, 20.84, 21.10, 16.66, 20.56, 13.61, 21.64, 26.17, 17.00, 23.15, 10.75, 10.10
15.75, 9.28, 16.81, 18.79, 31.59, 20.42, 20.84, 16.47, 20.33, 13.43, 21.48, 25.99, 17.04, 23.30, 10.92, 10.30
15.22, 9.03, 16.33, 18.37, 30.90, 19.89, 20.49, 16.33, 20.07, 13.29, 21.26, 25.83, 16.89, 23.27, 10.85, 10.33
15.07, 8.69, 15.62, 17.83, 29.96, 19.38, 19.96, 15.97, 19.96, 13.21, 21.07, 25.74, 16.37, 22.99, 10.37, 10.09
14.69, 8.55, 15.15, 17.46, 29.10, 18.88, 19.42, 15.64, 20.19, 13.39, 21.15, 25.81, 15.92, 22.62, 9.81, 9.70
14.57, 8.41, 14.82, 17.23, 28.16, 18.41, 18.65, 15.15, 20.69, 13.84, 21.67, 26.28, 15.74, 22.45, 9.40, 9.37
14.60, 8.42, 14.68, 17.13, 27.14, 17.85, 17.69, 14.49, 21.49, 14.46, 22.32, 27.18, 15.65, 22.43, 9.13, 9.10
14.76, 8.60, 14.69, 17.25, 25.79, 17.15, 16.16, 13.45, 22.56, 15.41, 23.31, 28.18, 15.61, 22.42, 8.79, 8.81
14.95, 8.94, 14.76, 17.48, 24.56, 16.66, 14.78, 12.36, 23.60, 16.32, 24.23, 29.20, 15.58, 22.43, 8.55, 8.56
15.50, 9.32, 15.03, 17.93, 23.56, 16.27, 13.46, 11.31, 25.01, 17.51, 25.49, 30.53, 15.64, 22.51, 8.30, 8.33
15.79, 9.70, 15.41, 18.35, 23.21, 16.17, 12.87, 10.87, 26.26, 18.57, 26.59, 31.75, 15.85, 22.74, 8.27, 8.27
16.27, 10.04, 15.97, 18.84, 23.11, 16.12, 12.48, 10.58, 27.23, 19.40, 27.59, 32.81, 16.03, 22.97, 8.28, 8.33
16.70, 10.32, 16.46, 19.22, 23.02, 16.14, 12.19, 10.28, 27.61, 19.74, 27.96, 33.35, 16.02, 23.06, 8.33, 8.33
16.83, 10.62, 16.83, 19.55, 22.83, 15.91, 11.91, 9.82, 27.58, 19.79, 28.07, 33.52, 15.82, 22.94, 8.24, 8.30
17.47, 10.87, 17.29, 19.79, 22.67, 15.81, 11.65, 9.58, 27.61, 19.87, 28.17, 33.69, 15.64, 22.88, 8.14, 8.23
17.35, 11.04, 17.46, 20.07, 23.07, 16.06, 12.01, 9.86, 27.84, 20.03, 28.35, 33.89, 15.54, 22.77, 8.00, 8.16
17.29, 11.00, 17.57, 20.24, 23.24, 16.20, 12.18, 10.04, 28.05, 20.21, 28.34, 33.98, 15.33, 22.57, 7.81, 7.96
17.38, 10.95, 17.53, 20.14, 23.16, 16.13, 11.99, 9.90, 28.06, 20.17, 28.22, 33.78, 15.16, 22.31, 7.66, 7.83
17.39, 10.84, 17.34, 20.00, 22.95, 16.01, 11.82, 9.78, 27.89, 20.03, 27.95, 33.54, 14.86, 21.94, 7.43, 7.60
17.19, 10.76, 17.10, 19.86, 22.55, 15.69, 11.42, 9.44, 27.79, 19.99, 27.77, 33.34, 14.66, 21.60, 7.27, 7.44
17.08, 10.76, 16.92, 19.70, 22.17, 15.56, 11.17, 9.30, 27.83, 20.01, 27.77, 33.34, 14.58, 21.43, 7.17, 7.36
17.07, 10.70, 16.73, 19.59, 22.05, 15.41, 10.92, 9.10, 28.04, 20.20, 27.91, 33.53, 14.46, 21.28, 7.05, 7.26
17.04, 10.69, 16.59, 19.52, 21.75, 15.25, 10.72, 8.90, 28.39, 20.46, 28.05, 33.76, 14.36, 21.20, 6.94, 7.16
16.85, 10.62, 16.58, 19.49, 21.56, 15.10, 10.49, 8.71, 28.75, 20.81, 28.38, 34.10, 14.33, 21.17, 6.89, 7.11
17.17, 10.66, 16.53, 19.48, 21.27, 14.92, 10.20, 8.49, 29.25, 21.29, 28.71, 34.54, 14.26, 21.17, 6.80, 7.04
17.14, 10.72, 16.59, 19.54, 21.10, 14.77, 10.02, 8.40, 29.73, 21.70, 29.02, 34.93, 14.26, 21.22, 6.78, 7.01
17.03, 10.75, 16.66, 19.71, 21.37, 15.05, 10.23, 8.66, 29.93, 21.80, 29.28, 35.15, 14.38, 21.26, 6.88, 7.05
17.21, 10.76, 16.84, 19.83, 21.61, 15.24, 10.44, 8.87, 29.96, 21.79, 29.36, 35.17, 14.37, 21.18, 6.77, 7.01
17.33, 10.80, 16.95, 19.90, 21.85, 15.38, 10.61, 8.97, 29.90, 21.72, 29.30, 35.03, 14.34, 21.12, 6.79, 7.01
17.32, 10.87, 17.07, 19.99, 22.12, 15.52, 10.76, 9.09, 29.68, 21.51, 29.11, 34.81, 14.37, 21.10, 6.83, 7.04
17.55, 10.95, 17.17, 20.13, 22.34, 15.69, 10.96, 9.25, 29.40, 21.27, 28.92, 34.56, 14.21, 20.93, 6.68, 6.95
17.47, 11.00, 17.26, 20.22, 22.39, 15.74, 10.97, 9.25, 29.24, 21.16, 28.65, 34.31, 14.08, 20.77, 6.64, 6.88
17.60, 11.10, 17.25, 20.25, 22.41, 15.73, 10.92, 9.19, 29.05, 20.97, 28.40, 34.03, 14.06, 20.71, 6.60, 6.84
17.55, 11.19, 17.39, 20.34, 22.41, 15.68, 10.89, 9.18, 28.80, 20.62, 28.11, 33.70, 13.96, 20.58, 6.53, 6.78
17.70, 11.29, 17.50, 20.44, 22.39, 15.57, 10.78, 9.02, 28.57, 20.29, 27.68, 33.32, 13.81, 20.35, 6.42, 6.69
17.86, 11.46, 17.73, 20.60, 22.45, 15.61, 10.73, 8.98, 28.25, 19.91, 27.24, 32.94, 13.71, 20.21, 6.34, 6.64
18.00, 11.72, 18.04, 20.84, 22.69, 15.75, 10.83, 9.03, 27.84, 19.42, 26.79, 32.47, 13.57, 20.04, 6.33, 6.60
18.50, 11.97, 18.58, 21.25, 22.95, 15.87, 10.91, 9.07, 27.35, 18.97, 26.45, 31.90, 13.39, 19.85, 6.24, 6.52
18.99, 12.35, 19.09, 21.68, 23.29, 16.02, 10.95, 9.04, 26.89, 18.49, 25.96, 31.32, 13.19, 19.63, 6.15, 6.44
19.53, 12.82, 19.83, 22.29, 23.83, 16.33, 11.23, 9.28, 26.42, 18.06, 25.43, 30.71, 12.95, 19.36, 5.98, 6.29
19.94, 13.25, 20.63, 23.06, 24.72, 16.93, 11.86, 9.76, 25.89, 17.56, 24.86, 30.02, 12.73, 19.06, 5.82, 6.18
20.63, 13.70, 21.58, 23.85, 25.94, 17.73, 12.88, 10.48, 25.16, 16.84, 24.06, 29.15, 12.49, 18.81, 5.72, 6.10
20.94, 14.03, 22.42, 24.50, 27.36, 18.48, 14.12, 11.26, 24.11, 15.86, 23.14, 28.07, 12.41, 18.68, 5.75, 6.14
21.18, 14.12, 23.02, 24.88, 28.85, 19.26, 15.57, 12.28, 22.92, 14.75, 22.14, 26.97, 12.47, 18.68, 5.94, 6.33
20.95, 13.95, 23.26, 24.95, 30.15, 19.83, 16.93, 13.20, 21.69, 13.70, 21.18, 25.86, 12.55, 18.67, 6.14, 6.54
20.64, 13.57, 23.16, 24.73, 31.40, 20.43, 18.24, 14.11, 20.69, 12.87, 20.36, 24.94, 12.72, 18.75, 6.43, 6.78
20.03, 13.07, 22.88, 24.26, 32.63, 20.94, 19.66, 15.12, 19.81, 12.16, 19.68, 24.12, 13.22, 19.11, 6.97, 7.25
19.36, 12.37, 22.37, 23.68, 33.70, 21.40, 20.92, 15.98, 18.96, 11.47, 19.10, 23.43, 14.14, 19.70, 7.95, 7.97
18.77, 11.70, 21.89, 23.08, 34.39, 21.68, 21.85, 16.57, 18.19, 10.91, 18.49, 22.74, 14.51, 20.00, 8.63, 8.48
18.24, 11.28, 21.29, 22.53, 34.87, 21.87, 22.49, 17.00, 17.63, 10.48, 17.95, 22.14, 14.65, 20.13, 9.12, 8.80
17.76, 10.83, 20.68, 21.97, 35.26, 22.06, 23.02, 17.45, 17.06, 10.10, 17.44, 21.67, 14.77, 20.34, 9.65, 9.24
17.14, 10.47, 20.18, 21.52, 35.40, 22.20, 23.42, 17.80, 16.61, 9.82, 17.02, 21.27, 14.76, 20.48, 10.06, 9.59
17.04, 10.17, 19.68, 21.13, 35.43, 22.23, 23.57, 17.94, 16.31, 9.59, 16.69, 20.91, 14.63, 20.47, 10.14, 9.71
16.49, 9.97, 19.28, 20.76, 35.28, 22.12, 23.58, 18.00, 16.08, 9.43, 16.41, 20.61, 14.50, 20.40, 10.18, 9.72
16.37, 9.79, 19.00, 20.50, 35.15, 22.00, 23.55, 17.99, 15.95, 9.36, 16.25, 20.44, 14.36, 20.30, 10.11, 9.67
16.26, 9.68, 18.74, 20.28, 34.91, 21.89, 23.44, 17.96, 15.92, 9.33, 16.20, 20.35, 14.22, 20.16, 9.90, 9.53
16.41, 9.64, 18.70, 20.15, 34.48, 21.75, 23.04, 17.75, 15.99, 9.38, 16.20, 20.34, 14.14, 20.07, 9.68, 9.36
16.63, 9.75, 18.65, 20.25, 34.26, 21.63, 22.70, 17.52, 16.13, 9.46, 16.33, 20.48, 14.14, 20.03, 9.56, 9.24
16.45, 9.89, 18.81, 20.45, 34.20, 21.69, 22.55, 17.46, 16.34, 9.62, 16.56, 20.67, 14.34, 20.24, 9.69, 9.33
16.69, 10.05, 18.95, 20.71, 34.20, 21.78, 22.38, 17.47, 16.56, 9.83, 16.87, 21.02, 14.54, 20.49, 9.79, 9.44
16.79, 10.22, 19.15, 20.91, 34.32, 21.94, 22.37, 17.46, 16.79, 10.06, 17.16, 21.24, 14.75, 20.64, 9.80, 9.46
17.14, 10.32, 19.36, 21.13, 34.85, 22.25, 22.70, 17.73, 16.97, 10.26, 17.35, 21.44, 14.97, 20.85, 9.91, 9.51
16.95, 10.32, 19.57, 21.20, 35.39, 22.51, 23.26, 18.10, 17.01, 10.27, 17.35, 21.46, 14.96, 20.83, 9.94, 9.52
17.03, 10.19, 19.56, 21.14, 35.83, 22.69, 23.70, 18.38, 16.91, 10.20, 17.26, 21.34, 14.86, 20.76, 9.98, 9.55
16.81, 10.05, 19.60, 21.07, 36.49, 22.98, 24.31, 18.76, 16.69, 10.01, 16.99, 21.06, 14.59, 20.47, 9.69, 9.36
16.79, 9.93, 19.57, 20.99, 37.00, 23.17, 24.82, 19.03, 16.46, 9.82, 16.69, 20.79, 14.30, 20.16, 9.55, 9.20
16.78, 9.85, 19.58, 20.94, 37.43, 23.36, 25.21, 19.34, 16.28, 9.65, 16.45, 20.59, 14.10, 19.94, 9.37, 9.08
16.59, 9.78, 19.55, 20.88, 37.95, 23.60, 25.59, 19.65, 16.13, 9.47, 16.18, 20.35, 13.90, 19.60, 9.18, 8.82
16.48, 9.73, 19.45, 20.81, 38.45, 23.77, 25.97, 19.92, 15.97, 9.32, 15.91, 20.11, 13.67, 19.23, 8.96, 8.57
16.39, 9.61, 19.37, 20.70, 38.88, 24.05, 26.41, 20.22, 15.80, 9.15, 15.68, 19.85, 13.46, 18.88, 8.75, 8.33
16.13, 9.50, 19.29, 20.63, 39.17, 24.19, 26.72, 20.51, 15.56, 8.98, 15.43, 19.61, 13.19, 18.49, 8.56, 8.06
16.04, 9.47, 19.21, 20.52, 39.40, 24.29, 26.87, 20.70, 15.38, 8.85, 15.22, 19.40, 12.89, 18.15, 8.24, 7.82
15.94, 9.42, 19.17, 20.47, 39.71, 24.42, 27.14, 20.82, 15.27, 8.76, 15.08, 19.25, 12.76, 17.98, 8.12, 7.68
16.09, 9.44, 19.16, 20.51, 39.98, 24.55, 27.30, 21.00, 15.18, 8.71, 15.02, 19.17, 12.74, 17.92, 8.13, 7.63
15.99, 9.44, 19.34, 20.58, 40.16, 24.61, 27.43, 21.03, 15.15, 8.66, 14.94, 19.12, 12.73, 17.87, 8.07, 7.59
16.27, 9.50, 19.42, 20.67, 40.28, 24.67, 27.45, 21.05, 15.12, 8.69, 14.87, 19.07, 12.76, 17.86, 8.08, 7.58
16.31, 9.56, 19.58, 20.78, 40.69, 24.92, 27.64, 21.23, 15.12, 8.68, 14.85, 19.08, 12.86, 18.00, 8.23, 7.69
16.28, 9.50, 19.57, 20.86, 41.04, 25.02, 27.95, 21.38, 15.06, 8.65, 14.86, 19.13, 13.04, 18.26, 8.55, 7.96
16.09, 9.46, 19.62, 20.83, 41.07, 25.04, 28.03, 21.40, 15.03, 8.67, 14.91, 19.20, 13.23, 18.51, 8.84, 8.21
16.11, 9.44, 19.50, 20.69, 40.82, 24.89, 27.84, 21.29, 15.03, 8.66, 14.90, 19.22, 13.33, 18.70, 9.03, 8.34
16.04, 9.39, 19.29, 20.51, 40.41, 24.60, 27.56, 21.08, 15.06, 8.71, 14.93, 19.26, 13.48, 18.85, 9.21, 8.50
15.97, 9.27, 19.16, 20.34, 39.79, 24.19, 27.16, 20.78, 15.15, 8.76, 15.07, 19.41, 13.55, 19.01, 9.27, 8.56
15.98, 9.24, 18.98, 20.23, 38.95, 23.77, 26.54, 20.33, 15.38, 8.91, 15.27, 19.61, 13.58, 19.09, 9.09, 8.52
16.11, 9.29, 18.89, 20.18, 37.90, 23.11, 25.54, 19.66, 15.62, 9.13, 15.58, 19.85, 13.72, 19.31, 9.10, 8.56
16.31, 9.50, 18.83, 20.24, 36.52, 22.38, 24.22, 18.77, 15.89, 9.41, 16.01, 20.23, 14.00, 19.75, 9.39, 8.79
16.58, 9.81, 18.95, 20.39, 34.78, 21.32, 22.50, 17.64, 16.19, 9.81, 16.51, 20.69, 14.33, 20.26, 9.59, 9.04
17.17, 10.27, 19.00, 20.68, 33.12, 20.55, 20.79, 16.55, 16.64, 10.26, 17.02, 21.40, 14.71, 20.90, 9.86, 9.40
17.62, 10.62, 19.16, 21.07, 32.32, 20.38, 20.05, 16.11, 17.15, 10.80, 17.69, 22.21, 15.21, 21.62, 10.22, 9.86
17.71, 10.87, 19.46, 21.41, 31.61, 20.18, 19.55, 15.86, 17.92, 11.56, 18.64, 23.34, 15.87, 22.51, 10.69, 10.47
18.00, 11.06, 19.46, 21.49, 30.92, 19.96, 18.89, 15.49, 18.79, 12.34, 19.64, 24.46, 16.54, 23.35, 11.07, 10.96
18.09, 11.10, 19.39, 21.43, 30.02, 19.47, 18.16, 14.95, 19.55, 13.00, 20.55, 25.41, 16.99, 23.98, 11.29, 11.27
18.16, 11.11, 19.16, 21.21, 29.05, 19.05, 17.31, 14.27, 20.07, 13.45, 21.08, 25.99, 17.20, 24.33, 11.38, 11.40
18.00, 11.09, 18.77, 20.90, 28.52, 18.85, 16.95, 14.05, 20.28, 13.60, 21.22, 26.17, 17.22, 24.43, 11.39, 11.45
17.46, 10.85, 18.45, 20.62, 28.36, 18.89, 17.09, 14.22, 20.09, 13.47, 21.02, 25.98, 17.14, 24.45, 11.41, 11.57
17.14, 10.56, 17.94, 20.18, 28.33, 18.90, 17.24, 14.38, 19.61, 13.03, 20.54, 25.48, 16.97, 24.40, 11.56, 11.75
16.70, 10.22, 17.38, 19.74, 28.33, 18.95, 17.49, 14.56, 19.12, 12.52, 19.98, 25.03, 16.86, 24.36, 11.73, 11.98
16.44, 9.96, 16.94, 19.34, 28.44, 19.01, 17.80, 14.88, 18.77, 12.19, 19.54, 24.70, 16.81, 24.39, 11.94, 12.21
16.08, 9.68, 16.56, 19.04, 28.75, 19.26, 18.38, 15.27, 18.52, 11.97, 19.30, 24.49, 16.98, 24.62, 12.27, 12.58
15.57, 9.45, 16.15, 18.68, 29.18, 19.47, 19.04, 15.77, 18.34, 11.77, 19.10, 24.28, 17.16, 24.85, 12.53, 12.91
15.27, 9.15, 15.82, 18.30, 29.87, 19.84, 20.07, 16.45, 18.15, 11.57, 18.89, 24.03, 17.45, 25.18, 13.06, 13.42
14.66, 8.72, 15.45, 17.86, 30.43, 20.18, 21.23, 17.09, 17.79, 11.20, 18.54, 23.64, 17.71, 25.40, 13.71, 14.02
14.34, 8.30, 15.04, 17.37, 30.72, 20.19, 21.87, 17.50, 17.31, 10.78, 18.11, 23.10, 17.80, 25.45, 14.14, 14.35
13.80, 7.95, 14.67, 16.94, 30.90, 20.21, 22.41, 17.82, 16.88, 10.41, 17.67, 22.62, 17.74, 25.36, 14.40, 14.59
13.65, 7.66, 14.35, 16.57, 30.88, 20.06, 22.76, 17.95, 16.52, 10.15, 17.29, 22.26, 17.67, 25.30, 14.53, 14.73
13.55, 7.52, 14.14, 16.32, 30.83, 19.94, 22.84, 17.97, 16.32, 9.98, 17.06, 22.03, 17.60, 25.21, 14.58, 14.73
13.33, 7.46, 14.05, 16.18, 30.71, 19.81, 22.81, 17.89, 16.26, 9.94, 16.93, 21.92, 17.38, 24.98, 14.28, 14.43
13.45, 7.44, 14.05, 16.18, 30.52, 19.65, 22.55, 17.62, 16.27, 9.97, 16.90, 21.87, 17.16, 24.69, 13.90, 14.02
13.52, 7.54, 14.10, 16.29, 30.35, 19.56, 22.20, 17.35, 16.42, 10.06, 16.98, 21.95, 16.94, 24.40, 13.45, 13.59
13.70, 7.73, 14.36, 16.56, 30.34, 19.59, 21.94, 17.19, 16.61, 10.20, 17.20, 22.11, 16.64, 24.03, 12.91, 12.99
14.11, 7.93, 14.75, 16.97, 30.43, 19.71, 21.66, 17.04, 16.92, 10.45, 17.50, 22.40, 16.28, 23.49, 12.15, 12.18
14.56, 8.24, 15.21, 17.37, 30.53, 19.88, 21.31, 16.85, 17.33, 10.84, 17.94, 22.84, 15.81, 22.81, 11.25, 11.15
14.90, 8.58, 15.81, 17.90, 30.68, 20.04, 21.02, 16.71, 17.87, 11.40, 18.52, 23.30, 15.29, 22.14, 10.22, 10.12
15.57, 9.04, 16.50, 18.57, 30.60, 19.97, 20.37, 16.24, 18.71, 12.09, 19.20, 24.05, 15.33, 22.07, 9.78, 9.72
16.22, 9.68, 17.44, 19.38, 29.87, 19.60, 19.06, 15.24, 19.51, 12.78, 20.26, 25.12, 15.85, 22.54, 10.04, 9.86
17.29, 10.46, 18.24, 20.18, 29.07, 19.05, 17.54, 14.30, 20.22, 13.49, 21.18, 26.12, 16.30, 23.10, 10.34, 10.06
17.88, 11.17, 18.96, 20.97, 28.77, 18.96, 16.77, 13.81, 20.95, 14.24, 22.11, 27.18, 16.66, 23.64, 10.57, 10.25
18.10, 11.46, 19.40, 21.51, 28.90, 19.15, 16.90, 13.91, 21.57, 14.80, 22.82, 28.04, 16.99, 24.13, 10.78, 10.50
18.05, 11.46, 19.41, 21.52, 28.84, 19.16, 16.89, 13.96, 22.06, 15.20, 23.44, 28.70, 17.34, 24.59, 11.09, 10.86
17.88, 11.20, 19.03, 21.08, 28.52, 18.93, 16.83, 13.95, 22.30, 15.43, 23.79, 29.10, 17.74, 25.07, 11.54, 11.33
17.46, 10.78, 18.35, 20.45, 28.03, 18.54, 16.69, 13.80, 22.28, 15.42, 23.85, 29.21, 17.90, 25.41, 11.76, 11.66
16.88, 10.35, 17.51, 19.73, 27.35, 18.17, 16.43, 13.57, 22.17, 15.32, 23.75, 29.14, 17.88, 25.50, 11.80, 11.80
16.33, 9.91, 16.65, 19.04, 26.68, 17.80, 16.11, 13.39, 22.02, 15.22, 23.56, 28.96, 17.68, 25.43, 11.64, 11.74
15.63, 9.52, 15.84, 18.41, 26.04, 17.52, 15.82, 13.16, 21.98, 15.19, 23.43, 28.82, 17.44, 25.19, 11.30, 11.46
15.35, 9.17, 15.16, 17.81, 25.54, 17.20, 15.55, 13.03, 22.08, 15.24, 23.46, 28.81, 17.33, 25.09, 11.11, 11.27
14.95, 8.89, 14.50, 17.32, 25.11, 16.97, 15.33, 12.83, 22.24, 15.34, 23.57, 28.84, 17.39, 25.13, 11.08, 11.24
14.49, 8.63, 14.02, 16.91, 24.81, 16.82, 15.23, 12.78, 22.35, 15.40, 23.74, 28.91, 17.60, 25.27, 11.26, 11.41
14.15, 8.33, 13.61, 16.52, 24.44, 16.66, 15.20, 12.81, 22.42, 15.41, 23.82, 28.98, 17.83, 25.51, 11.50, 11.66
13.80, 8.18, 13.23, 16.20, 24.40, 16.65, 15.36, 12.97, 22.43, 15.43, 23.85, 29.04, 18.04, 25.79, 11.81, 11.91
13.78, 7.98, 12.99, 16.00, 24.51, 16.65, 15.61, 13.20, 22.43, 15.45, 23.87, 29.07, 18.33, 26.21, 12.20, 12.36
13.57, 7.85, 12.80, 15.80, 24.62, 16.70, 15.94, 13.50, 22.27, 15.30, 23.76, 28.99, 18.64, 26.63, 12.64, 12.91
13.38, 7.72, 12.64, 15.64, 24.85, 16.78, 16.43, 13.76, 21.99, 15.07, 23.56, 28.83, 18.94, 27.04, 13.11, 13.50
13.11, 7.55, 12.52, 15.45, 24.94, 16.83, 16.73, 13.98, 21.67, 14.80, 23.34, 28.68, 19.14, 27.41, 13.54, 14.05
13.04, 7.44, 12.33, 15.29, 25.01, 16.82, 16.91, 14.08, 21.44, 14.57, 23.18, 28.66, 19.35, 27.83, 13.92, 14.57
12.79, 7.34, 12.13, 15.08, 24.96, 16.71, 17.07, 14.17, 21.25, 14.42, 23.05, 28.66, 19.75, 28.45, 14.49, 15.26
12.57, 7.20, 11.99, 14.87, 24.74, 16.58, 17.07, 14.13, 21.08, 14.30, 23.09, 28.76, 20.12, 28.96, 15.01, 15.85
12.69, 7.06, 11.66, 14.65, 24.47, 16.44, 16.92, 14.03, 21.08, 14.34, 23.19, 28.92, 20.43, 29.47, 15.38, 16.26
12.17, 6.93, 11.45, 14.44, 24.13, 16.27, 16.74, 13.91, 21.14, 14.37, 23.33, 29.10, 20.80, 29.94, 15.82, 16.69
12.04, 6.84, 11.21, 14.23, 23.83, 16.04, 16.52, 13.76, 21.09, 14.34, 23.40, 29.16, 21.18, 30.47, 16.30, 17.13
11.82, 6.67, 10.97, 13.99, 23.46, 15.95, 16.32, 13.68, 20.86, 14.19, 23.35, 29.15, 21.66, 31.16, 17.10, 17.90
11.55, 6.49, 10.62, 13.64, 23.03, 15.72, 16.14, 13.55, 20.42, 13.80, 23.02, 28.97, 22.11, 31.84, 17.93, 18.69
11.19, 6.24, 10.38, 13.29, 22.63, 15.51, 16.07, 13.57, 19.87, 13.29, 22.44, 28.48, 22.43, 32.26, 18.56, 19.28
10.94, 5.95, 10.03, 12.97, 22.54, 15.41, 16.49, 13.92, 19.32, 12.71, 21.80, 27.89, 22.71, 32.64, 19.23, 19.92
10.55, 5.61, 9.72, 12.68, 22.49, 15.22, 16.97, 14.24, 18.66, 12.17, 21.33, 27.20, 22.91, 32.88, 19.87, 20.50
10.11, 5.38, 9.47, 12.39, 22.49, 15.14, 17.35, 14.56, 18.09, 11.70, 20.76, 26.53, 22.97, 32.95, 20.28, 20.83
9.92, 5.12, 9.29, 12.23, 22.60, 15.15, 17.79, 14.87, 17.69, 11.36, 20.35, 26.09, 23.06, 33.08, 20.67, 21.20
9.87, 4.95, 9.10, 12.04, 22.74, 15.19, 18.18, 15.17, 17.46, 11.16, 20.14, 25.84, 23.23, 33.37, 21.01, 21.56
9.74, 4.85, 9.04, 11.99, 22.80, 15.19, 18.31, 15.22, 17.31, 11.04, 20.02, 25.72, 23.34, 33.56, 21.17, 21.69
9.56, 4.85, 9.00, 11.93, 22.78, 15.16, 18.27, 15.21, 17.26, 11.01, 19.91, 25.61, 23.28, 33.46, 21.10, 21.56
9.70, 4.84, 9.00, 12.00, 22.91, 15.22, 18.35, 15.21, 17.30, 11.02, 19.86, 25.53, 23.03, 33.02, 20.66, 21.07
9.87, 4.84, 9.06, 12.06, 23.15, 15.38, 18.45, 15.28, 17.43, 11.09, 19.95, 25.54, 22.71, 32.45, 20.15, 20.57
9.95, 4.95, 9.24, 12.22, 23.25, 15.42, 18.37, 15.19, 17.69, 11.27, 20.11, 25.72, 22.32, 31.89, 19.48, 19.89
10.14, 5.10, 9.42, 12.45, 23.44, 15.52, 18.31, 15.07, 18.04, 11.59, 20.36, 25.91, 21.74, 31.03, 18.56, 18.98
10.40, 5.28, 9.76, 12.70, 23.80, 15.77, 18.34, 15.06, 18.49, 12.03, 20.81, 26.29, 21.32, 30.32, 17.73, 18.03
10.89, 5.48, 10.09, 12.97, 24.24, 16.08, 18.41, 15.04, 19.06, 12.56, 21.45, 26.88, 21.09, 30.01, 17.18, 17.46
11.12, 5.68, 10.36, 13.24, 24.70, 16.42, 18.60, 15.16, 19.59, 13.04, 22.04, 27.50, 21.26, 30.22, 17.12, 17.37
11.30, 5.90, 10.71, 13.49, 25.34, 16.84, 19.12, 15.51, 19.96, 13.41, 22.53, 28.11, 21.57, 30.55, 17.24, 17.50
11.42, 5.98, 10.91, 13.65, 25.79, 17.06, 19.59, 15.82, 20.09, 13.55, 22.76, 28.31, 21.66, 30.65, 17.26, 17.52
11.43, 6.03, 11.12, 13.77, 26.08, 17.28, 19.92, 15.95, 19.99, 13.49, 22.59, 28.12, 21.36, 30.24, 16.97, 17.27
11.50, 6.02, 11.20, 13.80, 26.35, 17.40, 20.27, 16.11, 19.78, 13.32, 22.28, 27.83, 20.88, 29.59, 16.62, 16.84
11.54, 6.02, 11.24, 13.81, 26.44, 17.42, 20.37, 16.16, 19.70, 13.24, 21.97, 27.48, 20.24, 28.63, 15.82, 16.04
11.52, 6.04, 11.34, 13.89, 26.50, 17.43, 20.33, 16.11, 19.84, 13.26, 21.72, 27.15, 19.26, 27.22, 14.61, 14.74
11.93, 6.14, 11.60, 14.10, 26.66, 17.50, 20.32, 16.07, 20.32, 13.54, 21.67, 26.98, 18.20, 25.74, 13.08, 13.16
12.20, 6.35, 11.90, 14.36, 27.00, 17.66, 20.21, 15.95, 20.91, 13.98, 22.12, 27.18, 17.79, 25.10, 12.35, 12.39
12.64, 6.67, 12.31, 14.73, 27.32, 18.00, 20.09, 15.88, 21.39, 14.40, 22.60, 27.54, 17.58, 24.66, 11.82, 11.85
12.86, 6.98, 12.72, 15.13, 27.67, 18.25, 19.99, 15.80, 21.77, 14.74, 22.83, 27.84, 17.33, 24.28, 11.31, 11.33
13.12, 7.28, 13.03, 15.48, 28.08, 18.56, 19.94, 15.81, 22.09, 15.02, 23.06, 28.12, 17.12, 23.99, 10.90, 10.96
13.64, 7.58, 13.40, 15.85, 28.57, 18.90, 20.01, 15.84, 22.40, 15.30, 23.34, 28.43, 17.05, 23.91, 10.70, 10.84
14.01, 7.80, 13.69, 16.21, 29.03, 19.16, 20.15, 15.87, 22.62, 15.49, 23.54, 28.69, 17.03, 23.89, 10.64, 10.82
14.17, 7.96, 13.91, 16.41, 29.53, 19.36, 20.54, 16.05, 22.65, 15.54, 23.66, 28.79, 17.27, 24.21, 10.95, 11.10
14.03, 7.90, 13.97, 16.44, 29.93, 19.50, 21.08, 16.32, 22.44, 15.33, 23.58, 28.70, 17.75, 24.80, 11.75, 11.83
13.94, 7.71, 13.79, 16.23, 30.01, 19.48, 21.50, 16.60, 21.82, 14.82, 23.13, 28.35, 18.36, 25.59, 12.82, 12.94
13.59, 7.50, 13.42, 15.83, 29.69, 19.24, 21.67, 16.65, 20.98, 14.00, 22.35, 27.72, 18.80, 26.18, 13.81, 14.00
13.12, 7.18, 12.98, 15.34, 29.21, 18.88, 21.70, 16.63, 20.11, 13.22, 21.61, 27.00, 19.09, 26.68, 14.60, 14.86
12.65, 6.91, 12.56, 14.98, 28.79, 18.51, 21.65, 16.64, 19.42, 12.65, 20.90, 26.28, 19.12, 26.85, 14.93, 15.28
12.33, 6.68, 12.22, 14.68, 28.37, 18.30, 21.56, 16.61, 18.91, 12.22, 20.30, 25.64, 18.92, 26.72, 14.93, 15.31
12.07, 6.54, 12.02, 14.46, 28.17, 18.15, 21.52, 16.57, 18.54, 11.81, 19.79, 24.98, 18.59, 26.27, 14.62, 15.01
12.18, 6.51, 11.94, 14.42, 28.18, 18.17, 21.55, 16.64, 18.33, 11.55, 19.41, 24.40, 18.08, 25.61, 14.03, 14.41
12.32, 6.53, 12.06, 14.52, 28.52, 18.40, 21.84, 16.87, 18.26, 11.40, 19.21, 24.11, 17.70, 25.00, 13.46, 13.85
12.23, 6.63, 12.19, 14.69, 28.87, 18.66, 22.03, 17.02, 18.30, 11.41, 19.16, 24.02, 17.39, 24.57, 12.93, 13.31
12.59, 6.78, 12.43, 14.93, 29.14, 18.87, 22.10, 17.08, 18.50, 11.56, 19.26, 24.16, 17.07, 24.20, 12.45, 12.79
12.81, 6.92, 12.71, 15.22, 29.50, 19.14, 22.13, 17.13, 18.75, 11.79, 19.48, 24.42, 17.09, 24.26, 12.39, 12.71
12.95, 7.10, 12.96, 15.49, 29.84, 19.45, 22.26, 17.23, 19.06, 12.05, 19.94, 24.87, 17.28, 24.49, 12.46, 12.81
13.05, 7.28, 13.20, 15.73, 30.25, 19.69, 22.40, 17.31, 19.34, 12.38, 20.32, 25.24, 17.44, 24.66, 12.49, 12.81
13.35, 7.36, 13.44, 15.96, 30.67, 19.91, 22.73, 17.49, 19.64, 12.67, 20.65, 25.56, 17.55, 24.71, 12.44, 12.69
13.29, 7.44, 13.65, 16.09, 31.12, 20.13, 23.06, 17.71, 19.83, 12.87, 20.93, 25.75, 17.58, 24.74, 12.38, 12.62
13.64, 7.51, 13.82, 16.22, 31.53, 20.30, 23.31, 17.91, 19.93, 12.94, 21.05, 25.85, 17.58, 24.68, 12.32, 12.59
13.50, 7.50, 13.90, 16.27, 31.82, 20.49, 23.55, 17.99, 19.92, 12.94, 21.06, 25.85, 17.60, 24.69, 12.35, 12.58
13.67, 7.46, 14.00, 16.25, 32.13, 20.55, 23.79, 18.19, 19.82, 12.84, 20.93, 25.67, 17.51, 24.54, 12.30, 12.54
13.50, 7.42, 13.99, 16.23, 32.37, 20.60, 24.06, 18.34, 19.63, 12.66, 20.66, 25.35, 17.35, 24.34, 12.19, 12.38
13.53, 7.39, 13.98, 16.18, 32.79, 20.79, 24.43, 18.55, 19.31, 12.39, 20.24, 24.92, 17.09, 24.00, 12.02, 12.14
13.47, 7.28, 13.92, 16.08, 33.11, 20.93, 24.82, 18.82, 19.03, 12.06, 19.73, 24.50, 16.80, 23.58, 11.74, 11.86
13.34, 7.23, 13.83, 16.02, 33.48, 21.11, 25.24, 19.07, 18.71, 11.73, 19.24, 24.07, 16.46, 23.10, 11.41, 11.51
13.30, 7.14, 13.90, 15.95, 33.86, 21.23, 25.54, 19.28, 18.40, 11.44, 18.81, 23.61, 16.12, 22.61, 11.07, 11.10
13.39, 7.08, 13.84, 15.92, 34.39, 21.33, 25.91, 19.53, 18.07, 11.08, 18.41, 23.09, 15.64, 21.98, 10.64, 10.53
13.19, 7.10, 13.91, 15.92, 35.00, 21.67, 26.53, 19.86, 17.86, 10.86, 18.10, 22.75, 15.40, 21.72, 10.44, 10.30
13.32, 7.01, 14.03, 16.03, 35.76, 22.04, 27.22, 20.35, 17.65, 10.69, 17.90, 22.50, 15.36, 21.61, 10.46, 10.32
13.28, 6.98, 14.01, 16.09, 36.57, 22.43, 27.97, 20.92, 17.43, 10.51, 17.74, 22.30, 15.46, 21.63, 10.68, 10.46
13.14, 6.90, 14.09, 16.13, 37.15, 22.68, 28.52, 21.32, 17.25, 10.37, 17.54, 22.11, 15.48, 21.67, 10.84, 10.60
12.93, 6.81, 14.10, 16.06, 37.48, 22.80, 28.75, 21.49, 17.07, 10.23, 17.37, 21.98, 15.49, 21.68, 11.02, 10.75
12.93, 6.75, 14.03, 16.00, 37.72, 22.85, 28.97, 21.70, 16.95, 10.14, 17.29, 21.87, 15.59, 21.79, 11.27, 10.96
12.76, 6.70, 14.02, 15.92, 37.76, 22.90, 29.00, 21.77, 16.86, 10.08, 17.21, 21.80, 15.71, 21.96, 11.47, 11.18
12.78, 6.66, 13.91, 15.87, 37.74, 22.90, 28.94, 21.74, 16.79, 10.04, 17.16, 21.81, 15.94, 22.31, 11.99, 11.65
12.76, 6.66, 13.89, 15.82, 37.81, 22.94, 29.00, 21.87, 16.67, 9.97, 17.08, 21.73, 16.41, 22.81, 12.68, 12.42
12.74, 6.60, 13.86, 15.76, 37.74, 23.01, 29.04, 21.91, 16.49, 9.85, 16.99, 21.60, 16.75, 23.30, 13.35, 13.08
12.75, 6.58, 13.80, 15.61, 37.58, 22.90, 28.95, 21.86, 16.27, 9.70, 16.82, 21.48, 17.17, 23.82, 14.07, 13.89
12.48, 6.49, 13.58, 15.46, 37.36, 22.80, 28.90, 21.88, 15.99, 9.55, 16.60, 21.27, 17.58, 24.45, 14.94, 14.79
12.27, 6.36, 13.32, 15.26, 37.02, 22.59, 28.87, 21.90, 15.64, 9.27, 16.32, 20.96, 17.88, 24.88, 15.70, 15.60
11.92, 6.14, 13.08, 14.94, 36.45, 22.35, 28.73, 21.81, 15.20, 8.91, 15.90, 20.44, 17.97, 25.07, 16.25, 16.13
11.73, 5.91, 12.71, 14.61, 35.78, 21.93, 28.49, 21.70, 14.82, 8.63, 15.46, 19.98, 17.98, 25.09, 16.58, 16.48
11.48, 5.72, 12.37, 14.33, 35.26, 21.63, 28.32, 21.56, 14.55, 8.44, 15.14, 19.64, 17.92, 25.14, 16.81, 16.73
11.28, 5.55, 12.20, 14.12, 34.79, 21.28, 28.06, 21.39, 14.39, 8.33, 14.93, 19.45, 17.92, 25.22, 16.96, 16.89
11.14, 5.42, 11.98, 13.94, 34.18, 20.94, 27.65, 21.15, 14.30, 8.26, 14.79, 19.31, 18.03, 25.35, 17.08, 17.04
11.20, 5.38, 11.83, 13.84, 33.70, 20.66, 27.32, 20.90, 14.31, 8.26, 14.76, 19.29, 18.14, 25.54, 17.29, 17.19
11.04, 5.33, 11.72, 13.79, 33.30, 20.52, 27.04, 20.81, 14.34, 8.29, 14.83, 19.34, 18.37, 25.87, 17.54, 17.45
11.06, 5.31, 11.63, 13.76, 33.04, 20.37, 26.81, 20.66, 14.45, 8.34, 14.95, 19.46, 18.64, 26.19, 17.74, 17.61
10.90, 5.33, 11.60, 13.73, 32.72, 20.26, 26.49, 20.48, 14.55, 8.45, 15.16, 19.68, 18.83, 26.48, 17.86, 17.76
11.13, 5.35, 11.59, 13.72, 32.60, 20.20, 26.36, 20.34, 14.74, 8.60, 15.38, 19.91, 19.32, 27.01, 18.35, 18.19
10.98, 5.35, 11.53, 13.72, 32.60, 20.17, 26.46, 20.44, 14.75, 8.60, 15.56, 20.06, 19.68, 27.37, 18.82, 18.67
10.93, 5.29, 11.55, 13.68, 32.65, 20.18, 26.63, 20.55, 14.75, 8.57, 15.63, 20.04, 19.88, 27.48, 19.13, 18.83
10.93, 5.23, 11.54, 13.63, 32.67, 20.19, 26.68, 20.56, 14.71, 8.51, 15.63, 20.01, 19.97, 27.55, 19.33, 18.93
10.82, 5.14, 11.51, 13.57, 32.66, 20.17, 26.79, 20.67, 14.64, 8.46, 15.62, 20.00, 20.08, 27.67, 19.53, 19.14
10.65, 5.08, 11.45, 13.51, 32.67, 20.21, 26.85, 20.69, 14.49, 8.38, 15.54, 19.94, 20.11, 27.66, 19.68, 19.26
10.80, 5.06, 11.41, 13.48, 32.56, 20.12, 26.83, 20.66, 14.36, 8.34, 15.46, 19.88, 19.98, 27.51, 19.59, 19.13
10.60, 5.06, 11.38, 13.47, 32.44, 20.10, 26.74, 20.64, 14.37, 8.33, 15.37, 19.85, 19.81, 27.36, 19.40, 18.93
10.73, 5.06, 11.28, 13.43, 32.41, 20.13, 26.70, 20.65, 14.41, 8.38, 15.41, 19.94, 19.76, 27.37, 19.26, 18.87
10.76, 5.04, 11.28, 13.42, 32.28, 20.07, 26.56, 20.62, 14.52, 8.48, 15.50, 20.09, 19.83, 27.39, 19.18, 18.77
10.71, 5.10, 11.24, 13.41, 32.00, 19.99, 26.20, 20.40, 14.73, 8.60, 15.67, 20.31, 19.81, 27.39, 18.95, 18.55
10.82, 5.15, 11.24, 13.45, 31.64, 19.83, 25.83, 20.19, 14.94, 8.82, 15.91, 20.51, 19.85, 27.51, 18.72, 18.39
10.76, 5.21, 11.21, 13.50, 31.41, 19.76, 25.52, 19.91, 15.13, 9.02, 16.27, 20.80, 20.06, 27.70, 18.75, 18.40
10.89, 5.35, 11.15, 13.49, 31.10, 19.68, 25.08, 19.64, 15.35, 9.26, 16.58, 21.15, 20.24, 27.96, 18.73, 18.41
11.03, 5.42, 11.21, 13.54, 30.86, 19.56, 24.71, 19.39, 15.57, 9.47, 16.87, 21.43, 20.35, 28.12, 18.66, 18.29
11.04, 5.53, 11.23, 13.59, 30.65, 19.47, 24.30, 19.11, 15.78, 9.63, 17.11, 21.69, 20.36, 28.10, 18.41, 18.11
11.37, 5.60, 11.32, 13.65, 30.52, 19.39, 23.99, 18.87, 15.97, 9.81, 17.31, 21.94, 20.27, 28.02, 18.17, 17.88
11.42, 5.71, 11.42, 13.77, 30.40, 19.28, 23.64, 18.68, 16.12, 9.97, 17.46, 22.13, 20.03, 27.80, 17.70, 17.51
11.68, 5.86, 11.58, 13.90, 30.40, 19.35, 23.41, 18.57, 16.30, 10.13, 17.61, 22.31, 19.63, 27.41, 16.94, 16.93
11.83, 6.00, 11.68, 14.08, 30.69, 19.50, 23.43, 18.55, 16.58, 10.39, 17.81, 22.60, 19.37, 27.24, 16.44, 16.52
11.91, 6.10, 11.83, 14.25, 30.87, 19.67, 23.52, 18.60, 16.83, 10.63, 18.08, 22.94, 19.22, 27.12, 16.07, 16.23
11.87, 6.18, 11.95, 14.34, 31.00, 19.73, 23.49, 18.61, 17.17, 10.90, 18.36, 23.28, 19.05, 26.94, 15.61, 15.79
12.07, 6.19, 12.05, 14.43, 31.06, 19.74, 23.54, 18.61, 17.41, 11.15, 18.62, 23.56, 18.71, 26.61, 15.08, 15.26
12.16, 6.22, 12.10, 14.52, 31.22, 19.77, 23.62, 18.64, 17.72, 11.41, 18.81, 23.79, 18.40, 26.32, 14.53, 14.73
12.18, 6.26, 12.25, 14.55, 31.39, 19.81, 23.73, 18.68, 17.96, 11.62, 18.99, 24.02, 18.32, 26.20, 14.28, 14.48
12.33, 6.26, 12.37, 14.64, 31.56, 19.91, 23.81, 18.74, 18.09, 11.71, 19.19, 24.19, 18.36, 26.22, 14.24, 14.47
12.27, 6.31, 12.47, 14.73, 31.65, 19.93, 23.84, 18.75, 18.18, 11.77, 19.30, 24.36, 18.32, 26.15, 14.12, 14.37
12.53, 6.35, 12.52, 14.77, 31.67, 19.95, 23.83, 18.70, 18.24, 11.84, 19.37, 24.46, 18.25, 26.04, 13.99, 14.25
12.57, 6.41, 12.50, 14.83, 31.66, 19.94, 23.74, 18.68, 18.30, 11.91, 19.44, 24.60, 18.05, 25.86, 13.75, 14.05
12.52, 6.46, 12.57, 14.89, 31.53, 19.88, 23.65, 18.56, 18.38, 12.02, 19.52, 24.70, 17.78, 25.56, 13.40, 13.65
12.62, 6.52, 12.56, 14.95, 31.38, 19.75, 23.41, 18.43, 18.58, 12.20, 19.68, 24.87, 17.52, 25.23, 12.99, 13.23
12.71, 6.54, 12.62, 14.99, 31.19, 19.72, 23.12, 18.23, 18.86, 12.46, 19.94, 25.15, 17.38, 25.08, 12.67, 12.94
12.87, 6.62, 12.65, 15.03, 30.92, 19.57, 22.92, 18.06, 19.16, 12.68, 20.22, 25.49, 17.42, 25.05, 12.53, 12.80
12.69, 6.62, 12.71, 15.06, 30.64, 19.33, 22.55, 17.85, 19.44, 12.96, 20.56, 25.86, 17.38, 25.01, 12.36, 12.59
12.72, 6.72, 12.75, 15.12, 30.14, 18.92, 21.87, 17.38, 19.79, 13.26, 20.94, 26.26, 17.17, 24.80, 11.93, 12.17
12.96, 6.86, 12.81, 15.20, 29.13, 18.28, 20.72, 16.55, 20.26, 13.68, 21.33, 26.76, 16.98, 24.56, 11.44, 11.75
13.58, 7.19, 12.95, 15.33, 27.57, 17.52, 18.99, 15.29, 20.97, 14.31, 22.05, 27.55, 16.69, 24.35, 10.86, 11.23
13.84, 7.57, 13.15, 15.63, 26.59, 17.01, 17.76, 14.44, 21.81, 15.07, 22.89, 28.46, 16.78, 24.49, 10.62, 11.00
14.15, 7.84, 13.50, 16.06, 26.62, 17.24, 17.61, 14.35, 22.73, 15.87, 23.90, 29.55, 16.87, 24.62, 10.40, 10.82
14.29, 8.06, 13.92, 16.45, 26.73, 17.54, 17.51, 14.39, 23.65, 16.64, 24.77, 30.46, 16.84, 24.66, 10.09, 10.46
14.74, 8.31, 14.29, 16.82, 26.70, 17.62, 17.18, 14.20, 24.32, 17.21, 25.42, 31.15, 16.78, 24.63, 9.85, 10.30
15.06, 8.47, 14.60, 17.06, 26.50, 17.60, 16.78, 13.92, 24.63, 17.48, 25.71, 31.48, 16.70, 24.62, 9.76, 10.25
15.33, 8.71, 14.84, 17.29, 25.86, 17.26, 15.88, 13.33, 24.65, 17.52, 25.74, 31.62, 16.61, 24.66, 9.76, 10.27
15.29, 8.97, 14.89, 17.45, 25.87, 17.48, 15.74, 13.25, 24.53, 17.47, 25.66, 31.58, 16.58, 24.73, 9.84, 10.39
15.19, 8.92, 14.92, 17.54, 25.99, 17.61, 16.07, 13.49, 24.43, 17.39, 25.58, 31.57, 16.60, 24.78, 9.89, 10.47
15.30, 8.83, 14.93, 17.49, 26.12, 17.73, 16.24, 13.64, 24.27, 17.27, 25.46, 31.44, 16.66, 24.83, 10.03, 10.61
15.07, 8.69, 14.72, 17.26, 26.23, 17.67, 16.47, 13.76, 24.05, 17.06, 25.23, 31.16, 16.68, 24.82, 10.09, 10.70
14.76, 8.52, 14.43, 16.92, 26.20, 17.57, 16.63, 13.89, 23.78, 16.71, 24.83, 30.73, 16.82, 24.91, 10.33, 10.93
14.61, 8.34, 14.19, 16.64, 26.18, 17.57, 16.86, 14.09, 23.32, 16.18, 24.32, 30.19, 16.86, 24.94, 10.55, 11.14
14.26, 8.14, 13.88, 16.41, 26.23, 17.55, 17.16, 14.28, 22.83, 15.63, 23.69, 29.73, 16.93, 25.00, 10.86, 11.43
14.16, 7.95, 13.50, 16.16, 26.54, 17.71, 17.71, 14.64, 22.26, 15.10, 23.23, 29.14, 17.19, 25.28, 11.40, 11.97
13.76, 7.76, 13.37, 15.92, 26.81, 17.80, 18.33, 15.03, 21.64, 14.50, 22.72, 28.55, 17.66, 25.62, 12.06, 12.71
13.60, 7.59, 13.15, 15.72, 26.93, 17.76, 18.68, 15.20, 21.09, 14.00, 22.33, 28.03, 18.04, 25.94, 12.74, 13.31
13.37, 7.48, 12.93, 15.52, 26.95, 17.73, 18.87, 15.28, 20.68, 13.61, 21.99, 27.68, 18.37, 26.26, 13.23, 13.72
13.19, 7.32, 12.71, 15.35, 26.97, 17.69, 19.04, 15.38, 20.41, 13.38, 21.76, 27.44, 18.64, 26.50, 13.59, 14.03
13.05, 7.24, 12.56, 15.21, 26.84, 17.62, 19.07, 15.38, 20.31, 13.26, 21.70, 27.36, 18.81, 26.73, 13.84, 14.28
12.90, 7.15, 12.38, 15.06, 26.54, 17.44, 18.82, 15.15, 20.36, 13.27, 21.73, 27.40, 19.04, 27.13, 14.10, 14.52
12.87, 7.05, 12.16, 14.92, 26.23, 17.26, 18.55, 14.98, 20.41, 13.33, 21.83, 27.53, 19.34, 27.56, 14.39, 14.89
12.74, 6.98, 12.03, 14.81, 25.93, 17.08, 18.37, 14.83, 20.49, 13.37, 21.99, 27.68, 19.67, 28.10, 14.78, 15.30
12.56, 6.93, 11.77, 14.65, 25.64, 16.89, 18.12, 14.69, 20.50, 13.38, 22.12, 27.81, 20.08, 28.83, 15.35, 15.98
12.45, 6.85, 11.57, 14.51, 25.34, 16.77, 17.92, 14.60, 20.39, 13.34, 22.16, 27.95, 20.43, 29.54, 15.81, 16.61
12.13, 6.71, 11.36, 14.31, 25.00, 16.50, 17.68, 14.37, 20.26, 13.26, 22.10, 27.98, 20.74, 30.22, 16.26, 17.17
11.97, 6.60, 11.13, 14.10, 24.58, 16.27, 17.38, 14.15, 20.07, 13.18, 22.08, 28.03, 21.05, 30.85, 16.74, 17.79
11.89, 6.50, 10.90, 13.88, 24.21, 16.10, 17.12, 13.95, 19.87, 13.09, 21.98, 28.01, 21.41, 31.50, 17.22, 18.45
11.53, 6.35, 10.63, 13.65, 23.92, 15.96, 16.99, 13.90, 19.65, 12.92, 21.87, 27.96, 21.74, 32.07, 17.66, 18.98
11.45, 6.19, 10.42, 13.46, 23.72, 15.78, 17.01, 13.94, 19.46, 12.74, 21.69, 27.83, 22.00, 32.48, 18.06, 19.40
11.18, 5.97, 10.19, 13.16, 23.44, 15.58, 16.97, 13.94, 19.21, 12.52, 21.59, 27.63, 22.37, 32.90, 18.55, 19.84
10.83, 5.75, 9.89, 12.88, 23.22, 15.41, 17.02, 13.97, 19.01, 12.28, 21.40, 27.36, 22.70, 33.21, 18.99, 20.20
10.57, 5.56, 9.67, 12.64, 23.03, 15.30, 17.04, 14.00, 18.74, 12.06, 21.23, 27.13, 22.95, 33.51, 19.43, 20.58
10.48, 5.36, 9.42, 12.45, 22.88, 15.16, 17.08, 14.09, 18.51, 11.86, 21.03, 26.91, 23.10, 33.72, 19.72, 20.81
10.28, 5.27, 9.27, 12.29, 22.74, 15.12, 17.04, 14.12, 18.34, 11.75, 20.85, 26.79, 23.22, 33.91, 19.95, 20.98
10.05, 5.19, 9.16, 12.16, 22.62, 15.08, 16.99, 14.07, 18.21, 11.67, 20.71, 26.62, 23.39, 34.03, 20.15, 21.14
10.03, 5.12, 9.08, 12.09, 22.54, 14.99, 16.97, 14.07, 18.06, 11.55, 20.61, 26.49, 23.63, 34.42, 20.55, 21.48
9.90, 5.08, 8.95, 12.01, 22.54, 15.03, 16.99, 14.15, 17.87, 11.42, 20.43, 26.35, 23.85, 34.69, 20.89, 21.78
9.75, 5.01, 8.92, 11.96, 22.54, 15.06, 17.10, 14.24, 17.67, 11.31, 20.28, 26.25, 23.92, 34.84, 21.08, 22.01
9.71, 4.97, 8.92, 11.90, 22.56, 15.03, 17.18, 14.32, 17.57, 11.27, 20.16, 26.11, 23.78, 34.75, 20.97, 21.90
9.70, 4.92, 8.83, 11.88, 22.69, 15.04, 17.34, 14.43, 17.61, 11.31, 20.14, 26.12, 23.64, 34.52, 20.81, 21.73
9.71, 4.91, 8.83, 11.91, 22.86, 15.16, 17.52, 14.57, 17.71, 11.36, 20.26, 26.20, 23.62, 34.43, 20.71, 21.59
9.75, 4.92, 8.99, 11.93, 23.05, 15.24, 17.67, 14.70, 17.87, 11.44, 20.38, 26.30, 23.64, 34.37, 20.56, 21.43
9.79, 4.96, 9.05, 12.03, 23.19, 15.42, 17.81, 14.76, 18.00, 11.55, 20.48, 26.39, 23.65, 34.34, 20.43, 21.30
9.80, 5.00, 9.11, 12.09, 23.36, 15.53, 17.91, 14.86, 18.07, 11.61, 20.57, 26.46, 23.60, 34.28, 20.36, 21.22
9.86, 5.05, 9.23, 12.22, 23.61, 15.68, 18.13, 14.99, 18.08, 11.62, 20.52, 26.43, 23.51, 34.15, 20.27, 21.10
9.90, 5.09, 9.30, 12.31, 23.99, 15.91, 18.47, 15.24, 18.01, 11.55, 20.46, 26.28, 23.36, 33.81, 20.04, 20.88
10.09, 5.13, 9.42, 12.44, 24.43, 16.15, 18.91, 15.56, 17.93, 11.49, 20.33, 26.07, 23.09, 33.33, 19.80, 20.61
10.22, 5.16, 9.53, 12.53, 25.07, 16.58, 19.60, 16.04, 17.91, 11.42, 20.14, 25.85, 22.88, 32.96, 19.55, 20.32
10.12, 5.12, 9.64, 12.61, 25.89, 17.15, 20.61, 16.57, 17.81, 11.29, 19.96, 25.60, 22.83, 32.69, 19.64, 20.26
10.06, 4.99, 9.79, 12.72, 26.72, 17.54, 21.77, 17.26, 17.53, 10.98, 19.60, 25.11, 22.62, 32.20, 19.57, 20.11
9.94, 4.83, 9.94, 12.66, 27.49, 17.92, 22.68, 17.82, 17.18, 10.68, 19.14, 24.48, 22.26, 31.58, 19.39, 19.88
9.67, 4.66, 10.00, 12.60, 28.43, 18.42, 23.79, 18.48, 16.79, 10.33, 18.53, 23.81, 21.95, 30.89, 19.08, 19.69
9.85, 4.51, 10.07, 12.54, 29.05, 18.59, 24.62, 19.00, 16.44, 10.04, 18.02, 23.25, 21.63, 30.41, 18.96, 19.60
9.51, 4.38, 10.01, 12.43, 29.51, 18.77, 25.08, 19.35, 16.06, 9.77, 17.54, 22.74, 21.38, 30.07, 18.96, 19.60
9.47, 4.27, 9.95, 12.36, 29.81, 18.95, 25.49, 19.69, 15.76, 9.55, 17.15, 22.34, 21.21, 29.77, 19.00, 19.65
9.20, 4.19, 9.75, 12.25, 29.89, 18.98, 25.77, 19.96, 15.48, 9.36, 16.83, 21.98, 21.09, 29.59, 19.08, 19.74
9.23, 4.06, 9.67, 12.15, 29.93, 19.04, 25.95, 20.09, 15.30, 9.20, 16.58, 21.69, 20.97, 29.35, 19.14, 19.75
9.05, 3.95, 9.52, 12.04, 29.84, 18.94, 25.99, 20.15, 15.18, 9.09, 16.47, 21.49, 20.90, 29.17, 19.12, 19.74
8.92, 3.92, 9.52, 11.99, 29.68, 18.79, 25.80, 20.02, 15.14, 9.07, 16.38, 21.41, 20.85, 29.00, 19.06, 19.62
8.99, 3.92, 9.51, 11.98, 29.49, 18.66, 25.55, 19.75, 15.18, 9.07, 16.41, 21.38, 20.88, 29.03, 19.01, 19.59
9.03, 3.96, 9.58, 12.04, 29.44, 18.67, 25.40, 19.75, 15.27, 9.14, 16.49, 21.48, 20.95, 29.09, 19.10, 19.63
9.26, 4.06, 9.68, 12.17, 29.45, 18.74, 25.31, 19.64, 15.34, 9.21, 16.57, 21.60, 21.05, 29.24, 19.14, 19.64
9.23, 4.22, 9.78, 12.33, 29.43, 18.76, 25.04, 19.58, 15.43, 9.29, 16.70, 21.79, 21.11, 29.35, 19.14, 19.66
9.53, 4.39, 9.94, 12.55, 29.48, 18.90, 24.92, 19.43, 15.53, 9.40, 16.85, 21.93, 21.15, 29.40, 19.04, 19.60
9.68, 4.56, 10.19, 12.74, 29.62, 18.98, 24.81, 19.35, 15.63, 9.49, 17.00, 22.09, 21.15, 29.47, 18.96, 19.53
10.15, 4.79, 10.48, 12.90, 29.73, 19.14, 24.60, 19.16, 15.76, 9.60, 17.17, 22.26, 21.13, 29.41, 18.80, 19.36
10.36, 5.00, 10.70, 13.12, 29.96, 19.30, 24.53, 19.10, 15.91, 9.73, 17.33, 22.36, 20.97, 29.23, 18.41, 19.02
10.41, 5.20, 10.93, 13.33, 30.18, 19.43, 24.53, 19.09, 16.07, 9.90, 17.45, 22.50, 20.57, 28.87, 17.95, 18.41
10.79, 5.35, 11.13, 13.49, 30.37, 19.60, 24.48, 18.96, 16.27, 10.08, 17.58, 22.60, 20.29, 28.54, 17.41, 17.93
10.97, 5.50, 11.25, 13.65, 30.58, 19.72, 24.45, 18.96, 16.44, 10.25, 17.76, 22.75, 20.12, 28.37, 17.11, 17.66
11.06, 5.62, 11.37, 13.77, 30.83, 19.87, 24.59, 19.04, 16.60, 10.41, 17.90, 22.88, 19.98, 28.23, 16.82, 17.39
11.12, 5.77, 11.44, 13.90, 31.14, 20.02, 24.73, 19.13, 16.73, 10.49, 17.96, 22.93, 19.82, 28.05, 16.56, 17.14
11.31, 5.80, 11.61, 13.99, 31.56, 20.19, 25.03, 19.37, 16.76, 10.51, 17.99, 22.91, 19.69, 27.78, 16.37, 16.92
11.46, 5.81, 11.65, 14.07, 32.06, 20.40, 25.52, 19.72, 16.75, 10.49, 17.88, 22.77, 19.55, 27.53, 16.21, 16.70
11.45, 5.77, 11.67, 14.10, 32.43, 20.48, 26.01, 19.92, 16.66, 10.38, 17.73, 22.54, 19.33, 27.21, 16.06, 16.53
11.36, 5.69, 11.80, 14.11, 32.98, 20.68, 26.65, 20.32, 16.44, 10.20, 17.40, 22.19, 19.07, 26.78, 15.85, 16.30
11.18, 5.60, 11.81, 14.07, 33.54, 20.85, 27.34, 20.68, 16.14, 9.94, 16.94, 21.80, 18.73, 26.37, 15.71, 16.04
11.23, 5.56, 11.82, 14.01, 34.10, 21.08, 27.97, 21.04, 15.85, 9.66, 16.49, 21.40, 18.40, 25.96, 15.56, 15.84
10.98, 5.39, 11.87, 13.93, 34.51, 21.25, 28.51, 21.40, 15.58, 9.38, 16.10, 21.10, 18.15, 25.63, 15.48, 15.71
11.02, 5.31, 11.83, 13.89, 34.79, 21.35, 28.74, 21.62, 15.36, 9.22, 15.88, 20.87, 18.06, 25.50, 15.64, 15.83
10.98, 5.20, 11.68, 13.82, 34.79, 21.36, 28.82, 21.83, 15.15, 9.05, 15.74, 20.67, 18.09, 25.49, 15.90, 16.03
10.80, 5.17, 11.51, 13.75, 34.47, 21.20, 28.63, 21.74, 15.04, 8.98, 15.65, 20.61, 18.27, 25.73, 16.26, 16.40
10.52, 5.11, 11.44, 13.64, 34.16, 20.99, 28.46, 21.57, 14.99, 8.91, 15.66, 20.58, 18.49, 26.03, 16.65, 16.82
10.44, 5.07, 11.37, 13.56, 33.92, 20.90, 28.41, 21.63, 14.98, 8.89, 15.66, 20.56, 18.78, 26.37, 17.05, 17.15
10.41, 4.99, 11.28, 13.53, 33.77, 20.78, 28.36, 21.61, 14.92, 8.84, 15.71, 20.58, 19.03, 26.75, 17.48, 17.60
10.44, 4.90, 11.28, 13.40, 33.54, 20.71, 28.25, 21.57, 14.88, 8.81, 15.71, 20.58, 19.30, 27.04, 17.84, 17.94
10.40, 4.87, 11.18, 13.37, 33.29, 20.53, 28.04, 21.42, 14.84, 8.81, 15.69, 20.58, 19.44, 27.40, 18.09, 18.22
10.18, 4.86, 11.12, 13.32, 33.03, 20.46, 27.75, 21.27, 14.81, 8.77, 15.66, 20.59, 19.65, 27.77, 18.45, 18.60
10.25, 4.84, 11.18, 13.29, 32.68, 20.27, 27.43, 21.07, 14.71, 8.73, 15.65, 20.62, 19.80, 28.04, 18.71, 18.99
10.24, 4.87, 11.07, 13.26, 32.22, 20.10, 27.04, 20.81, 14.65, 8.72, 15.64, 20.64, 19.89, 28.25, 18.87, 19.21
10.24, 4.83, 10.99, 13.23, 31.74, 19.82, 26.53, 20.54, 14.68, 8.73, 15.66, 20.69, 19.91, 28.38, 18.92, 19.33
10.17, 4.89, 10.99, 13.20, 31.11, 19.51, 25.95, 20.17, 14.77, 8.82, 15.79, 20.84, 20.03, 28.60, 19.02, 19.43
10.17, 4.95, 10.91, 13.21, 30.35, 19.14, 25.13, 19.68, 14.90, 8.92, 15.97, 21.10, 20.12, 28.80, 19.02, 19.50
10.54, 5.06, 10.83, 13.22, 29.28, 18.65, 23.93, 18.97, 15.14, 9.13, 16.32, 21.45, 20.19, 28.87, 18.84, 19.29
10.66, 5.28, 10.82, 13.33, 28.23, 17.96, 22.55, 18.12, 15.48, 9.44, 16.74, 21.78, 20.22, 28.88, 18.58, 18.99
10.95, 5.65, 10.80, 13.54, 27.21, 17.46, 21.17, 17.24, 15.91, 9.89, 17.42, 22.32, 20.29, 28.96, 18.23, 18.63
11.25, 5.97, 10.95, 13.83, 27.05, 17.61, 20.79, 17.00, 16.39, 10.31, 17.99, 22.93, 20.39, 29.06, 17.92, 18.35
11.63, 6.19, 11.35, 14.14, 27.32, 17.95, 20.78, 17.03, 16.99, 10.80, 18.63, 23.64, 20.47, 29.17, 17.48, 17.92
11.91, 6.36, 11.67, 14.37, 27.65, 18.17, 20.80, 17.01, 17.43, 11.18, 19.13, 24.14, 20.25, 28.89, 16.89, 17.39
12.27, 6.54, 12.00, 14.58, 28.03, 18.38, 20.75, 16.96, 17.83, 11.52, 19.52, 24.51, 19.75, 28.22, 16.01, 16.56
12.44, 6.72, 12.28, 14.83, 28.35, 18.57, 20.74, 16.93, 18.20, 11.83, 19.76, 24.74, 18.99, 27.33, 15.06, 15.50
12.85, 6.90, 12.49, 15.07, 28.85, 18.88, 20.84, 17.00, 18.61, 12.17, 20.00, 25.03, 18.33, 26.39, 14.08, 14.47
12.90, 7.10, 12.84, 15.40, 29.53, 19.27, 21.20, 17.25, 19.11, 12.57, 20.34, 25.35, 17.44, 25.23, 12.80, 13.23
13.09, 7.29, 13.23, 15.74, 30.33, 19.73, 21.60, 17.50, 19.67, 12.97, 20.69, 25.63, 16.98, 24.52, 11.99, 12.43
13.38, 7.49, 13.61, 16.09, 31.21, 20.23, 22.17, 17.81, 20.01, 13.21, 21.03, 25.93, 16.96, 24.28, 11.71, 12.21
13.71, 7.61, 14.02, 16.42, 32.16, 20.71, 22.84, 18.19, 20.08, 13.24, 21.13, 25.99, 16.86, 24.01, 11.56, 11.92
13.95, 7.77, 14.40, 16.65, 32.97, 21.11, 23.33, 18.41, 19.89, 13.11, 20.88, 25.66, 16.60, 23.49, 11.25, 11.48
14.00, 7.88, 14.63, 16.84, 33.61, 21.40, 23.80, 18.63, 19.52, 12.81, 20.37, 25.18, 16.11, 22.80, 10.80, 10.88
14.10, 7.97, 14.87, 17.00, 34.27, 21.67, 24.33, 18.92, 19.10, 12.35, 19.76, 24.60, 15.59, 21.98, 10.30, 10.27
14.30, 7.96, 15.09, 17.14, 34.71, 21.92, 24.69, 19.14, 18.80, 11.97, 19.29, 24.12, 15.03, 21.20, 9.68, 9.58
14.48, 8.07, 15.43, 17.35, 35.14, 22.06, 24.86, 19.21, 18.61, 11.75, 18.90, 23.60, 14.38, 20.34, 8.80, 8.76
14.69, 8.24, 15.74, 17.63, 35.47, 22.20, 24.87, 19.24, 18.52, 11.66, 18.60, 23.21, 13.82, 19.64, 8.11, 8.12
14.99, 8.44, 16.14, 18.04, 35.94, 22.50, 24.90, 19.25, 18.47, 11.55, 18.36, 22.90, 13.29, 18.97, 7.46, 7.55
15.29, 8.78, 16.76, 18.60, 36.30, 22.62, 24.74, 19.12, 18.46, 11.49, 18.12, 22.55, 12.67, 18.24, 6.75, 6.93
15.88, 9.16, 17.39, 19.22, 36.59, 22.76, 24.46, 18.98, 18.45, 11.40, 18.04, 22.42, 12.29, 17.74, 6.35, 6.56
16.54, 9.63, 18.23, 20.01, 36.83, 22.97, 24.11, 18.79, 18.51, 11.39, 18.13, 22.44, 12.07, 17.47, 6.05, 6.31
17.09, 10.20, 19.23, 20.94, 36.67, 22.82, 23.36, 18.21, 18.74, 11.53, 18.33, 22.59, 11.92, 17.24, 5.83, 6.11
17.66, 10.70, 19.95, 21.62, 35.96, 22.35, 22.26, 17.32, 18.99, 11.74, 18.62, 22.83, 12.03, 17.30, 5.81, 6.08
18.43, 11.30, 20.76, 22.37, 34.61, 21.53, 20.62, 16.24, 19.30, 12.07, 19.01, 23.11, 12.08, 17.45, 5.81, 6.03
19.33, 12.09, 21.66, 23.20, 33.16, 20.52, 18.74, 15.07, 19.68, 12.46, 19.49, 23.38, 12.19, 17.59, 5.81, 5.99
20.36, 12.94, 22.61, 24.12, 32.68, 20.43, 17.97, 14.51, 20.13, 12.90, 19.96, 23.84, 12.30, 17.75, 5.83, 6.02
20.89, 13.60, 23.90, 25.35, 32.62, 20.50, 17.83, 14.45, 20.64, 13.34, 20.38, 24.32, 12.47, 17.98, 5.89, 6.05
21.84, 14.28, 24.89, 26.23, 32.35, 20.47, 17.29, 14.11, 20.97, 13.65, 20.73, 24.63, 12.53, 18.18, 5.93, 6.09
22.56, 14.93, 25.74, 26.99, 31.94, 20.28, 16.69, 13.69, 21.12, 13.78, 20.94, 24.85, 12.60, 18.35, 6.03, 6.19
23.19, 15.45, 26.37, 27.51, 31.24, 19.94, 16.06, 13.17, 21.02, 13.72, 20.92, 24.83, 12.60, 18.38, 6.09, 6.22
23.38, 15.89, 26.71, 27.77, 30.39, 19.47, 15.31, 12.57, 20.82, 13.59, 20.83, 24.70, 12.52, 18.38, 6.15, 6.22
23.78, 16.19, 26.75, 27.83, 29.29, 18.86, 14.49, 11.92, 20.66, 13.48, 20.77, 24.61, 12.40, 18.25, 6.13, 6.17
24.01, 16.39, 26.67, 27.75, 28.28, 18.36, 13.72, 11.24, 20.63, 13.45, 20.68, 24.48, 12.22, 18.11, 5.97, 6.05
24.03, 16.49, 26.39, 27.53, 27.32, 17.83, 12.97, 10.69, 20.69, 13.51, 20.72, 24.49, 12.11, 18.06, 5.93, 5.96
24.08, 16.55, 26.01, 27.26, 26.55, 17.60, 12.44, 10.31, 20.86, 13.68, 20.84, 24.69, 12.26, 18.16, 5.99, 6.01
23.60, 16.34, 25.81, 27.10, 26.23, 17.51, 12.39, 10.32, 21.06, 13.84, 21.10, 24.94, 12.34, 18.30, 6.04, 6.07
23.51, 16.15, 25.42, 26.81, 26.11, 17.56, 12.26, 10.29, 21.25, 14.03, 21.28, 25.20, 12.43, 18.49, 6.07, 6.14
23.39, 15.99, 25.24, 26.56, 25.96, 17.57, 12.18, 10.26, 21.52, 14.29, 21.54, 25.51, 12.55, 18.66, 6.16, 6.23
23.05, 15.77, 24.76, 26.24, 25.77, 17.50, 12.10, 10.23, 21.91, 14.60, 21.91, 25.97, 12.83, 19.01, 6.33, 6.37
22.71, 15.44, 24.35, 25.93, 25.70, 17.47, 12.13, 10.29, 22.28, 14.93, 22.28, 26.38, 13.08, 19.34, 6.50, 6.54
22.22, 15.09, 23.89, 25.51, 25.80, 17.58, 12.36, 10.47, 22.58, 15.22, 22.62, 26.79, 13.35, 19.73, 6.68, 6.75
21.67, 14.60, 23.25, 25.04, 26.09, 17.83, 12.89, 10.90, 22.80, 15.41, 22.91, 27.17, 13.75, 20.23, 6.99, 7.08
20.81, 13.90, 22.49, 24.40, 26.84, 18.34, 13.92, 11.77, 22.83, 15.42, 23.03, 27.34, 14.48, 21.00, 7.62, 7.65
19.75, 13.05, 21.51, 23.51, 27.73, 18.88, 15.28, 12.61, 22.26, 14.95, 22.90, 27.19, 15.31, 21.75, 8.58, 8.48
18.78, 12.14, 20.32, 22.43, 28.16, 19.01, 16.20, 13.12, 21.47, 14.20, 22.26, 26.75, 15.58, 22.17, 9.14, 9.03
17.98, 11.46, 19.38, 21.43, 28.41, 19.17, 16.90, 13.56, 20.95, 13.76, 21.71, 26.41, 15.90, 22.62, 9.73, 9.58
16.94, 10.75, 18.40, 20.53, 28.60, 19.20, 17.74, 14.12, 20.47, 13.31, 21.27, 26.19, 16.34, 23.22, 10.49, 10.38
16.13, 10.02, 17.32, 19.57, 28.60, 19.12, 18.35, 14.51, 20.00, 12.93, 20.88, 25.95, 16.63, 23.75, 11.17, 11.14
15.46, 9.48, 16.31, 18.71, 28.38, 18.94, 18.71, 14.75, 19.76, 12.76, 20.72, 25.81, 16.97, 24.32, 11.82, 11.91
14.90, 9.02, 15.51, 17.97, 28.21, 18.83, 19.00, 15.02, 19.62, 12.68, 20.69, 25.92, 17.41, 25.05, 12.61, 12.77
14.34, 8.60, 14.72, 17.30, 27.80, 18.59, 19.15, 15.13, 19.58, 12.69, 20.77, 26.06, 17.72, 25.61, 13.10, 13.42
13.86, 8.25, 13.95, 16.69, 27.33, 18.31, 19.16, 15.25, 19.63, 12.73, 20.86, 26.21, 18.04, 26.13, 13.55, 13.99
13.24, 7.92, 13.31, 16.12, 26.88, 18.01, 19.19, 15.35, 19.64, 12.75, 20.99, 26.40, 18.47, 26.77, 14.21, 14.75
12.91, 7.53, 12.69, 15.56, 26.42, 17.73, 19.20, 15.36, 19.56, 12.67, 21.03, 26.48, 18.85, 27.33, 14.74, 15.35
12.51, 7.24, 12.14, 15.08, 25.80, 17.28, 19.02, 15.24, 19.45, 12.62, 21.05, 26.53, 19.14, 27.84, 15.17, 15.92
12.08, 6.93, 11.74, 14.67, 25.33, 16.96, 18.89, 15.17, 19.41, 12.60, 21.15, 26.64, 19.58, 28.52, 15.70, 16.55
11.89, 6.70, 11.41, 14.33, 25.05, 16.78, 18.96, 15.19, 19.35, 12.59, 21.26, 26.86, 20.05, 29.21, 16.35, 17.22
11.66, 6.48, 11.11, 14.03, 24.72, 16.60, 18.91, 15.15, 19.25, 12.54, 21.31, 26.99, 20.43, 29.81, 16.83, 17.75
11.38, 6.29, 10.86, 13.75, 24.44, 16.44, 18.82, 15.12, 19.12, 12.46, 21.28, 26.97, 20.78, 30.36, 17.32, 18.29
11.15, 6.15, 10.66, 13.55, 24.13, 16.28, 18.77, 15.16, 18.88, 12.31, 21.20, 26.94, 21.09, 30.80, 17.79, 18.80
10.92, 6.00, 10.45, 13.36, 23.89, 16.15, 18.67, 15.13, 18.70, 12.18, 21.10, 26.90, 21.29, 31.08, 18.18, 19.10
10.92, 5.86, 10.32, 13.21, 23.70, 16.07, 18.57, 15.07, 18.60, 12.08, 21.09, 26.91, 21.51, 31.34, 18.44, 19.37
10.57, 5.73, 10.18, 13.09, 23.54, 15.98, 18.51, 15.14, 18.60, 12.06, 21.10, 26.92, 21.67, 31.53, 18.63, 19.50
10.72, 5.68, 10.11, 13.05, 23.48, 15.94, 18.51, 15.12, 18.64, 12.08, 21.19, 27.04, 21.75, 31.63, 18.71, 19.54
10.45, 5.62, 10.09, 13.04, 23.48, 15.91, 18.52, 15.12, 18.74, 12.15, 21.26, 27.09, 21.60, 31.38, 18.38, 19.22
10.50, 5.65, 10.17, 13.10, 23.51, 15.91, 18.44, 15.03, 18.93, 12.30, 21.36, 27.18, 21.01, 30.63, 17.57, 18.39
10.91, 5.73, 10.28, 13.26, 23.59, 15.99, 18.33, 14.94, 19.26, 12.60, 21.57, 27.34, 20.21, 29.65, 16.43, 17.35
11.10, 5.91, 10.58, 13.53, 23.73, 16.13, 18.16, 14.85, 19.78, 13.12, 22.02, 27.67, 19.34, 28.32, 15.11, 15.89
11.29, 6.15, 10.99, 13.92, 24.04, 16.37, 18.03, 14.76, 20.63, 13.99, 22.61, 28.06, 17.96, 26.35, 13.09, 13.61
11.75, 6.51, 11.51, 14.39, 24.42, 16.54, 17.83, 14.62, 21.97, 15.05, 23.30, 28.78, 16.81, 24.67, 11.14, 11.52
12.56, 6.89, 12.04, 14.93, 24.78, 16.78, 17.47, 14.29, 23.38, 16.22, 24.32, 29.74, 16.55, 23.97, 10.24, 10.54
12.98, 7.35, 12.71, 15.46, 25.21, 17.16, 17.24, 14.11, 24.36, 17.00, 25.33, 30.71, 16.72, 23.76, 10.08, 10.23
13.67, 7.85, 13.36, 16.11, 25.90, 17.69, 17.35, 14.18, 24.84, 17.47, 25.89, 31.23, 16.70, 23.48, 9.88, 9.91
14.23, 8.28, 13.95, 16.75, 26.64, 18.21, 17.65, 14.40, 25.04, 17.65, 26.13, 31.49, 16.56, 23.19, 9.70, 9.66
14.58, 8.59, 14.42, 17.29, 27.12, 18.55, 17.79, 14.46, 25.16, 17.80, 26.32, 31.73, 16.27, 22.87, 9.36, 9.36
14.86, 8.88, 14.84, 17.75, 27.51, 18.76, 17.83, 14.44, 25.51, 18.14, 26.52, 32.01, 15.87, 22.49, 8.89, 8.94
15.09, 9.05, 15.18, 18.04, 27.68, 18.72, 17.72, 14.26, 26.20, 18.74, 26.94, 32.37, 15.44, 22.05, 8.31, 8.47
15.34, 9.14, 15.43, 18.23, 27.63, 18.50, 17.48, 13.94, 27.01, 19.39, 27.22, 32.64, 15.22, 21.82, 7.92, 8.16
15.53, 9.18, 15.61, 18.31, 27.52, 18.29, 17.21, 13.65, 27.49, 19.69, 27.47, 32.86, 15.11, 21.64, 7.71, 7.99
15.50, 9.19, 15.69, 18.33, 27.15, 17.88, 16.77, 13.26, 27.52, 19.64, 27.35, 32.66, 14.98, 21.49, 7.58, 7.89
15.54, 9.23, 15.67, 18.28, 26.66, 17.57, 16.21, 12.87, 27.17, 19.42, 27.06, 32.39, 14.94, 21.47, 7.60, 7.88
15.55, 9.26, 15.59, 18.27, 26.27, 17.40, 15.86, 12.64, 26.78, 19.05, 26.70, 32.08, 14.82, 21.40, 7.60, 7.88
15.54, 9.27, 15.61, 18.33, 26.05, 17.30, 15.65, 12.60, 26.49, 18.69, 26.30, 31.69, 14.71, 21.22, 7.49, 7.81
15.62, 9.35, 15.60, 18.41, 25.92, 17.32, 15.42, 12.50, 26.29, 18.37, 25.96, 31.35, 14.64, 21.14, 7.43, 7.73
15.81, 9.46, 15.83, 18.52, 25.87, 17.24, 15.22, 12.38, 26.16, 18.14, 25.71, 31.06, 14.48, 20.92, 7.25, 7.58
15.90, 9.59, 16.03, 18.69, 25.81, 17.12, 14.91, 12.15, 26.05, 17.98, 25.51, 30.89, 14.34, 20.76, 7.18, 7.51
16.17, 9.78, 16.28, 18.90, 25.67, 17.14, 14.68, 12.01, 26.01, 17.95, 25.42, 30.87, 14.45, 20.88, 7.27, 7.54
16.50, 9.95, 16.45, 19.11, 25.78, 17.27, 14.59, 11.95, 26.05, 17.99, 25.58, 31.06, 14.70, 21.11, 7.47, 7.71
16.42, 10.04, 16.52, 19.22, 25.89, 17.38, 14.62, 12.03, 26.14, 18.08, 25.74, 31.32, 14.95, 21.38, 7.75, 7.89
16.28, 10.03, 16.42, 19.13, 25.89, 17.41, 14.65, 12.07, 26.25, 18.23, 25.95, 31.59, 15.29, 21.76, 8.03, 8.16
16.12, 9.85, 16.13, 18.86, 25.88, 17.42, 14.90, 12.25, 26.38, 18.33, 26.27, 32.00, 15.87, 22.46, 8.64, 8.65
15.75, 9.50, 15.72, 18.37, 25.80, 17.39, 15.18, 12.44, 26.29, 18.27, 26.50, 32.28, 16.90, 23.66, 9.76, 9.63
15.25, 9.17, 15.11, 17.83, 25.71, 17.28, 15.50, 12.64, 25.72, 17.86, 26.59, 32.43, 18.28, 25.43, 11.56, 11.39
14.78, 8.73, 14.36, 17.20, 25.43, 17.14, 15.82, 12.82, 24.63, 16.89, 26.03, 31.98, 19.29, 26.84, 13.21, 13.16
14.15, 8.27, 13.63, 16.55, 25.20, 16.96, 16.26, 13.12, 23.46, 15.94, 25.35, 31.16, 19.94, 27.95, 14.43, 14.53
13.54, 7.81, 12.95, 15.88, 25.07, 16.83, 16.82, 13.58, 22.42, 15.12, 24.46, 30.37, 20.33, 28.88, 15.25, 15.62
12.89, 7.36, 12.23, 15.19, 24.85, 16.66, 17.27, 13.97, 21.46, 14.33, 23.53, 29.50, 20.53, 29.49, 15.91, 16.49
12.45, 6.94, 11.73, 14.59, 24.54, 16.37, 17.53, 14.16, 20.59, 13.60, 22.68, 28.62, 20.79, 30.06, 16.56, 17.31
11.93, 6.57, 11.15, 14.02, 24.20, 16.11, 17.77, 14.31, 19.73, 12.84, 21.82, 27.63, 20.95, 30.52, 17.19, 18.06
11.24, 6.28, 10.69, 13.58, 23.92, 15.88, 17.90, 14.47, 19.09, 12.32, 21.13, 26.87, 21.07, 30.78, 17.61, 18.50
10.90, 5.93, 10.20, 13.14, 23.55, 15.73, 18.05, 14.63, 18.48, 11.76, 20.47, 26.12, 21.25, 31.03, 18.16, 19.02
10.44, 5.59, 9.81, 12.81, 23.38, 15.59, 18.37, 14.97, 18.00, 11.38, 19.94, 25.54, 21.46, 31.23, 18.69, 19.45
10.18, 5.30, 9.52, 12.51, 23.43, 15.66, 18.87, 15.39, 17.58, 11.03, 19.53, 25.02, 21.64, 31.35, 19.12, 19.78
9.84, 5.04, 9.32, 12.33, 23.50, 15.69, 19.35, 15.72, 17.26, 10.77, 19.19, 24.62, 21.85, 31.37, 19.57, 20.09
9.84, 4.91, 9.26, 12.19, 23.66, 15.80, 19.72, 15.99, 17.00, 10.53, 18.99, 24.32, 22.02, 31.49, 19.86, 20.37
9.67, 4.78, 9.22, 12.13, 23.93, 16.01, 20.12, 16.30, 16.77, 10.37, 18.76, 24.10, 22.27, 31.78, 20.32, 20.78
9.63, 4.74, 9.26, 12.14, 24.27, 16.27, 20.57, 16.62, 16.58, 10.26, 18.63, 24.00, 22.56, 32.27, 20.81, 21.24
9.66, 4.73, 9.26, 12.16, 24.62, 16.47, 20.94, 16.83, 16.41, 10.15, 18.50, 23.91, 22.85, 32.67, 21.33, 21.71
9.63, 4.71, 9.39, 12.20, 24.91, 16.71, 21.28, 17.11, 16.24, 10.03, 18.36, 23.74, 23.18, 33.03, 21.79, 22.11
9.43, 4.68, 9.38, 12.20, 25.07, 16.81, 21.45, 17.22, 16.05, 9.93, 18.23, 23.63, 23.56, 33.39, 22.31, 22.58
9.38, 4.67, 9.32, 12.17, 25.06, 16.78, 21.53, 17.33, 15.84, 9.75, 18.02, 23.46, 23.67, 33.66, 22.63, 22.96
9.20, 4.59, 9.27, 12.15, 25.28, 16.94, 21.84, 17.57, 15.61, 9.62, 17.74, 23.23, 23.69, 33.71, 22.82, 23.15
9.08, 4.51, 9.24, 12.10, 25.42, 16.99, 22.09, 17.75, 15.41, 9.48, 17.49, 22.94, 23.41, 33.45, 22.70, 23.03
9.33, 4.41, 9.25, 12.05, 25.38, 16.94, 21.98, 17.69, 15.41, 9.46, 17.39, 22.84, 23.19, 33.16, 22.48, 22.82
9.24, 4.40, 9.20, 12.02, 25.28, 16.82, 21.82, 17.60, 15.41, 9.50, 17.36, 22.83, 23.10, 33.05, 22.33, 22.65
9.21, 4.46, 9.27, 12.06, 25.40, 16.91, 21.91, 17.58, 15.49, 9.53, 17.42, 22.79, 23.09, 32.93, 22.20, 22.49
9.29, 4.49, 9.37, 12.15, 25.67, 17.07, 22.07, 17.78, 15.57, 9.53, 17.48, 22.76, 22.94, 32.60, 21.92, 22.13
9.44, 4.54, 9.50, 12.26, 25.90, 17.20, 22.21, 17.88, 15.65, 9.60, 17.49, 22.73, 22.72, 32.27, 21.52, 21.74
9.40, 4.54, 9.68, 12.35, 26.15, 17.44, 22.42, 17.97, 15.67, 9.57, 17.44, 22.64, 22.50, 31.94, 21.28, 21.48
9.64, 4.63, 9.76, 12.48, 26.56, 17.70, 22.78, 18.24, 15.61, 9.53, 17.34, 22.48, 22.55, 31.87, 21.44, 21.61
9.61, 4.65, 9.93, 12.58, 26.99, 17.94, 23.26, 18.54, 15.40, 9.35, 17.17, 22.31, 22.61, 31.93, 21.81, 21.97
9.68, 4.69, 10.08, 12.66, 27.48, 18.21, 23.71, 18.90, 15.07, 9.09, 16.85, 21.94, 22.56, 31.81, 22.13, 22.24
9.65, 4.66, 10.13, 12.70, 28.05, 18.51, 24.27, 19.33, 14.73, 8.84, 16.43, 21.44, 22.34, 31.54, 22.21, 22.32
9.64, 4.58, 10.20, 12.70, 28.83, 18.89, 25.16, 19.95, 14.36, 8.60, 15.95, 20.96, 22.13, 31.24, 22.40, 22.50
9.26, 4.40, 10.24, 12.64, 29.51, 19.12, 26.03, 20.52, 13.94, 8.28, 15.45, 20.42, 21.80, 30.64, 22.44, 22.53
8.94, 4.18, 10.30, 12.54, 29.99, 19.31, 26.67, 20.99, 13.59, 8.01, 14.96, 19.84, 21.33, 29.78, 22.03, 22.22
8.80, 4.07, 10.34, 12.42, 30.47, 19.52, 27.22, 21.41, 13.31, 7.81, 14.51, 19.38, 20.80, 28.87, 21.48, 21.74
8.86, 3.95, 10.47, 12.41, 30.84, 19.65, 27.70, 21.66, 13.12, 7.66, 14.21, 19.10, 20.36, 28.13, 21.03, 21.26
9.01, 3.91, 10.65, 12.49, 31.18, 19.82, 27.93, 21.85, 13.00, 7.57, 13.99, 18.85, 19.85, 27.49, 20.48, 20.58
9.10, 4.03, 10.86, 12.64, 31.39, 19.81, 27.84, 21.75, 12.97, 7.56, 13.88, 18.74, 19.22, 26.74, 19.75, 19.62
9.48, 4.32, 11.20, 12.95, 31.37, 19.85, 27.32, 21.36, 13.09, 7.69, 13.87, 18.68, 18.21, 25.51, 18.38, 18.00
10.03, 4.75, 11.64, 13.42, 31.56, 20.07, 26.92, 21.11, 13.60, 8.00, 14.06, 18.84, 16.91, 23.94, 16.41, 15.79
10.63, 5.29, 12.09, 13.98, 32.19, 20.61, 26.63, 20.96, 14.36, 8.57, 14.68, 19.33, 16.17, 22.92, 14.81, 14.17
11.45, 5.85, 12.67, 14.57, 32.89, 21.06, 26.31, 20.78, 15.28, 9.24, 15.72, 20.25, 16.10, 22.69, 13.96, 13.28
12.23, 6.44, 13.46, 15.26, 33.58, 21.52, 25.86, 20.44, 16.43, 10.12, 16.90, 21.44, 15.99, 22.39, 12.78, 12.10
13.32, 7.01, 14.30, 16.06, 33.64, 21.52, 24.76, 19.61, 17.70, 11.11, 18.23, 22.73, 15.63, 21.70, 11.22, 10.61
14.24, 7.77, 15.11, 16.99, 32.78, 21.06, 22.82, 18.19, 19.06, 12.26, 19.62, 24.08, 15.30, 21.01, 9.84, 9.26
15.33, 8.56, 16.15, 18.01, 31.68, 20.23, 20.70, 16.86, 20.46, 13.41, 20.95, 25.38, 15.01, 20.50, 8.80, 8.35
16.36, 9.42, 17.23, 19.15, 30.52, 19.60, 18.67, 15.44, 21.76, 14.49, 22.12, 26.45, 14.66, 20.03, 7.97, 7.66
17.62, 10.42, 18.51, 20.39, 29.52, 19.06, 16.94, 14.15, 22.90, 15.44, 23.08, 27.33, 14.61, 19.83, 7.57, 7.27
18.71, 11.67, 20.12, 22.01, 29.61, 19.31, 16.24, 13.57, 23.62, 16.11, 23.80, 28.13, 14.37, 19.54, 7.22, 6.99
20.14, 13.10, 22.47, 24.19, 29.85, 19.46, 15.73, 13.18, 23.88, 16.42, 24.08, 28.50, 13.99, 19.16, 6.90, 6.70
21.84, 14.70, 24.54, 26.10, 29.79, 19.47, 14.95, 12.55, 23.62, 16.33, 23.96, 28.45, 13.45, 18.72, 6.54, 6.43
23.10, 16.11, 26.13, 27.56, 29.15, 19.06, 14.06, 11.80, 23.31, 16.06, 23.45, 27.93, 12.80, 18.10, 6.00, 6.01
24.19, 17.23, 27.04, 28.50, 27.94, 18.23, 12.84, 10.74, 22.96, 15.74, 22.86, 27.27, 12.07, 17.42, 5.44, 5.55
25.07, 17.99, 27.56, 28.82, 26.71, 17.33, 11.71, 9.80, 22.70, 15.47, 22.34, 26.69, 11.42, 16.79, 5.01, 5.25
25.64, 18.45, 27.77, 28.88, 25.54, 16.56, 10.90, 9.05, 22.57, 15.35, 21.97, 26.24, 10.91, 16.31, 4.68, 4.98
25.89, 18.77, 27.95, 28.96, 24.65, 15.95, 10.28, 8.45, 22.51, 15.32, 21.66, 25.92, 10.47, 15.84, 4.38, 4.71
26.44, 19.30, 28.10, 29.05, 23.73, 15.43, 9.62, 7.92, 22.50, 15.34, 21.54, 25.80, 10.20, 15.51, 4.18, 4.50
27.03, 19.84, 28.34, 29.29, 22.99, 15.08, 9.16, 7.63, 22.53, 15.44, 21.51, 25.85, 10.05, 15.29, 4.10, 4.39
27.58, 20.41, 28.75, 29.68, 22.54, 14.84, 8.84, 7.38, 22.68, 15.62, 21.68, 26.04, 9.96, 15.12, 4.00, 4.32
28.03, 20.96, 29.12, 30.13, 22.08, 14.57, 8.57, 7.19, 22.95, 15.89, 21.88, 26.20, 9.93, 15.04, 3.95, 4.24
28.77, 21.57, 29.51, 30.50, 21.79, 14.36, 8.37, 7.04, 23.34, 16.27, 22.24, 26.50, 9.88, 14.98, 3.90, 4.19
29.19, 22.10, 30.01, 30.90, 21.59, 14.27, 8.20, 6.91, 23.80, 16.79, 22.63, 26.87, 9.87, 14.96, 3.85, 4.13
29.43, 22.31, 30.28, 31.14, 21.59, 14.33, 8.20, 6.95, 24.33, 17.23, 22.99, 27.28, 9.99, 15.20, 3.93, 4.20
29.39, 22.16, 30.42, 31.25, 21.66, 14.45, 8.25, 6.99, 24.66, 17.50, 23.24, 27.58, 10.20, 15.53, 4.04, 4.29
29.14, 21.93, 30.31, 31.20, 21.83, 14.72, 8.46, 7.21, 24.62, 17.43, 23.25, 27.64, 10.46, 15.87, 4.26, 4.46
28.87, 21.53, 30.12, 31.03, 22.16, 15.12, 8.78, 7.48, 24.28, 17.09, 23.16, 27.44, 10.73, 16.25, 4.43, 4.64
28.23, 21.06, 29.79, 30.67, 22.71, 15.63, 9.26, 7.89, 23.75, 16.56, 22.82, 27.00, 10.90, 16.48, 4.60, 4.79
27.57, 20.59, 29.53, 30.52, 23.36, 16.22, 9.87, 8.36, 23.13, 15.93, 22.21, 26.51, 10.99, 16.54, 4.70, 4.90
26.69, 19.85, 29.08, 30.07, 24.13, 16.81, 10.53, 8.87, 22.56, 15.12, 21.42, 25.91, 11.06, 16.60, 4.80, 5.04
26.02, 18.95, 28.64, 29.58, 25.35, 17.70, 11.68, 9.94, 21.77, 14.35, 20.80, 25.12, 11.48, 16.96, 5.11, 5.32
25.02, 17.94, 28.14, 29.17, 26.81, 18.77, 13.31, 11.41, 20.91, 13.50, 20.17, 24.40, 11.96, 17.32, 5.56, 5.64
23.64, 17.03, 27.47, 28.57, 27.88, 19.36, 14.59, 12.48, 19.93, 12.63, 19.41, 23.53, 12.01, 17.31, 5.71, 5.80
22.96, 16.36, 26.72, 27.96, 28.71, 19.75, 15.59, 13.23, 19.09, 11.97, 18.61, 22.73, 12.01, 17.25, 5.84, 5.92
22.53, 15.80, 26.18, 27.44, 29.72, 20.20, 16.62, 14.00, 18.36, 11.36, 17.93, 22.06, 12.21, 17.45, 6.17, 6.18
21.69, 15.33, 25.88, 27.04, 30.59, 20.60, 17.52, 14.63, 17.69, 10.81, 17.44, 21.44, 12.28, 17.43, 6.39, 6.33
21.54, 14.88, 25.49, 26.61, 31.31, 20.80, 18.25, 15.03, 17.13, 10.34, 16.83, 20.81, 12.23, 17.24, 6.46, 6.36
20.99, 14.55, 25.14, 26.31, 32.05, 21.11, 18.94, 15.46, 16.71, 10.03, 16.39, 20.37, 12.18, 17.13, 6.51, 6.38
20.79, 14.33, 24.83, 26.07, 32.47, 21.25, 19.33, 15.71, 16.45, 9.85, 16.17, 20.12, 12.19, 17.10, 6.60, 6.44
20.67, 14.14, 24.60, 25.87, 32.73, 21.42, 19.54, 15.88, 16.39, 9.80, 16.16, 20.07, 12.47, 17.31, 6.86, 6.57
20.37, 14.03, 24.45, 25.69, 32.85, 21.41, 19.68, 15.91, 16.47, 9.81, 16.25, 20.08, 12.65, 17.43, 7.00, 6.64
20.22, 13.92, 24.16, 25.51, 32.93, 21.49, 19.73, 15.92, 16.61, 9.91, 16.35, 20.18, 12.87, 17.69, 7.20, 6.77
20.13, 13.76, 23.98, 25.30, 33.01, 21.56, 19.88, 16.03, 16.77, 10.03, 16.54, 20.42, 13.29, 18.22, 7.63, 7.08
20.02, 13.53, 23.60, 24.97, 33.38, 21.83, 20.35, 16.37, 16.91, 10.19, 16.79, 20.71, 14.11, 19.11, 8.61, 7.80
19.45, 13.16, 23.11, 24.53, 33.65, 21.98, 20.89, 16.73, 16.90, 10.27, 17.01, 21.02, 15.01, 20.03, 9.79, 8.67
18.92, 12.66, 22.43, 23.89, 33.82, 22.13, 21.39, 17.07, 16.78, 10.23, 17.06, 21.17, 15.70, 20.86, 10.87, 9.54
18.23, 12.10, 21.58, 23.09, 34.27, 22.35, 22.13, 17.63, 16.59, 10.11, 16.94, 21.18, 16.39, 21.67, 11.97, 10.53
17.45, 11.36, 20.55, 22.11, 34.67, 22.50, 23.01, 18.31, 16.24, 9.87, 16.75, 21.12, 17.00, 22.57, 13.35, 11.91
16.39, 10.59, 19.36, 20.98, 34.75, 22.54, 23.67, 18.80, 15.82, 9.55, 16.36, 20.87, 17.27, 23.12, 14.33, 13.02
15.69, 9.84, 18.11, 19.82, 34.80, 22.58, 24.40, 19.37, 15.48, 9.27, 15.87, 20.52, 17.39, 23.49, 14.99, 13.90
14.55, 8.98, 16.75, 18.50, 34.94, 22.49, 25.40, 20.10, 15.00, 8.99, 15.42, 20.11, 17.50, 23.82, 15.75, 14.74
13.77, 8.19, 15.42, 17.25, 34.61, 22.20, 25.99, 20.62, 14.63, 8.70, 14.99, 19.75, 17.46, 23.91, 16.09, 15.16
13.11, 7.57, 14.38, 16.30, 34.25, 21.90, 26.42, 20.95, 14.43, 8.54, 14.68, 19.44, 17.37, 23.86, 16.15, 15.26
12.61, 7.15, 13.60, 15.56, 33.93, 21.65, 26.73, 21.17, 14.34, 8.47, 14.51, 19.23, 17.32, 23.80, 16.11, 15.24
12.09, 6.72, 13.03, 15.06, 33.54, 21.37, 26.89, 21.31, 14.34, 8.43, 14.45, 19.14, 17.21, 23.67, 15.94, 15.09
11.84, 6.52, 12.64, 14.73, 33.24, 21.23, 26.90, 21.38, 14.40, 8.47, 14.45, 19.11, 16.99, 23.43, 15.55, 14.74
11.71, 6.38, 12.40, 14.58, 33.17, 21.10, 26.91, 21.43, 14.53, 8.56, 14.48, 19.21, 16.77, 23.20, 15.04, 14.31
11.81, 6.34, 12.38, 14.57, 33.08, 21.07, 26.77, 21.31, 14.66, 8.67, 14.58, 19.29, 16.62, 23.05, 14.69, 14.00
11.79, 6.41, 12.43, 14.64, 32.88, 20.90, 26.38, 21.02, 14.78, 8.76, 14.72, 19.40, 16.50, 22.92, 14.38, 13.75
12.03, 6.58, 12.64, 14.81, 32.91, 20.92, 26.11, 20.79, 14.93, 8.88, 14.88, 19.49, 16.32, 22.76, 13.98, 13.40
12.43, 6.79, 12.94, 15.14, 33.50, 21.36, 26.33, 20.91, 15.07, 8.99, 15.00, 19.60, 16.12, 22.55, 13.55, 13.01
12.59, 7.02, 13.49, 15.61, 34.55, 22.04, 26.90, 21.42, 15.29, 9.13, 15.21, 19.80, 15.81, 22.21, 12.96, 12.41
13.01, 7.24, 13.92, 15.97, 35.57, 22.74, 27.53, 21.77, 15.48, 9.31, 15.41, 19.98, 15.89, 22.23, 12.85, 12.28
13.26, 7.50, 14.55, 16.48, 36.80, 23.36, 28.18, 22.32, 15.61, 9.37, 15.68, 20.18, 16.01, 22.21, 13.00, 12.31
13.41, 7.72, 14.90, 16.79, 37.65, 23.79, 28.55, 22.62, 15.66, 9.45, 15.76, 20.31, 16.02, 22.17, 12.93, 12.20
13.70, 7.78, 15.22, 17.06, 38.57, 24.26, 29.25, 23.20, 15.72, 9.49, 15.86, 20.44, 16.12, 22.26, 13.08, 12.34
13.47, 7.71, 15.27, 17.13, 38.94, 24.45, 29.72, 23.64, 15.81, 9.57, 16.04, 20.64, 16.41, 22.60, 13.44, 12.71
13.48, 7.56, 15.08, 16.92, 38.54, 24.15, 29.48, 23.37, 15.89, 9.69, 16.22, 20.89, 16.76, 22.98, 13.83, 13.08
13.20, 7.43, 14.70, 16.62, 37.83, 23.61, 29.06, 23.05, 16.05, 9.84, 16.39, 21.04, 17.10, 23.44, 14.20, 13.48
12.92, 7.22, 14.34, 16.23, 36.82, 22.94, 28.53, 22.53, 16.13, 9.91, 16.53, 21.23, 17.46, 24.03, 14.74, 14.10
12.77, 7.03, 13.86, 15.80, 35.56, 22.07, 27.57, 21.87, 16.16, 9.96, 16.64, 21.36, 17.88, 24.64, 15.27, 14.82
12.34, 6.92, 13.32, 15.42, 34.36, 21.41, 26.66, 21.20, 16.16, 10.00, 16.70, 21.45, 18.14, 25.09, 15.59, 15.31
12.06, 6.74, 12.84, 15.10, 33.26, 20.78, 25.98, 20.78, 16.13, 10.02, 16.68, 21.48, 18.64, 25.79, 16.33, 16.15
11.81, 6.59, 12.44, 14.79, 32.44, 20.35, 25.60, 20.55, 15.92, 9.87, 16.63, 21.45, 19.19, 26.51, 17.29, 17.11
11.79, 6.37, 12.02, 14.45, 31.51, 19.92, 25.15, 20.27, 15.61, 9.64, 16.47, 21.25, 19.62, 27.11, 18.12, 17.96
11.31, 6.16, 11.58, 14.09, 30.57, 19.42, 24.71, 19.97, 15.33, 9.43, 16.28, 21.14, 20.22, 27.98, 19.20, 19.07
10.91, 5.92, 11.18, 13.75, 29.79, 19.16, 24.43, 19.91, 14.92, 9.12, 16.09, 21.06, 20.98, 29.02, 20.64, 20.43
10.57, 5.62, 10.75, 13.44, 29.01, 18.71, 24.27, 19.85, 14.48, 8.76, 15.84, 20.83, 21.47, 29.71, 21.66, 21.43
9.99, 5.26, 10.27, 13.06, 28.06, 18.18, 23.82, 19.58, 14.19, 8.51, 15.61, 20.60, 21.80, 30.24, 22.33, 22.13
9.89, 4.93, 9.85, 12.66, 27.11, 17.66, 23.29, 19.31, 14.01, 8.37, 15.51, 20.59, 22.11, 30.72, 22.97, 22.69
9.49, 4.62, 9.51, 12.30, 26.30, 17.19, 22.86, 18.97, 13.98, 8.31, 15.54, 20.61, 22.28, 30.92, 23.14, 22.86
9.05, 4.30, 9.24, 11.99, 25.60, 16.68, 22.38, 18.56, 14.14, 8.40, 15.72, 20.81, 22.32, 30.87, 22.93, 22.56
9.06, 4.17, 9.07, 11.82, 25.25, 16.33, 21.94, 18.14, 14.54, 8.69, 16.11, 21.16, 22.01, 30.30, 21.97, 21.62
9.05, 4.15, 9.02, 11.79, 25.06, 16.12, 21.43, 17.73, 15.10, 9.17, 16.64, 21.59, 21.68, 29.78, 20.86, 20.52
9.44, 4.34, 9.19, 11.93, 25.06, 16.07, 21.04, 17.32, 15.63, 9.67, 17.28, 22.07, 21.36, 29.26, 19.85, 19.49
9.86, 4.65, 9.48, 12.19, 25.40, 16.28, 20.85, 17.14, 16.26, 10.17, 17.79, 22.56, 21.06, 28.80, 18.98, 18.52
10.17, 4.98, 9.94, 12.58, 25.97, 16.66, 21.02, 17.18, 16.77, 10.56, 18.30, 23.09, 20.87, 28.39, 18.27, 17.69
10.85, 5.35, 10.41, 13.00, 26.69, 17.22, 21.41, 17.40, 17.20, 10.93, 18.64, 23.43, 20.45, 27.81, 17.50, 16.86
11.05, 5.71, 11.01, 13.48, 27.64, 17.82, 21.90, 17.73, 17.47, 11.20, 18.78, 23.66, 19.80, 26.92, 16.50, 15.92
11.75, 6.08, 11.59, 13.97, 28.72, 18.54, 22.54, 18.14, 17.73, 11.43, 18.83, 23.73, 18.83, 25.75, 15.22, 14.68
12.09, 6.43, 12.17, 14.49, 29.93, 19.35, 23.33, 18.75, 18.03, 11.69, 18.92, 23.83, 17.82, 24.54, 13.86, 13.44
12.56, 6.81, 12.70, 15.05, 31.10, 20.16, 24.08, 19.24, 18.36, 11.99, 19.25, 24.15, 17.69, 24.47, 13.54, 13.23
12.90, 7.14, 13.33, 15.59, 32.22, 20.90, 24.80, 19.63, 18.59, 12.14, 19.68, 24.61, 17.71, 24.42, 13.49, 13.14
13.35, 7.45, 13.82, 16.17, 33.20, 21.35, 25.18, 19.87, 18.88, 12.35, 19.85, 24.76, 17.59, 24.20, 13.05, 12.59
13.64, 7.76, 14.35, 16.60, 33.70, 21.57, 25.14, 19.78, 18.99, 12.47, 19.94, 24.89, 17.24, 23.65, 12.49, 12.07
14.00, 7.95, 14.84, 16.97, 33.96, 21.60, 25.02, 19.65, 19.06, 12.49, 19.97, 24.83, 16.69, 22.88, 11.68, 11.22
14.17, 8.10, 14.97, 17.18, 33.88, 21.50, 24.68, 19.37, 19.27, 12.64, 20.09, 24.85, 16.06, 22.15, 10.79, 10.37
14.43, 8.16, 15.09, 17.36, 33.36, 21.15, 24.08, 18.93, 19.71, 12.92, 20.39, 25.08, 15.58, 21.55, 9.91, 9.69
14.56, 8.21, 15.24, 17.47, 32.40, 20.48, 22.97, 18.09, 20.36, 13.39, 20.85, 25.55, 15.66, 21.62, 9.72, 9.52
14.79, 8.43, 15.32, 17.57, 30.63, 19.25, 20.93, 16.78, 21.05, 13.92, 21.63, 26.30, 15.90, 21.75, 9.70, 9.39
15.44, 8.75, 15.39, 17.72, 28.53, 17.96, 18.52, 15.08, 21.72, 14.54, 22.26, 26.93, 15.91, 21.76, 9.39, 9.11
16.00, 9.23, 15.60, 17.98, 26.83, 17.17, 16.73, 13.63, 22.48, 15.21, 22.98, 27.75, 15.94, 21.87, 9.18, 8.98
16.20, 9.63, 15.91, 18.41, 26.04, 16.96, 15.80, 12.91, 23.35, 16.00, 23.89, 28.75, 15.99, 22.08, 9.09, 8.92
16.46, 10.00, 16.30, 18.95, 25.54, 16.81, 15.13, 12.52, 24.31, 16.87, 24.82, 29.78, 16.00, 22.22, 8.85, 8.79
16.78, 10.35, 16.59, 19.37, 25.02, 16.75, 14.36, 11.98, 25.15, 17.63, 25.59, 30.59, 15.95, 22.32, 8.69, 8.67
17.29, 10.56, 16.95, 19.65, 24.53, 16.56, 13.70, 11.46, 25.80, 18.16, 26.19, 31.21, 16.08, 22.51, 8.75, 8.71
17.44, 10.78, 17.17, 19.80, 23.91, 16.28, 12.96, 10.87, 26.26, 18.57, 26.78, 31.88, 16.09, 22.63, 8.79, 8.73
17.52, 10.83, 17.19, 19.82, 23.23, 15.93, 12.30, 10.32, 26.73, 19.08, 27.22, 32.50, 16.09, 22.79, 8.77, 8.70
17.55, 10.78, 17.00, 19.64, 22.80, 15.85, 11.98, 10.08, 27.32, 19.63, 27.82, 33.19, 16.33, 23.13, 8.95, 8.86
17.07, 10.57, 16.68, 19.46, 22.67, 15.79, 12.08, 10.25, 27.82, 20.05, 28.28, 33.76, 16.65, 23.54, 9.24, 9.07
16.63, 10.31, 16.34, 19.13, 22.48, 15.76, 11.96, 10.20, 28.06, 20.29, 28.66, 34.28, 17.04, 24.14, 9.81, 9.50
16.41, 10.12, 15.80, 18.71, 22.20, 15.61, 11.81, 10.15, 27.92, 20.26, 28.67, 34.41, 17.30, 24.61, 10.18, 9.97
16.07, 9.85, 15.42, 18.28, 21.95, 15.47, 11.76, 10.10, 27.48, 20.01, 28.43, 34.30, 17.62, 25.12, 10.69, 10.49
15.44, 9.50, 14.79, 17.60, 21.59, 15.25, 11.61, 10.01, 26.78, 19.45, 27.95, 34.03, 18.03, 25.87, 11.41, 11.39
15.01, 9.08, 14.08, 17.02, 21.32, 15.03, 11.69, 10.05, 26.03, 18.69, 27.31, 33.55, 18.39, 26.42, 12.09, 12.17
14.83, 8.69, 13.58, 16.53, 21.29, 15.05, 12.09, 10.37, 25.25, 17.78, 26.36, 32.76, 18.55, 26.61, 12.49, 12.54
14.16, 8.36, 13.20, 16.15, 21.65, 15.19, 12.83, 11.02, 24.47, 16.98, 25.72, 31.91, 18.51, 26.51, 12.63, 12.71
13.99, 8.15, 13.00, 15.91, 21.96, 15.33, 13.24, 11.32, 23.87, 16.39, 25.06, 31.08, 18.32, 26.17, 12.47, 12.48
13.75, 8.07, 12.95, 15.81, 22.41, 15.56, 13.76, 11.70, 23.51, 15.99, 24.59, 30.49, 18.10, 25.77, 12.22, 12.17
13.83, 8.09, 13.04, 15.89, 23.24, 16.11, 14.63, 12.32, 23.28, 15.67, 24.25, 30.10, 18.26, 25.85, 12.50, 12.38
13.75, 8.16, 13.07, 16.03, 24.57, 17.09, 16.31, 13.45, 22.77, 15.20, 23.84, 29.61, 19.22, 26.81, 13.99, 13.72
13.51, 8.03, 13.13, 16.05, 26.09, 18.04, 18.37, 14.82, 21.62, 14.22, 23.15, 28.73, 20.25, 27.86, 15.81, 15.33
13.10, 7.69, 13.00, 15.85, 27.39, 18.59, 20.26, 16.14, 20.02, 12.79, 21.80, 27.12, 20.76, 28.24, 17.23, 16.53
12.64, 7.25, 12.74, 15.40, 28.53, 18.95, 21.81, 17.11, 18.53, 11.59, 20.20, 25.43, 20.85, 28.30, 18.20, 17.39
12.05, 6.78, 12.28, 14.83, 29.51, 19.19, 23.32, 18.06, 17.18, 10.58, 18.72, 23.87, 20.58, 28.09, 18.86, 18.01
11.35, 6.19, 11.89, 14.28, 30.17, 19.17, 24.59, 18.88, 16.05, 9.75, 17.38, 22.45, 20.05, 27.55, 19.11, 18.24
10.91, 5.75, 11.53, 13.84, 30.60, 19.19, 25.44, 19.39, 15.40, 9.26, 16.55, 21.58, 19.57, 26.96, 19.05, 18.14
10.49, 5.40, 11.35, 13.49, 30.90, 19.24, 26.15, 19.86, 15.03, 8.95, 15.93, 20.84, 19.15, 26.22, 18.57, 17.74
10.56, 5.13, 11.18, 13.29, 31.09, 19.24, 26.47, 20.18, 14.91, 8.80, 15.61, 20.42, 18.73, 25.45, 17.86, 17.05
10.43, 5.08, 11.07, 13.21, 31.02, 19.22, 26.25, 20.18, 14.95, 8.82, 15.55, 20.27, 18.37, 24.87, 17.17, 16.30
10.49, 5.14, 11.08, 13.26, 30.70, 19.19, 25.81, 19.89, 15.16, 8.97, 15.69, 20.42, 18.05, 24.53, 16.54, 15.64
10.91, 5.34, 11.21, 13.41, 30.09, 18.93, 24.79, 19.26, 15.58, 9.34, 16.13, 20.89, 18.02, 24.49, 16.14, 15.18
11.16, 5.63, 11.28, 13.66, 29.87, 18.94, 24.04, 18.77, 16.14, 9.85, 16.86, 21.59, 18.41, 24.92, 16.09, 15.10
11.41, 5.84, 11.57, 13.86, 29.74, 18.98, 23.66, 18.54, 16.79, 10.44, 17.67, 22.56, 18.89, 25.61, 16.15, 15.23
11.72, 6.03, 11.83, 14.07, 29.80, 18.99, 23.44, 18.36, 17.47, 11.07, 18.55, 23.54, 19.48, 26.39, 16.35, 15.48
12.13, 6.20, 12.19, 14.28, 29.89, 19.09, 23.29, 18.20, 18.09, 11.65, 19.40, 24.46, 19.95, 27.22, 16.62, 15.78
12.36, 6.39, 12.45, 14.47, 30.01, 19.15, 23.20, 18.19, 18.54, 12.07, 19.97, 25.14, 20.24, 27.84, 16.84, 16.10
12.32, 6.50, 12.58, 14.65, 30.23, 19.41, 23.35, 18.31, 18.69, 12.25, 20.29, 25.47, 20.50, 28.27, 17.17, 16.52
12.44, 6.56, 12.72, 14.75, 30.37, 19.50, 23.46, 18.41, 18.55, 12.07, 20.28, 25.33, 20.53, 28.38, 17.40, 16.78
12.46, 6.57, 12.69, 14.74, 30.38, 19.51, 23.41, 18.37, 18.34, 11.88, 20.04, 25.00, 20.39, 28.23, 17.33, 16.80
12.54, 6.52, 12.58, 14.63, 30.10, 19.30, 23.27, 18.27, 18.11, 11.70, 19.77, 24.80, 20.27, 28.10, 17.35, 16.81
12.31, 6.44, 12.37, 14.44, 29.58, 19.00, 22.92, 18.04, 17.98, 11.62, 19.52, 24.64, 20.00, 27.88, 17.10, 16.63
11.98, 6.36, 12.06, 14.25, 28.97, 18.60, 22.41, 17.67, 18.01, 11.64, 19.48, 24.62, 19.87, 27.74, 16.90, 16.49
12.00, 6.28, 11.76, 14.05, 28.35, 18.20, 21.91, 17.35, 18.16, 11.76, 19.60, 24.79, 19.98, 27.95, 16.86, 16.55
11.79, 6.20, 11.45, 13.86, 27.69, 17.76, 21.37, 17.07, 18.36, 11.91, 19.79, 25.03, 20.08, 28.28, 16.92, 16.69
11.60, 6.10, 11.15, 13.64, 27.05, 17.32, 20.83, 16.76, 18.53, 12.11, 20.10, 25.36, 20.31, 28.63, 17.09, 16.93
11.38, 6.01, 10.95, 13.47, 26.54, 16.99, 20.39, 16.47, 18.70, 12.32, 20.44, 25.71, 20.62, 29.17, 17.47, 17.32
11.47, 5.89, 10.72, 13.33, 26.06, 16.72, 20.06, 16.25, 18.86, 12.46, 20.69, 26.03, 21.02, 29.73, 17.87, 17.87
11.04, 5.81, 10.50, 13.17, 25.79, 16.50, 19.91, 16.13, 18.93, 12.53, 20.87, 26.21, 21.39, 30.17, 18.21, 18.29
10.93, 5.75, 10.39, 13.04, 25.61, 16.34, 19.88, 16.14, 18.92, 12.52, 20.99, 26.31, 21.61, 30.60, 18.48, 18.69
10.76, 5.55, 10.21, 12.91, 25.45, 16.19, 19.87, 16.10, 18.86, 12.45, 20.96, 26.29, 21.75, 30.82, 18.70, 18.97
10.59, 5.48, 10.12, 12.81, 25.33, 16.12, 19.86, 16.10, 18.71, 12.35, 20.88, 26.15, 21.83, 31.02, 18.86, 19.22
10.49, 5.36, 9.96, 12.67, 25.19, 15.99, 19.81, 16.01, 18.54, 12.23, 20.75, 26.08, 21.95, 31.23, 19.10, 19.48
10.56, 5.27, 9.90, 12.57, 25.16, 15.96, 19.90, 16.05, 18.39, 12.09, 20.55, 25.96, 21.98, 31.31, 19.31, 19.62
10.50, 5.17, 9.82, 12.51, 25.24, 15.93, 20.13, 16.26, 18.20, 11.93, 20.32, 25.70, 22.08, 31.37, 19.47, 19.75
10.09, 5.09, 9.75, 12.45, 25.35, 15.97, 20.41, 16.44, 17.97, 11.73, 20.06, 25.48, 22.17, 31.45, 19.79, 20.01
10.12, 5.06, 9.68, 12.38, 25.40, 15.99, 20.62, 16.60, 17.70, 11.45, 19.74, 25.19, 22.21, 31.43, 20.00, 20.20
10.10, 4.96, 9.60, 12.34, 25.39, 16.05, 20.77, 16.70, 17.42, 11.20, 19.34, 24.88, 22.07, 31.25, 20.04, 20.22
9.96, 4.90, 9.54, 12.29, 25.32, 16.00, 20.77, 16.78, 17.21, 10.97, 19.04, 24.61, 21.70, 30.82, 19.81, 19.99
9.79, 4.89, 9.38, 12.28, 25.12, 15.88, 20.62, 16.64, 17.11, 10.93, 18.86, 24.41, 21.30, 30.37, 19.31, 19.55
9.80, 4.91, 9.47, 12.28, 24.90, 15.74, 20.23, 16.37, 17.18, 11.01, 18.91, 24.46, 21.02, 30.06, 18.95, 19.22
10.04, 5.02, 9.54, 12.40, 24.79, 15.69, 19.96, 16.17, 17.42, 11.17, 19.16, 24.69, 20.89, 29.83, 18.55, 18.85
10.22, 5.18, 9.71, 12.59, 24.87, 15.77, 19.82, 16.04, 17.88, 11.54, 19.69, 25.10, 20.70, 29.54, 17.97, 18.23
10.52, 5.35, 9.96, 12.84, 25.12, 15.95, 19.79, 16.00, 18.46, 12.02, 20.30, 25.51, 20.49, 29.15, 17.20, 17.53
10.62, 5.48, 10.30, 13.11, 25.42, 16.12, 19.79, 15.99, 18.96, 12.48, 20.81, 26.02, 20.14, 28.57, 16.47, 16.75
10.92, 5.64, 10.59, 13.32, 25.64, 16.24, 19.78, 15.99, 19.55, 12.98, 21.29, 26.52, 19.71, 28.05, 15.73, 15.98
11.34, 5.86, 10.84, 13.55, 25.96, 16.47, 19.73, 15.85, 20.16, 13.44, 21.90, 27.16, 19.72, 28.01, 15.48, 15.69
11.69, 6.12, 11.18, 13.85, 26.41, 16.74, 19.80, 15.87, 20.75, 13.96, 22.63, 27.96, 20.03, 28.33, 15.47, 15.72
11.91, 6.34, 11.52, 14.11, 26.89, 17.07, 20.03, 15.95, 21.14, 14.35, 23.13, 28.52, 20.24, 28.61, 15.49, 15.79
12.09, 6.52, 11.70, 14.28, 27.31, 17.33, 20.23, 16.12, 21.36, 14.54, 23.35, 28.76, 20.25, 28.64, 15.35, 15.69
12.13, 6.54, 11.81, 14.36, 27.51, 17.48, 20.42, 16.24, 21.33, 14.53, 23.28, 28.69, 20.14, 28.45, 15.18, 15.51
12.22, 6.57, 11.77, 14.37, 27.72, 17.55, 20.59, 16.35, 21.06, 14.30, 22.94, 28.33, 20.09, 28.34, 15.24, 15.60
11.91, 6.48, 11.69, 14.31, 27.85, 17.56, 20.95, 16.58, 20.54, 13.84, 22.32, 27.75, 19.98, 28.21, 15.44, 15.77
11.92, 6.39, 11.59, 14.15, 27.79, 17.50, 21.07, 16.60, 19.99, 13.23, 21.56, 27.07, 19.77, 27.88, 15.49, 15.75
11.77, 6.32, 11.47, 14.01, 27.70, 17.39, 21.08, 16.55, 19.44, 12.73, 20.92, 26.29, 19.44, 27.38, 15.29, 15.60
11.63, 6.30, 11.44, 13.94, 27.80, 17.42, 21.26, 16.63, 19.00, 12.26, 20.39, 25.60, 19.15, 26.82, 15.09, 15.36
11.79, 6.29, 11.44, 13.95, 28.02, 17.46, 21.45, 16.70, 18.69, 11.94, 19.97, 25.06, 18.80, 26.31, 14.84, 14.99
11.79, 6.36, 11.62, 14.06, 28.34, 17.63, 21.68, 16.81, 18.54, 11.72, 19.72, 24.66, 18.40, 25.70, 14.40, 14.48
11.95, 6.49, 11.90, 14.31, 28.73, 17.84, 21.77, 16.92, 18.60, 11.71, 19.66, 24.56, 17.86, 25.03, 13.68, 13.66
12.32, 6.71, 12.15, 14.63, 29.05, 18.16, 21.82, 16.95, 19.00, 12.03, 19.76, 24.75, 17.00, 24.05, 12.44, 12.40
12.62, 6.95, 12.47, 15.02, 29.43, 18.52, 21.83, 17.01, 19.70, 12.66, 20.31, 25.22, 16.49, 23.48, 11.48, 11.57
12.77, 7.17, 12.79, 15.41, 29.92, 18.85, 21.95, 17.19, 20.48, 13.37, 21.33, 26.03, 16.77, 23.69, 11.49, 11.58
13.30, 7.34, 13.21, 15.82, 30.38, 19.24, 22.07, 17.28, 21.31, 14.00, 22.16, 26.97, 16.96, 23.80, 11.30, 11.39
13.64, 7.51, 13.57, 16.12, 30.66, 19.38, 22.04, 17.23, 22.02, 14.69, 22.91, 27.79, 17.00, 23.80, 11.03, 11.10
13.62, 7.71, 13.84, 16.38, 30.54, 19.31, 21.58, 16.84, 22.69, 15.29, 23.57, 28.44, 16.75, 23.48, 10.54, 10.59
13.90, 7.84, 14.12, 16.57, 29.87, 18.92, 20.67, 16.23, 23.22, 15.70, 23.97, 28.82, 16.39, 23.02, 9.95, 10.06
14.46, 8.08, 14.30, 16.79, 29.02, 18.39, 19.46, 15.38, 23.82, 16.26, 24.41, 29.25, 16.14, 22.65, 9.45, 9.58
14.70, 8.28, 14.55, 17.05, 28.62, 18.17, 18.97, 14.99, 24.28, 16.65, 24.83, 29.69, 15.98, 22.53, 9.21, 9.41
14.99, 8.49, 14.77, 17.36, 28.32, 17.92, 18.30, 14.67, 24.70, 17.06, 25.19, 30.12, 15.92, 22.48, 8.99, 9.26
15.25, 8.83, 15.12, 17.74, 27.86, 17.68, 17.42, 14.08, 25.15, 17.48, 25.60, 30.56, 15.74, 22.34, 8.71, 8.99
15.69, 9.18, 15.51, 18.12, 27.04, 17.25, 16.29, 13.23, 25.53, 17.89, 25.81, 30.86, 15.39, 22.03, 8.34, 8.63
16.07, 9.57, 15.67, 18.42, 25.99, 16.72, 14.96, 12.23, 25.97, 18.32, 26.06, 31.18, 15.14, 21.84, 8.04, 8.37
16.30, 9.88, 15.78, 18.65, 25.19, 16.45, 14.06, 11.52, 26.34, 18.67, 26.37, 31.55, 15.18, 21.92, 8.03, 8.33
16.49, 10.00, 15.87, 18.79, 24.75, 16.27, 13.60, 11.20, 26.60, 18.92, 26.59, 31.85, 15.16, 21.97, 8.04, 8.31
16.58, 10.05, 15.93, 18.84, 24.49, 16.27, 13.39, 11.07, 26.80, 19.16, 26.80, 32.17, 15.34, 22.16, 8.13, 8.39
16.24, 9.93, 15.76, 18.73, 24.65, 16.39, 13.78, 11.46, 26.89, 19.27, 26.93, 32.44, 15.68, 22.57, 8.49, 8.76
15.90, 9.64, 15.54, 18.33, 24.72, 16.45, 14.10, 11.72, 26.63, 19.12, 27.00, 32.63, 16.35, 23.35, 9.27, 9.46
15.61, 9.31, 15.22, 17.90, 24.74, 16.51, 14.46, 12.02, 26.06, 18.64, 26.71, 32.33, 16.91, 24.00, 10.06, 10.18
15.12, 8.99, 14.69, 17.42, 24.90, 16.61, 15.11, 12.53, 25.33, 17.88, 26.20, 31.93, 17.80, 25.06, 11.39, 11.46
14.59, 8.65, 14.01, 16.90, 24.98, 16.67, 15.75, 12.97, 24.31, 16.81, 25.49, 31.36, 18.76, 26.10, 12.85, 12.83
14.12, 8.25, 13.41, 16.27, 24.86, 16.59, 16.21, 13.30, 23.16, 15.75, 24.75, 30.49, 19.49, 26.96, 14.04, 13.93
13.63, 7.86, 12.63, 15.63, 24.54, 16.37, 16.46, 13.52, 22.23, 14.95, 23.94, 29.69, 19.88, 27.62, 14.80, 14.76
13.11, 7.43, 11.96, 15.00, 24.23, 16.08, 16.63, 13.65, 21.40, 14.22, 23.19, 28.88, 20.17, 28.13, 15.48, 15.51
12.48, 7.07, 11.49, 14.44, 23.87, 15.82, 16.86, 13.85, 20.73, 13.61, 22.54, 28.22, 20.76, 28.96, 16.48, 16.58
11.92, 6.68, 10.95, 13.94, 23.58, 15.65, 17.13, 14.06, 19.97, 12.97, 21.98, 27.63, 21.25, 29.87, 17.46, 17.72
11.45, 6.39, 10.56, 13.59, 23.49, 15.55, 17.49, 14.29, 19.35, 12.49, 21.44, 27.08, 21.57, 30.55, 18.19, 18.59
11.21, 6.15, 10.20, 13.23, 23.55, 15.64, 18.02, 14.67, 18.68, 11.96, 20.85, 26.51, 22.12, 31.50, 19.31, 19.82
10.75, 5.81, 9.94, 12.87, 23.54, 15.65, 18.56, 15.14, 17.96, 11.40, 20.24, 25.87, 22.57, 32.28, 20.31, 20.91
10.37, 5.51, 9.64, 12.60, 23.61, 15.63, 19.01, 15.47, 17.34, 10.87, 19.67, 25.15, 23.01, 32.96, 21.22, 21.91
10.05, 5.23, 9.42, 12.35, 23.63, 15.66, 19.46, 15.79, 16.79, 10.46, 19.16, 24.63, 23.32, 33.46, 22.00, 22.71
9.70, 4.99, 9.16, 12.14, 23.61, 15.64, 19.81, 16.08, 16.37, 10.15, 18.69, 24.12, 23.47, 33.65, 22.50, 23.14
9.48, 4.76, 8.96, 11.92, 23.60, 15.61, 20.03, 16.26, 16.00, 9.90, 18.34, 23.67, 23.52, 33.57, 22.77, 23.36
9.20, 4.62, 8.90, 11.80, 23.45, 15.45, 20.04, 16.26, 15.83, 9.72, 18.07, 23.31, 23.23, 33.08, 22.48, 23.00
9.39, 4.57, 8.79, 11.74, 23.26, 15.26, 19.79, 16.06, 15.84, 9.72, 17.95, 23.08, 22.96, 32.58, 22.02, 22.47
9.26, 4.60, 8.82, 11.77, 23.28, 15.23, 19.66, 15.96, 15.92, 9.73, 17.99, 23.07, 22.68, 32.07, 21.51, 21.94
9.52, 4.73, 8.98, 11.95, 23.51, 15.39, 19.65, 15.97, 16.13, 9.86, 18.13, 23.08, 22.26, 31.42, 20.68, 21.07
9.63, 4.91, 9.19, 12.20, 23.98, 15.71, 19.85, 16.06, 16.43, 10.10, 18.36, 23.20, 21.88, 30.71, 19.79, 20.17
10.03, 5.08, 9.56, 12.47, 24.66, 16.18, 20.38, 16.38, 16.75, 10.36, 18.68, 23.40, 21.84, 30.49, 19.49, 19.77
10.12, 5.25, 9.90, 12.78, 25.49, 16.71, 21.10, 16.73, 17.00, 10.52, 19.03, 23.68, 21.81, 30.30, 19.32, 19.50
10.58, 5.47, 10.36, 13.09, 26.53, 17.29, 21.88, 17.21, 17.16, 10.62, 19.20, 23.78, 21.67, 29.96, 19.02, 19.09
10.85, 5.62, 10.86, 13.38, 28.03, 18.09, 23.11, 18.00, 17.35, 10.72, 19.30, 23.82, 21.43, 29.58, 18.68, 18.66
10.90, 5.65, 11.21, 13.63, 29.42, 18.77, 24.42, 18.85, 17.43, 10.76, 19.30, 23.76, 21.32, 29.53, 18.55, 18.59
11.11, 5.59, 11.38, 13.73, 30.77, 19.51, 25.75, 19.85, 17.24, 10.64, 19.03, 23.53, 21.48, 29.74, 18.96, 19.08
10.71, 5.35, 11.32, 13.69, 31.77, 19.93, 26.91, 20.67, 16.76, 10.23, 18.54, 23.10, 21.45, 29.74, 19.44, 19.53
10.44, 5.12, 11.07, 13.45, 32.45, 20.17, 27.91, 21.43, 16.04, 9.63, 17.62, 22.36, 21.46, 29.82, 20.17, 20.26
9.73, 4.80, 10.73, 13.08, 32.48, 20.20, 28.50, 21.87, 15.22, 9.08, 16.84, 21.58, 21.60, 30.15, 21.23, 21.37
9.05, 4.32, 10.23, 12.60, 32.02, 19.75, 28.60, 22.06, 14.36, 8.52, 16.01, 20.79, 21.74, 30.32, 22.24, 22.54
8.60, 3.94, 9.67, 12.09, 30.97, 19.12, 28.12, 21.68, 13.71, 8.08, 15.30, 20.08, 22.02, 30.84, 23.31, 23.72
8.41, 3.67, 9.21, 11.68, 29.75, 18.41, 27.32, 21.13, 13.19, 7.72, 14.77, 19.58, 22.55, 31.84, 24.79, 25.02
7.90, 3.44, 8.84, 11.32, 28.72, 17.75, 26.61, 20.74, 12.66, 7.39, 14.34, 19.10, 22.92, 32.45, 25.93, 26.09
7.77, 3.29, 8.45, 11.00, 27.79, 17.28, 25.86, 20.25, 12.30, 7.13, 13.96, 18.71, 23.07, 32.69, 26.55, 26.69
7.54, 3.11, 8.12, 10.69, 26.62, 16.62, 24.72, 19.59, 12.01, 6.91, 13.62, 18.40, 23.18, 33.03, 27.20, 27.35
7.47, 3.04, 7.83, 10.44, 25.60, 16.06, 23.39, 18.86, 11.80, 6.81, 13.42, 18.25, 23.48, 33.63, 28.01, 28.18
7.44, 3.11, 7.61, 10.31, 24.53, 15.44, 22.10, 18.07, 11.65, 6.74, 13.31, 18.22, 23.71, 34.05, 28.58, 28.77
7.58, 3.29, 7.45, 10.25, 23.28, 14.79, 20.43, 16.97, 11.62, 6.75, 13.34, 18.20, 23.90, 34.32, 28.83, 28.95
8.06, 3.67, 7.46, 10.40, 22.31, 14.37, 19.02, 16.07, 11.74, 6.89, 13.46, 18.37, 23.59, 33.92, 28.00, 28.14
8.50, 4.07, 7.71, 10.77, 22.24, 14.51, 18.61, 15.75, 12.22, 7.28, 13.87, 18.73, 23.26, 33.50, 26.70, 26.94
8.90, 4.40, 8.17, 11.25, 22.79, 14.94, 18.64, 15.71, 12.85, 7.81, 14.59, 19.30, 23.21, 33.42, 25.41, 25.68
9.31, 4.80, 8.84, 11.79, 23.47, 15.38, 18.73, 15.66, 13.67, 8.45, 15.39, 20.09, 23.07, 33.06, 23.94, 24.16
10.20, 5.15, 9.57, 12.28, 24.21, 15.80, 18.79, 15.48, 14.67, 9.15, 16.37, 21.11, 22.71, 32.45, 22.30, 22.32
10.88, 5.48, 10.24, 12.81, 25.41, 16.51, 19.32, 15.78, 15.91, 10.06, 17.54, 22.30, 22.50, 32.09, 20.85, 20.69
11.24, 5.69, 10.91, 13.28, 26.78, 17.35, 20.49, 16.45, 17.00, 10.79, 18.75, 23.50, 23.42, 33.13, 20.97, 20.81
11.71, 5.88, 11.39, 13.67, 28.04, 18.14, 21.62, 17.21, 17.65, 11.23, 19.81, 24.49, 24.34, 34.34, 21.72, 21.33
11.72, 5.93, 11.65, 13.82, 29.25, 18.96, 23.07, 18.19, 17.68, 11.24, 19.95, 24.62, 24.82, 34.89, 22.48, 22.07
11.27, 5.68, 11.60, 13.76, 30.18, 19.44, 24.66, 19.25, 16.94, 10.64, 19.09, 23.94, 24.72, 34.81, 23.32, 22.98
10.61, 5.36, 11.21, 13.39, 30.93, 19.68, 26.22, 20.32, 15.68, 9.80, 17.85, 22.73, 24.30, 34.40, 24.15, 23.90
9.80, 4.83, 10.86, 12.93, 31.28, 19.72, 27.53, 21.20, 14.43, 8.88, 16.45, 21.35, 23.82, 33.64, 24.91, 24.66
9.09, 4.28, 10.29, 12.35, 31.46, 19.56, 28.54, 21.80, 13.24, 7.98, 14.99, 19.87, 22.96, 32.22, 25.10, 24.79
8.61, 3.75, 9.84, 11.75, 31.55, 19.39, 29.42, 22.35, 12.32, 7.27, 13.75, 18.58, 22.01, 30.48, 24.78, 24.35
7.93, 3.23, 9.47, 11.21, 31.57, 19.13, 30.00, 22.68, 11.53, 6.64, 12.80, 17.54, 20.95, 28.75, 24.18, 23.53
7.38, 2.87, 9.06, 10.76, 31.35, 18.92, 30.05, 22.77, 11.06, 6.28, 12.23, 16.93, 19.87, 27.27, 23.00, 22.18
7.33, 2.69, 8.79, 10.58, 31.37, 18.90, 30.20, 22.99, 10.93, 6.20, 11.88, 16.59, 19.04, 26.22, 21.87, 20.78
7.13, 2.60, 8.70, 10.58, 31.54, 19.07, 30.31, 23.09, 11.01, 6.22, 11.81, 16.54, 18.50, 25.61, 20.98, 19.81
7.46, 2.73, 8.77, 10.72, 31.55, 19.13, 29.96, 22.88, 11.24, 6.41, 11.89, 16.58, 18.12, 25.22, 20.16, 18.93
7.82, 3.06, 9.10, 11.10, 31.14, 18.96, 28.93, 22.14, 11.66, 6.76, 12.22, 16.88, 17.91, 25.00, 19.38, 18.19
8.47, 3.57, 9.56, 11.63, 31.17, 19.12, 28.15, 21.56, 12.20, 7.20, 12.78, 17.39, 18.03, 25.04, 18.93, 17.73
8.98, 4.11, 10.08, 12.20, 31.81, 19.67, 27.96, 21.50, 12.90, 7.76, 13.54, 18.10, 18.51, 25.62, 18.78, 17.67
9.60, 4.51, 10.77, 12.80, 32.73, 20.31, 28.18, 21.69, 13.65, 8.29, 14.35, 18.92, 19.24, 26.51, 18.84, 17.81
10.44, 4.97, 11.37, 13.30, 33.93, 20.92, 28.47, 22.03, 14.40, 8.83, 15.20, 19.76, 20.12, 27.75, 19.36, 18.17
10.74, 5.27, 11.89, 13.74, 35.37, 21.79, 29.77, 22.91, 14.85, 9.16, 15.87, 20.45, 21.08, 28.93, 20.49, 19.18
10.89, 5.32, 12.16, 14.01, 36.50, 22.44, 30.99, 23.75, 14.86, 9.15, 16.11, 20.68, 21.64, 29.59, 21.35, 20.06
10.76, 5.28, 12.15, 13.99, 37.02, 22.65, 31.64, 24.33, 14.57, 8.92, 15.88, 20.49, 21.78, 29.80, 21.93, 20.70
10.36, 5.04, 11.90, 13.73, 37.04, 22.54, 32.19, 24.76, 14.02, 8.49, 15.31, 20.11, 21.73, 29.85, 22.55, 21.49
10.09, 4.71, 11.57, 13.37, 36.66, 22.22, 32.40, 24.94, 13.46, 8.13, 14.76, 19.61, 21.67, 29.88, 23.06, 22.16
9.62, 4.36, 11.10, 12.95, 35.99, 21.75, 32.38, 24.90, 12.93, 7.72, 14.22, 19.05, 21.48, 29.56, 23.48, 22.57
8.89, 3.94, 10.63, 12.43, 35.18, 21.08, 32.24, 24.78, 12.40, 7.27, 13.64, 18.40, 20.98, 28.89, 23.44, 22.48
8.48, 3.57, 10.22, 12.03, 34.42, 20.52, 31.92, 24.49, 12.02, 6.96, 13.14, 17.87, 20.46, 28.08, 23.09, 22.07
8.14, 3.23, 9.83, 11.60, 33.55, 19.87, 31.32, 24.03, 11.65, 6.64, 12.67, 17.34, 19.69, 26.82, 22.16, 21.21
7.98, 3.02, 9.54, 11.32, 32.75, 19.41, 30.56, 23.41, 11.41, 6.47, 12.28, 16.96, 18.76, 25.56, 20.81, 19.83
7.98, 3.01, 9.43, 11.23, 32.06, 18.96, 29.64, 22.72, 11.40, 6.48, 12.11, 16.75, 18.04, 24.76, 19.85, 18.68
8.09, 3.25, 9.40, 11.37, 31.47, 18.64, 28.43, 21.93, 11.59, 6.64, 12.12, 16.80, 17.29, 23.91, 18.58, 17.28
8.56, 3.57, 9.60, 11.67, 31.38, 18.67, 27.72, 21.47, 11.96, 6.98, 12.32, 16.98, 16.53, 23.04, 17.22, 15.84
9.13, 4.02, 9.90, 12.15, 31.80, 19.12, 27.39, 21.35, 12.56, 7.44, 12.68, 17.28, 15.95, 22.19, 15.73, 14.56
9.57, 4.41, 10.40, 12.65, 32.66, 19.65, 27.69, 21.61, 13.26, 7.93, 13.24, 17.68, 15.95, 22.07, 15.11, 13.99
10.20, 4.77, 11.03, 13.17, 33.85, 20.38, 28.24, 21.96, 13.90, 8.31, 14.05, 18.37, 16.80, 22.85, 15.66, 14.45
10.90, 5.25, 11.73, 13.70, 35.30, 21.26, 28.90, 22.35, 14.40, 8.72, 14.89, 19.15, 17.47, 23.72, 16.17, 14.79
11.62, 5.73, 12.46, 14.24, 36.64, 22.08, 29.44, 22.74, 14.99, 9.22, 15.56, 19.88, 17.90, 24.38, 16.16, 14.81
12.14, 6.13, 13.08, 14.75, 37.81, 22.71, 29.74, 22.84, 15.57, 9.66, 16.18, 20.60, 18.20, 24.93, 16.00, 14.76
12.64, 6.52, 13.53, 15.18, 38.56, 23.21, 29.69, 22.66, 16.02, 10.09, 16.71, 21.26, 18.29, 25.22, 15.74, 14.65
12.91, 6.81, 13.84, 15.50, 39.12, 23.49, 29.62, 22.69, 16.38, 10.40, 17.17, 21.79, 18.36, 25.36, 15.57, 14.57
13.20, 6.85, 14.04, 15.72, 39.42, 23.62, 29.75, 22.76, 16.75, 10.62, 17.60, 22.19, 18.48, 25.53, 15.45, 14.50
13.09, 6.87, 14.12, 15.77, 39.30, 23.60, 29.64, 22.68, 17.02, 10.76, 17.90, 22.42, 18.58, 25.57, 15.40, 14.39
13.19, 6.79, 13.99, 15.61, 39.01, 23.39, 29.44, 22.50, 17.17, 10.80, 17.96, 22.44, 18.75, 25.63, 15.46, 14.36
12.81, 6.53, 13.70, 15.25, 38.68, 23.04, 29.60, 22.62, 17.00, 10.63, 17.68, 22.12, 19.08, 25.93, 16.24, 14.99
12.27, 6.08, 13.19, 14.85, 38.12, 22.70, 30.11, 23.00, 16.38, 10.09, 17.06, 21.54, 19.22, 25.99, 17.17, 15.89
11.89, 5.68, 12.65, 14.37, 37.27, 22.23, 30.11, 23.05, 15.63, 9.41, 16.24, 20.83, 19.04, 25.81, 17.63, 16.45
11.22, 5.32, 11.92, 13.79, 36.04, 21.51, 29.82, 22.93, 14.69, 8.77, 15.35, 19.99, 18.93, 25.78, 18.35, 17.26
10.71, 4.95, 11.32, 13.34, 34.92, 20.83, 29.50, 22.74, 13.99, 8.29, 14.64, 19.37, 18.87, 25.85, 18.92, 18.02
10.06, 4.57, 10.77, 12.89, 33.76, 20.21, 29.10, 22.55, 13.42, 7.86, 14.08, 18.77, 19.01, 26.15, 19.65, 18.82
9.50, 4.26, 10.33, 12.54, 33.05, 19.84, 29.00, 22.51, 13.01, 7.52, 13.68, 18.34, 19.34, 26.45, 20.44, 19.52
9.04, 3.84, 10.06, 12.17, 32.37, 19.49, 29.07, 22.67, 12.56, 7.17, 13.35, 18.00, 19.81, 26.97, 21.56, 20.55
8.67, 3.55, 9.71, 11.88, 31.76, 19.20, 28.93, 22.65, 12.23, 6.90, 13.15, 17.74, 20.18, 27.35, 22.40, 21.30
8.23, 3.33, 9.52, 11.64, 31.27, 19.00, 28.89, 22.71, 11.98, 6.72, 12.93, 17.50, 20.67, 27.97, 23.26, 22.17
8.07, 3.11, 9.24, 11.46, 30.89, 18.92, 28.82, 22.78, 11.70, 6.53, 12.78, 17.37, 21.00, 28.44, 24.03, 22.97
7.89, 2.95, 9.10, 11.27, 30.55, 18.72, 28.68, 22.74, 11.45, 6.35, 12.59, 17.25, 21.22, 28.77, 24.61, 23.54
7.51, 2.85, 8.96, 11.13, 30.24, 18.59, 28.51, 22.64, 11.28, 6.25, 12.48, 17.11, 21.49, 29.19, 25.21, 24.15
7.50, 2.75, 8.98, 11.00, 29.99, 18.46, 28.26, 22.46, 11.14, 6.18, 12.40, 17.06, 21.73, 29.59, 25.70, 24.66
7.62, 2.77, 8.96, 10.99, 29.88, 18.40, 27.98, 22.13, 11.12, 6.19, 12.39, 17.18, 21.89, 29.96, 25.85, 24.93
7.72, 2.86, 9.03, 11.06, 29.83, 18.34, 27.74, 21.95, 11.25, 6.31, 12.51, 17.31, 21.91, 30.05, 25.65, 24.76
7.80, 2.96, 9.08, 11.20, 29.85, 18.45, 27.59, 21.90, 11.50, 6.50, 12.79, 17.56, 22.07, 30.29, 25.61, 24.78
7.95, 3.08, 9.23, 11.34, 29.90, 18.53, 27.46, 21.72, 11.78, 6.69, 13.14, 17.87, 22.42, 30.80, 25.93, 25.08
8.15, 3.20, 9.31, 11.45, 29.89, 18.55, 27.28, 21.66, 12.03, 6.88, 13.46, 18.15, 22.80, 31.19, 26.16, 25.33
8.13, 3.22, 9.35, 11.55, 29.97, 18.61, 27.28, 21.68, 12.25, 7.06, 13.73, 18.37, 23.15, 31.57, 26.48, 25.59
8.22, 3.25, 9.39, 11.61, 29.95, 18.61, 27.23, 21.59, 12.44, 7.16, 13.94, 18.56, 23.33, 31.75, 26.52, 25.62
8.28, 3.23, 9.42, 11.57, 30.06, 18.68, 27.35, 21.73, 12.55, 7.24, 14.01, 18.62, 23.42, 31.84, 26.62, 25.70
8.21, 3.13, 9.39, 11.51, 30.03, 18.63, 27.52, 21.87, 12.45, 7.14, 14.00, 18.59, 23.52, 32.01, 26.97, 26.06
8.05, 3.02, 9.29, 11.37, 29.87, 18.50, 27.45, 21.78, 12.31, 7.06, 13.87, 18.52, 23.45, 31.98, 27.05, 26.21
7.94, 2.94, 9.12, 11.23, 29.51, 18.35, 27.28, 21.70, 12.13, 6.96, 13.68, 18.41, 23.53, 32.28, 27.50, 26.79
7.53, 2.82, 8.92, 11.05, 29.23, 18.13, 27.21, 21.61, 11.89, 6.75, 13.51, 18.32, 23.78, 32.75, 28.33, 27.69
7.47, 2.67, 8.70, 10.87, 28.82, 17.88, 26.99, 21.43, 11.59, 6.53, 13.32, 18.13, 23.89, 33.04, 29.00, 28.31
7.20, 2.55, 8.46, 10.64, 28.29, 17.56, 26.41, 21.13, 11.37, 6.35, 13.15, 17.95, 24.06, 33.31, 29.47, 28.83
7.06, 2.38, 8.21, 10.39, 27.68, 17.16, 25.72, 20.73, 11.22, 6.26, 13.04, 17.88, 24.18, 33.76, 29.96, 29.51
7.06, 2.32, 8.00, 10.19, 27.04, 16.78, 24.96, 20.23, 11.11, 6.18, 12.87, 17.86, 24.08, 33.88, 29.93, 29.62
6.81, 2.26, 7.72, 10.01, 26.35, 16.36, 24.07, 19.62, 11.18, 6.29, 12.87, 17.99, 23.71, 33.67, 29.12, 29.03
6.93, 2.22, 7.52, 9.87, 25.49, 15.82, 22.90, 18.81, 11.54, 6.59, 13.08, 18.28, 23.32, 33.31, 27.88, 28.01
7.34, 2.46, 7.42, 9.85, 24.25, 15.07, 21.14, 17.55, 12.07, 7.07, 13.56, 18.72, 23.16, 33.29, 26.81, 27.09
8.03, 3.02, 7.46, 9.96, 22.31, 13.94, 18.69, 15.61, 12.75, 7.71, 14.33, 19.42, 23.50, 33.88, 26.12, 26.58
8.79, 3.93, 7.70, 10.31, 20.46, 12.96, 16.20, 13.56, 13.47, 8.42, 15.26, 20.39, 24.02, 34.74, 25.64, 26.20
9.74, 4.75, 8.25, 11.00, 20.07, 12.97, 15.17, 12.67, 14.37, 9.24, 16.45, 21.67, 24.50, 35.70, 24.97, 25.66
10.25, 5.02, 9.09, 11.80, 20.72, 13.49, 15.52, 12.88, 15.55, 10.11, 17.83, 23.26, 24.94, 36.49, 24.29, 25.06
10.55, 5.35, 9.82, 12.33, 21.33, 14.02, 15.55, 12.87, 16.59, 10.95, 19.22, 24.78, 25.04, 36.76, 23.36, 24.16
11.22, 5.82, 10.48, 12.90, 21.91, 14.49, 15.55, 12.85, 17.77, 11.88, 20.74, 26.33, 24.95, 36.65, 22.38, 22.95
11.69, 6.12, 11.06, 13.36, 22.34, 14.77, 15.52, 12.75, 18.77, 12.62, 22.00, 27.52, 24.54, 35.85, 21.25, 21.71
12.23, 6.38, 11.57, 13.72, 22.45, 14.87, 15.09, 12.38, 19.76, 13.39, 23.04, 28.56, 23.42, 34.10, 19.47, 19.82
12.72, 6.66, 11.92, 14.11, 22.23, 14.80, 14.32, 11.81, 20.93, 14.36, 23.92, 29.47, 21.70, 31.48, 17.06, 17.37
13.18, 7.00, 12.22, 14.55, 22.29, 14.98, 13.89, 11.61, 22.37, 15.52, 24.93, 30.46, 20.35, 29.43, 15.09, 15.46
13.54, 7.24, 12.73, 15.04, 22.85, 15.43, 14.19, 11.87, 23.84, 16.66, 26.23, 31.74, 19.59, 28.16, 13.76, 14.16
14.13, 7.50, 13.20, 15.52, 23.39, 15.76, 14.26, 11.92, 25.21, 17.74, 27.34, 32.71, 19.07, 27.10, 12.71, 12.91
14.54, 7.80, 13.67, 15.99, 23.82, 16.02, 14.15, 11.87, 26.25, 18.52, 28.04, 33.26, 18.46, 25.94, 11.70, 11.69
14.94, 8.17, 14.14, 16.43, 24.02, 16.06, 13.99, 11.71, 26.80, 18.95, 28.21, 33.23, 17.55, 24.50, 10.46, 10.30
15.28, 8.54, 14.59, 16.89, 23.92, 15.91, 13.46, 11.27, 27.09, 19.25, 28.02, 33.01, 16.51, 23.05, 9.30, 9.03
15.79, 8.99, 15.04, 17.36, 23.62, 15.81, 12.84, 10.61, 27.37, 19.50, 27.90, 32.80, 15.77, 22.06, 8.51, 8.31
16.18, 9.45, 15.56, 17.90, 23.38, 15.71, 12.23, 10.10, 27.67, 19.71, 27.99, 32.77, 15.46, 21.54, 8.16, 7.92
16.73, 10.01, 16.19, 18.54, 22.97, 15.38, 11.44, 9.36, 27.83, 19.89, 28.03, 32.86, 15.11, 21.10, 7.82, 7.58
17.24, 10.68, 16.84, 19.26, 22.82, 15.28, 10.83, 8.84, 28.06, 20.12, 28.04, 32.90, 14.66, 20.57, 7.40, 7.19
17.95, 11.23, 17.59, 20.05, 22.99, 15.41, 10.75, 8.69, 28.48, 20.48, 28.13, 33.03, 14.21, 20.12, 6.97, 6.83
18.19, 11.69, 18.25, 20.70, 23.08, 15.41, 10.62, 8.62, 28.93, 20.85, 28.32, 33.22, 13.81, 19.77, 6.54, 6.54
18.71, 12.12, 18.88, 21.28, 23.14, 15.32, 10.47, 8.52, 29.41, 21.29, 28.53, 33.46, 13.48, 19.46, 6.29, 6.30
19.36, 12.57, 19.52, 21.85, 23.20, 15.31, 10.30, 8.39, 29.83, 21.64, 28.88, 33.70, 13.26, 19.22, 6.03, 6.13
19.71, 13.00, 20.06, 22.39, 23.14, 15.21, 10.14, 8.25, 30.18, 21.89, 29.05, 33.87, 12.98, 18.93, 5.83, 5.94
20.08, 13.30, 20.45, 22.76, 22.90, 15.05, 9.86, 8.02, 30.40, 22.14, 29.20, 34.04, 12.81, 18.76, 5.70, 5.80
20.22, 13.55, 20.74, 22.97, 22.49, 14.81, 9.60, 7.83, 30.64, 22.30, 29.28, 34.11, 12.68, 18.56, 5.53, 5.69
20.56, 13.69, 20.89, 23.14, 22.54, 14.83, 9.63, 7.90, 30.81, 22.41, 29.33, 34.20, 12.81, 18.63, 5.60, 5.73
20.28, 13.64, 21.08, 23.24, 22.75, 15.13, 9.92, 8.15, 30.58, 22.19, 29.31, 34.15, 13.12, 18.91, 5.83, 5.92
20.29, 13.52, 20.98, 23.14, 23.18, 15.57, 10.36, 8.59, 29.90, 21.61, 29.03, 33.79, 13.55, 19.26, 6.19, 6.19
19.69, 13.22, 20.65, 22.84, 23.79, 16.14, 11.18, 9.34, 28.94, 20.63, 28.29, 33.15, 13.85, 19.56, 6.50, 6.48
19.08, 12.55, 20.19, 22.25, 24.48, 16.78, 12.35, 10.30, 27.95, 19.43, 27.34, 32.44, 14.06, 19.83, 6.80, 6.77
18.33, 11.73, 19.45, 21.69, 25.11, 17.36, 13.52, 11.33, 27.02, 18.28, 26.41, 31.32, 14.05, 19.82, 6.90, 6.89
17.87, 11.17, 18.83, 21.14, 25.77, 17.75, 14.64, 12.20, 25.95, 17.25, 25.44, 30.30, 14.22, 19.89, 7.12, 7.11
17.27, 10.77, 18.40, 20.76, 26.36, 17.97, 15.55, 12.88, 24.89, 16.25, 24.62, 29.34, 14.41, 19.95, 7.43, 7.31
17.02, 10.47, 18.17, 20.36, 26.84, 18.16, 16.23, 13.32, 23.82, 15.29, 23.76, 28.32, 14.56, 19.95, 7.79, 7.54
16.85, 10.22, 17.99, 20.10, 27.36, 18.24, 16.88, 13.69, 22.73, 14.34, 22.85, 27.26, 14.39, 19.61, 7.82, 7.52
16.76, 10.18, 18.28, 20.11, 27.79, 18.24, 17.23, 13.69, 21.90, 13.62, 21.93, 26.16, 13.96, 19.05, 7.48, 7.18
17.18, 10.37, 18.81, 20.50, 28.00, 18.10, 17.11, 13.34, 21.43, 13.24, 21.36, 25.46, 13.45, 18.42, 6.97, 6.74
18.27, 11.17, 19.94, 21.46, 27.65, 17.37, 15.66, 11.84, 21.10, 13.02, 20.69, 24.72, 12.63, 17.63, 6.17, 6.05
19.72, 12.51, 21.61, 22.96, 27.70, 17.10, 14.34, 10.88, 20.95, 12.95, 20.35, 24.33, 12.10, 17.06, 5.61, 5.59
21.42, 14.08, 23.55, 24.89, 27.50, 16.73, 13.07, 10.00, 20.78, 12.95, 20.08, 24.06, 11.56, 16.45, 5.16, 5.25
24.11, 16.58, 26.08, 27.32, 26.74, 16.16, 11.26, 8.85, 20.57, 12.90, 19.90, 23.88, 11.20, 15.94, 4.85, 4.92
26.66, 19.55, 28.96, 30.04, 25.76, 15.52, 10.00, 7.99, 20.48, 12.96, 19.89, 23.80, 10.88, 15.56, 4.60, 4.67
29.54, 22.53, 31.66, 32.52, 24.96, 15.06, 9.32, 7.35, 20.43, 13.05, 19.81, 23.78, 10.61, 15.22, 4.35, 4.44
31.66, 24.61, 34.14, 34.66, 25.13, 15.14, 9.21, 7.38, 20.34, 13.03, 19.75, 23.59, 10.44, 14.98, 4.24, 4.35
33.03, 26.01, 36.18, 36.40, 25.55, 15.47, 9.43, 7.59, 20.16, 12.82, 19.66, 23.39, 10.48, 15.00, 4.27, 4.34
34.13, 26.76, 37.60, 37.41, 26.07, 16.05, 9.81, 7.89, 19.75, 12.36, 19.34, 22.90, 10.51, 15.01, 4.33, 4.40
34.08, 26.66, 37.89, 37.75, 26.55, 16.70, 10.31, 8.33, 19.14, 11.72, 18.85, 22.20, 10.46, 15.01, 4.49, 4.50
33.28, 25.97, 37.44, 37.39, 26.66, 16.92, 10.51, 8.46, 18.43, 11.08, 18.37, 21.56, 10.60, 15.22, 4.83, 4.75
32.31, 25.06, 36.17, 36.11, 26.56, 16.99, 10.59, 8.53, 17.76, 10.57, 18.04, 21.01, 10.80, 15.50, 5.17, 5.02
30.63, 23.54, 34.47, 34.63, 26.44, 17.05, 10.82, 8.67, 17.23, 10.26, 17.75, 20.60, 10.94, 15.72, 5.43, 5.26
28.63, 21.77, 32.50, 32.88, 26.35, 17.20, 11.09, 8.91, 17.10, 10.19, 17.64, 20.57, 11.46, 16.39, 5.89, 5.65
26.64, 20.09, 30.51, 31.24, 26.51, 17.58, 11.62, 9.42, 17.15, 10.27, 17.79, 20.86, 12.04, 17.14, 6.37, 6.03
24.99, 18.76, 28.89, 29.89, 26.60, 17.84, 12.05, 9.77, 17.46, 10.56, 18.04, 21.22, 12.78, 18.09, 6.91, 6.54
23.76, 17.59, 27.57, 28.73, 27.25, 18.47, 12.94, 10.53, 17.76, 10.83, 18.40, 21.76, 14.60, 19.73, 8.85, 7.89
22.33, 16.19, 26.20, 27.49, 28.52, 19.33, 14.72, 11.96, 17.65, 10.79, 18.79, 22.21, 16.54, 21.45, 11.47, 9.81
20.56, 14.74, 24.56, 25.92, 29.44, 19.79, 16.29, 13.12, 17.17, 10.40, 18.64, 22.19, 17.66, 22.51, 13.29, 11.18
19.20, 13.32, 22.57, 24.06, 30.22, 20.14, 17.82, 14.28, 16.64, 10.03, 18.19, 22.07, 18.44, 23.61, 15.06, 13.02
17.13, 11.75, 20.48, 22.13, 31.04, 20.45, 19.75, 15.61, 16.03, 9.62, 17.60, 21.87, 18.84, 24.51, 16.55, 14.76
15.87, 10.42, 18.73, 20.42, 31.22, 20.31, 21.06, 16.52, 15.55, 9.39, 17.13, 21.66, 18.93, 24.98, 17.24, 15.75
14.71, 9.41, 17.21, 18.93, 31.05, 20.02, 21.79, 16.99, 15.33, 9.28, 16.86, 21.50, 18.85, 25.25, 17.49, 16.22
13.82, 8.59, 15.83, 17.65, 30.81, 19.63, 22.36, 17.36, 15.34, 9.29, 16.70, 21.46, 18.91, 25.55, 17.51, 16.45
13.13, 7.97, 14.82, 16.72, 30.45, 19.26, 22.63, 17.53, 15.50, 9.39, 16.81, 21.57, 18.88, 25.56, 17.28, 16.36
12.86, 7.57, 14.09, 16.10, 29.88, 18.80, 22.53, 17.45, 15.80, 9.59, 17.02, 21.71, 18.86, 25.47, 16.83, 15.99
12.41, 7.28, 13.44, 15.62, 29.24, 18.38, 22.15, 17.26, 16.17, 9.87, 17.42, 22.00, 19.10, 25.73, 16.70, 15.90
12.28, 7.10, 13.04, 15.29, 28.78, 18.18, 21.92, 17.12, 16.44, 10.16, 17.75, 22.37, 19.20, 25.92, 16.58, 15.81
12.05, 6.97, 12.76, 15.09, 28.29, 17.94, 21.57, 16.93, 16.71, 10.46, 18.07, 22.73, 19.25, 26.08, 16.39, 15.74
12.05, 6.92, 12.48, 14.91, 27.76, 17.52, 20.97, 16.54, 16.95, 10.75, 18.37, 23.18, 19.37, 26.31, 16.36, 15.78
12.02, 6.94, 12.33, 14.79, 27.29, 17.28, 20.43, 16.11, 17.32, 11.13, 18.78, 23.75, 19.59, 26.75, 16.45, 16.04
12.13, 6.88, 12.35, 14.80, 27.26, 17.25, 20.52, 16.25, 17.58, 11.39, 19.13, 24.12, 19.76, 26.96, 16.47, 16.11
11.97, 6.85, 12.41, 14.80, 27.68, 17.38, 20.96, 16.48, 17.81, 11.51, 19.31, 24.22, 19.74, 26.79, 16.22, 15.76
12.11, 6.80, 12.46, 14.83, 28.35, 17.71, 21.67, 16.99, 17.83, 11.44, 19.26, 24.01, 19.38, 26.18, 15.72, 15.23
12.05, 6.71, 12.65, 14.90, 28.90, 17.97, 22.28, 17.37, 17.66, 11.27, 19.05, 23.65, 18.94, 25.62, 15.32, 14.82
12.22, 6.74, 12.86, 15.04, 29.58, 18.30, 22.77, 17.65, 17.43, 11.06, 18.78, 23.40, 18.40, 25.04, 14.90, 14.39
12.14, 6.80, 13.16, 15.31, 30.15, 18.64, 23.24, 17.80, 17.34, 10.95, 18.54, 23.27, 17.79, 24.29, 14.13, 13.55
12.60, 6.97, 13.45, 15.55, 30.40, 18.86, 23.24, 17.77, 17.48, 11.08, 18.61, 23.37, 17.54, 23.98, 13.78, 13.08
12.71, 7.21, 13.83, 15.86, 30.78, 19.03, 23.16, 17.75, 17.74, 11.26, 18.94, 23.73, 17.54, 23.92, 13.60, 12.83
13.06, 7.45, 14.18, 16.24, 31.08, 19.25, 23.15, 17.71, 18.14, 11.62, 19.50, 24.25, 17.65, 23.98, 13.37, 12.52
13.31, 7.75, 14.61, 16.58, 31.27, 19.37, 22.98, 17.55, 18.73, 12.10, 20.08, 24.89, 17.67, 23.94, 12.93, 11.90
13.77, 7.96, 14.96, 16.91, 31.36, 19.51, 22.67, 17.35, 19.43, 12.69, 20.76, 25.61, 17.42, 23.63, 12.15, 11.19
14.00, 8.14, 15.25, 17.20, 31.34, 19.46, 22.34, 17.08, 20.27, 13.39, 21.47, 26.33, 17.04, 23.21, 11.25, 10.50
14.14, 8.36, 15.59, 17.48, 30.95, 19.06, 21.53, 16.39, 21.48, 14.39, 22.51, 27.38, 16.48, 22.57, 10.10, 9.65
14.59, 8.59, 15.88, 17.75, 29.73, 18.23, 19.87, 15.15, 22.88, 15.51, 23.52, 28.33, 15.86, 21.85, 8.95, 8.80
15.35, 9.02, 16.05, 18.05, 27.81, 16.81, 17.27, 13.55, 24.30, 16.68, 24.64, 29.37, 15.30, 21.31, 8.03, 8.13
16.06, 9.62, 16.30, 18.48, 25.98, 15.93, 14.86, 11.88, 25.75, 17.93, 25.80, 30.62, 15.09, 21.21, 7.63, 7.78
16.29, 10.13, 16.71, 19.08, 25.39, 15.83, 13.98, 11.21, 26.95, 18.99, 26.82, 31.66, 15.01, 21.24, 7.40, 7.60
16.45, 10.41, 17.18, 19.58, 25.00, 15.70, 13.45, 10.80, 27.62, 19.64, 27.43, 32.35, 14.85, 21.18, 7.22, 7.46
17.00, 10.76, 17.41, 19.91, 24.50, 15.61, 12.71, 10.30, 28.12, 20.11, 27.85, 32.85, 14.66, 21.14, 7.06, 7.39
17.25, 11.07, 17.67, 20.20, 23.89, 15.40, 11.96, 9.75, 28.57, 20.58, 28.32, 33.45, 14.56, 21.19, 7.04, 7.36
17.63, 11.25, 17.76, 20.31, 23.13, 15.02, 11.23, 9.18, 28.97, 21.04, 28.88, 34.08, 14.81, 21.57, 7.29, 7.55
17.31, 11.32, 17.50, 20.19, 22.62, 14.81, 10.82, 8.86, 29.42, 21.39, 29.42, 34.73, 15.36, 22.16, 7.73, 7.89
17.10, 11.00, 17.16, 19.82, 22.34, 14.72, 10.80, 8.82, 29.59, 21.62, 29.79, 35.23, 16.09, 22.95, 8.36, 8.40
16.51, 10.54, 16.56, 19.22, 22.21, 14.75, 11.05, 9.07, 29.24, 21.35, 29.77, 35.34, 16.75, 23.72, 9.09, 9.01
15.75, 10.01, 15.81, 18.54, 22.07, 14.83, 11.35, 9.37, 28.44, 20.73, 29.46, 35.18, 17.26, 24.36, 9.68, 9.59
15.08, 9.48, 15.01, 17.86, 21.82, 14.71, 11.51, 9.59, 27.69, 19.99, 28.79, 34.75, 17.49, 24.75, 10.07, 9.91
14.37, 8.99, 14.35, 17.24, 21.55, 14.53, 11.60, 9.65, 27.05, 19.31, 28.15, 34.26, 17.54, 24.80, 10.24, 10.08
14.09, 8.68, 13.91, 16.76, 21.29, 14.36, 11.48, 9.60, 26.78, 18.98, 27.88, 34.01, 17.50, 24.78, 10.28, 10.09
13.78, 8.56, 13.56, 16.50, 21.18, 14.27, 11.47, 9.64, 26.82, 18.95, 27.84, 33.96, 17.62, 24.75, 10.36, 10.12
13.78, 8.46, 13.39, 16.39, 21.27, 14.36, 11.62, 9.76, 26.98, 19.00, 28.01, 34.02, 17.77, 24.82, 10.49, 10.16
13.69, 8.36, 13.31, 16.32, 21.65, 14.63, 12.03, 10.10, 27.11, 19.06, 28.18, 34.19, 18.01, 25.04, 10.67, 10.30
13.66, 8.33, 13.23, 16.29, 22.04, 14.90, 12.47, 10.41, 26.98, 18.97, 28.09, 34.13, 18.24, 25.30, 10.94, 10.57
13.63, 8.25, 13.24, 16.27, 22.48, 15.17, 13.04, 10.80, 26.47, 18.58, 27.73, 33.77, 18.41, 25.53, 11.21, 10.88
13.43, 8.22, 13.16, 16.21, 22.94, 15.37, 13.60, 11.12, 25.81, 17.94, 27.16, 33.16, 18.36, 25.56, 11.42, 11.05
13.52, 8.17, 13.27, 16.23, 23.59, 15.60, 14.37, 11.54, 25.13, 17.30, 26.54, 32.38, 18.12, 25.30, 11.34, 10.99
13.54, 8.20, 13.47, 16.31, 24.46, 16.03, 15.26, 12.04, 24.63, 16.74, 25.87, 31.62, 17.67, 24.76, 10.91, 10.68
13.55, 8.25, 13.73, 16.51, 25.35, 16.36, 16.06, 12.41, 24.27, 16.31, 25.33, 30.88, 17.27, 24.22, 10.54, 10.35
14.03, 8.38, 14.14, 16.85, 26.33, 16.78, 16.84, 12.85, 24.01, 15.97, 24.83, 30.27, 16.79, 23.64, 10.02, 9.94
14.17, 8.56, 14.61, 17.19, 27.27, 17.30, 17.60, 13.23, 23.74, 15.63, 24.30, 29.52, 16.22, 22.93, 9.47, 9.43
14.45, 8.80, 15.04, 17.66, 28.41, 17.90, 18.44, 13.85, 23.45, 15.24, 23.76, 28.82, 15.90, 22.43, 9.18, 9.20
14.75, 8.94, 15.55, 18.13, 29.71, 18.58, 19.69, 14.67, 22.89, 14.71, 23.28, 28.21, 15.87, 22.26, 9.28, 9.25
14.97, 9.01, 16.05, 18.50, 31.09, 19.21, 20.82, 15.43, 22.20, 14.12, 22.62, 27.44, 15.74, 22.02, 9.29, 9.25
15.09, 9.04, 16.47, 18.71, 32.63, 19.78, 21.99, 16.08, 21.49, 13.52, 21.85, 26.56, 15.46, 21.62, 9.15, 9.12
15.05, 8.95, 16.87, 18.80, 34.07, 20.23, 23.16, 16.73, 20.82, 12.93, 21.11, 25.73, 15.18, 21.21, 9.04, 9.01
15.12, 8.81, 17.05, 18.81, 35.22, 20.59, 24.02, 17.27, 20.14, 12.33, 20.41, 24.89, 14.90, 20.79, 8.94, 8.87
15.04, 8.69, 17.18, 18.74, 35.92, 20.78, 24.61, 17.60, 19.56, 11.87, 19.84, 24.20, 14.68, 20.48, 8.84, 8.76
14.75, 8.58, 17.13, 18.68, 36.32, 20.98, 24.93, 17.82, 19.16, 11.56, 19.42, 23.73, 14.53, 20.25, 8.83, 8.67
14.80, 8.55, 17.12, 18.65, 36.42, 21.03, 25.01, 17.92, 18.93, 11.39, 19.17, 23.44, 14.43, 20.10, 8.71, 8.59
14.78, 8.57, 17.06, 18.64, 36.00, 20.87, 24.58, 17.68, 18.86, 11.32, 19.04, 23.23, 14.33, 19.97, 8.63, 8.47
14.97, 8.70, 17.11, 18.77, 35.54, 20.70, 24.04, 17.40, 18.89, 11.33, 19.02, 23.15, 14.31, 19.89, 8.52, 8.34
15.01, 8.90, 17.33, 18.99, 35.34, 20.66, 23.68, 17.15, 18.99, 11.36, 18.97, 23.10, 14.26, 19.81, 8.39, 8.17
15.54, 9.14, 17.74, 19.35, 35.39, 20.81, 23.40, 17.06, 19.04, 11.44, 18.96, 23.09, 14.21, 19.74, 8.27, 8.08
15.75, 9.46, 18.12, 19.73, 35.45, 20.94, 23.21, 16.90, 19.02, 11.45, 18.93, 23.02, 14.20, 19.62, 8.23, 8.02
15.97, 9.73, 18.44, 20.14, 35.51, 21.04, 22.90, 16.76, 19.00, 11.40, 18.91, 23.00, 14.22, 19.58, 8.27, 7.95
16.33, 10.08, 18.85, 20.52, 35.65, 21.26, 22.85, 16.76, 18.96, 11.35, 18.93, 22.95, 14.37, 19.61, 8.42, 8.05
16.56, 10.24, 19.13, 20.79, 35.98, 21.49, 22.95, 16.86, 18.88, 11.30, 18.93, 23.05, 14.54, 19.85, 8.74, 8.26
16.59, 10.31, 19.25, 20.93, 36.27, 21.68, 23.18, 17.07, 18.85, 11.32, 18.91, 23.17, 14.81, 20.17, 9.12, 8.53
16.37, 10.19, 19.19, 20.83, 36.61, 21.89, 23.69, 17.46, 18.80, 11.31, 18.89, 23.18, 15.21, 20.51, 9.57, 8.88
16.08, 9.93, 18.92, 20.52, 37.08, 21.97, 24.28, 17.80, 18.60, 11.18, 18.80, 23.10, 15.66, 20.87, 10.11, 9.28
15.70, 9.59, 18.49, 19.97, 37.15, 21.94, 24.74, 18.10, 18.32, 10.95, 18.60, 22.80, 15.91, 21.06, 10.53, 9.58
15.25, 9.18, 17.91, 19.45, 37.13, 21.82, 25.09, 18.28, 17.97, 10.66, 18.24, 22.34, 15.74, 20.94, 10.52, 9.60
14.92, 8.84, 17.45, 19.00, 37.17, 21.83, 25.54, 18.54, 17.64, 10.38, 17.81, 21.88, 15.58, 20.76, 10.49, 9.59
14.59, 8.57, 17.01, 18.59, 37.20, 21.76, 25.84, 18.77, 17.27, 10.11, 17.42, 21.46, 15.37, 20.58, 10.48, 9.63
14.29, 8.38, 16.65, 18.29, 37.16, 21.73, 25.98, 18.88, 16.95, 9.87, 17.06, 21.03, 15.02, 20.28, 10.28, 9.49
14.19, 8.27, 16.43, 18.16, 37.19, 21.77, 26.04, 18.92, 16.71, 9.70, 16.76, 20.70, 14.73, 20.02, 10.05, 9.31
14.14, 8.27, 16.42, 18.16, 37.34, 21.88, 26.14, 19.04, 16.58, 9.61, 16.64, 20.54, 14.53, 19.87, 9.86, 9.23
14.33, 8.32, 16.43, 18.25, 37.35, 21.94, 26.11, 19.08, 16.54, 9.59, 16.59, 20.52, 14.40, 19.76, 9.67, 9.15
14.46, 8.46, 16.64, 18.47, 37.30, 21.97, 25.88, 18.99, 16.61, 9.68, 16.65, 20.56, 14.25, 19.65, 9.41, 8.95
14.65, 8.65, 16.84, 18.80, 37.31, 22.10, 25.65, 18.85, 16.80, 9.81, 16.78, 20.72, 14.12, 19.54, 9.12, 8.77
14.90, 8.84, 17.20, 19.11, 37.46, 22.26, 25.61, 18.86, 17.01, 9.94, 16.98, 20.95, 13.94, 19.35, 8.80, 8.48
14.93, 9.04, 17.45, 19.42, 37.57, 22.47, 25.50, 18.89, 17.27, 10.16, 17.22, 21.10, 13.79, 19.21, 8.48, 8.21
15.22, 9.24, 17.83, 19.76, 37.75, 22.59, 25.36, 18.82, 17.61, 10.43, 17.59, 21.39, 13.93, 19.36, 8.46, 8.24
15.41, 9.45, 18.20, 20.08, 37.80, 22.63, 25.17, 18.77, 17.88, 10.70, 18.05, 21.78, 14.30, 19.75, 8.78, 8.44
15.71, 9.69, 18.51, 20.36, 37.65, 22.63, 24.77, 18.43, 18.15, 11.04, 18.49, 22.21, 14.56, 20.06, 8.94, 8.62
16.15, 9.96, 18.77, 20.60, 36.96, 22.30, 23.93, 17.90, 18.45, 11.34, 18.81, 22.59, 14.65, 20.22, 8.94, 8.61
16.48, 10.12, 18.88, 20.71, 36.36, 22.04, 23.32, 17.49, 18.65, 11.55, 19.07, 22.87, 14.70, 20.38, 8.92, 8.64
16.21, 10.16, 18.81, 20.75, 36.02, 21.92, 23.12, 17.39, 18.85, 11.74, 19.30, 23.16, 14.77, 20.47, 8.92, 8.67
16.19, 10.17, 18.67, 20.64, 35.68, 21.73, 22.84, 17.19, 19.07, 11.94, 19.54, 23.41, 14.82, 20.58, 8.90, 8.68
16.28, 10.11, 18.58, 20.49, 35.29, 21.54, 22.53, 17.04, 19.28, 12.12, 19.70, 23.60, 14.79, 20.56, 8.75, 8.60
16.04, 10.04, 18.39, 20.34, 34.79, 21.30, 22.13, 16.80, 19.43, 12.24, 19.85, 23.74, 14.78, 20.62, 8.70, 8.57
16.19, 10.05, 18.13, 20.17, 34.31, 21.02, 21.69, 16.59, 19.54, 12.32, 20.00, 23.89, 14.82, 20.73, 8.78, 8.64
16.17, 10.02, 17.87, 19.99, 33.79, 20.70, 21.34, 16.34, 19.64, 12.42, 20.09, 24.07, 14.83, 20.79, 8.71, 8.67
15.91, 9.91, 17.63, 19.78, 33.40, 20.52, 21.12, 16.22, 19.76, 12.57, 20.18, 24.19, 14.86, 20.88, 8.70, 8.65
15.66, 9.76, 17.26, 19.61, 33.22, 20.49, 21.22, 16.32, 19.89, 12.69, 20.27, 24.29, 14.97, 21.03, 8.78, 8.73
15.70, 9.62, 17.01, 19.38, 33.48, 20.61, 21.66, 16.63, 19.95, 12.72, 20.39, 24.41, 15.50, 21.66, 9.53, 9.27
15.19, 9.26, 16.75, 19.06, 33.82, 20.75, 22.49, 17.22, 19.78, 12.58, 20.46, 24.55, 16.32, 22.60, 10.63, 10.22
14.87, 8.94, 16.28, 18.63, 33.89, 20.72, 23.05, 17.64, 19.41, 12.31, 20.34, 24.45, 17.19, 23.55, 11.95, 11.47
14.19, 8.47, 15.47, 17.93, 33.71, 20.66, 23.55, 17.96, 18.74, 11.79, 19.90, 24.16, 17.91, 24.78, 13.54, 13.28
13.43, 7.95, 14.47, 17.14, 33.34, 20.44, 24.08, 18.40, 17.98, 11.13, 19.09, 23.59, 18.67, 26.01, 15.13, 15.24
12.64, 7.41, 13.70, 16.27, 32.73, 19.99, 24.49, 18.64, 17.12, 10.33, 18.24, 22.85, 18.96, 26.65, 16.27, 16.54
11.95, 6.91, 12.84, 15.46, 32.10, 19.55, 24.75, 18.82, 16.37, 9.78, 17.42, 21.99, 19.05, 27.04, 16.92, 17.37
11.50, 6.39, 12.21, 14.77, 31.83, 19.32, 25.30, 19.15, 15.77, 9.31, 16.72, 21.33, 19.25, 27.26, 17.71, 18.06
11.06, 5.93, 11.78, 14.19, 31.60, 19.01, 25.75, 19.44, 15.17, 8.85, 16.14, 20.55, 19.28, 27.16, 18.22, 18.41
10.72, 5.57, 11.43, 13.77, 31.39, 18.85, 26.10, 19.72, 14.70, 8.52, 15.60, 19.93, 19.27, 26.95, 18.57, 18.58
10.46, 5.34, 11.09, 13.48, 31.21, 18.79, 26.43, 20.04, 14.31, 8.25, 15.24, 19.54, 19.32, 26.94, 18.99, 18.98
10.15, 5.10, 10.86, 13.29, 31.02, 18.81, 26.59, 20.20, 14.10, 8.15, 15.03, 19.42, 19.37, 27.06, 19.26, 19.25
10.00, 4.93, 10.64, 13.14, 30.71, 18.66, 26.53, 20.24, 14.07, 8.18, 14.90, 19.49, 19.37, 27.19, 19.28, 19.24
10.00, 4.84, 10.52, 13.04, 30.28, 18.43, 26.07, 19.94, 14.23, 8.27, 15.02, 19.63, 19.41, 27.32, 19.11, 19.15
9.97, 4.78, 10.48, 12.98, 30.02, 18.33, 25.71, 19.74, 14.54, 8.52, 15.37, 20.02, 19.69, 27.79, 19.22, 19.28
10.00, 4.77, 10.53, 13.03, 29.90, 18.27, 25.51, 19.66, 14.92, 8.82, 15.94, 20.51, 19.94, 28.10, 19.15, 19.20
10.00, 4.85, 10.59, 13.09, 29.74, 18.23, 25.11, 19.32, 15.42, 9.24, 16.56, 21.03, 20.05, 28.21, 18.76, 18.81
10.37, 4.99, 10.75, 13.22, 29.60, 18.23, 24.59, 18.96, 15.91, 9.64, 17.15, 21.69, 20.24, 28.34, 18.49, 18.51
10.52, 5.17, 10.87, 13.43, 29.56, 18.32, 24.28, 18.77, 16.42, 10.05, 17.73, 22.31, 20.35, 28.52, 18.23, 18.26
10.87, 5.32, 10.99, 13.56, 29.68, 18.40, 24.05, 18.58, 16.87, 10.46, 18.31, 22.96, 20.40, 28.71, 17.90, 18.01
11.05, 5.48, 11.07, 13.70, 29.78, 18.54, 23.89, 18.49, 17.34, 10.90, 18.88, 23.62, 20.71, 29.18, 17.90, 18.15
11.19, 5.57, 11.21, 13.78, 29.73, 18.58, 23.80, 18.42, 17.69, 11.26, 19.45, 24.27, 20.92, 29.68, 17.98, 18.48
11.09, 5.59, 11.14, 13.79, 29.58, 18.52, 23.67, 18.39, 17.98, 11.51, 19.84, 24.73, 21.12, 30.12, 18.17, 18.91
11.06, 5.54, 11.02, 13.68, 29.33, 18.39, 23.50, 18.31, 18.15, 11.65, 20.16, 25.08, 21.57, 30.98, 18.84, 19.91
10.74, 5.37, 10.76, 13.43, 28.78, 18.01, 23.24, 18.10, 18.01, 11.58, 20.20, 25.19, 21.68, 31.61, 19.48, 20.64
10.52, 5.19, 10.48, 13.08, 27.97, 17.51, 22.74, 17.66, 17.73, 11.42, 19.97, 25.06, 21.67, 31.95, 19.73, 21.08
10.39, 4.96, 10.13, 12.70, 27.04, 16.98, 22.03, 17.21, 17.41, 11.17, 19.59, 24.81, 21.59, 32.12, 19.93, 21.36
10.02, 4.76, 9.72, 12.42, 26.19, 16.38, 21.27, 16.71, 17.12, 10.98, 19.27, 24.60, 21.45, 32.02, 19.94, 21.35
9.91, 4.61, 9.46, 12.18, 25.25, 15.77, 20.37, 16.13, 17.10, 10.96, 19.15, 24.50, 21.30, 31.80, 19.69, 21.05
9.59, 4.55, 9.10, 11.94, 24.14, 15.08, 19.09, 15.34, 17.28, 11.13, 19.38, 24.81, 21.52, 32.05, 19.68, 20.99
9.66, 4.61, 8.91, 11.79, 23.07, 14.49, 17.75, 14.49, 17.65, 11.47, 19.87, 25.31, 21.94, 32.61, 19.83, 21.02
9.62, 4.69, 8.72, 11.69, 22.73, 14.33, 17.29, 14.26, 18.03, 11.90, 20.50, 25.89, 22.56, 33.42, 20.29, 21.43
9.20, 4.45, 8.73, 11.72, 22.91, 14.36, 17.83, 14.67, 18.38, 12.11, 21.05, 26.46, 23.24, 34.31, 20.94, 22.11
9.30, 4.33, 8.69, 11.63, 22.98, 14.36, 17.93, 14.77, 18.50, 12.23, 21.30, 26.76, 23.79, 35.03, 21.48, 22.70
9.23, 4.22, 8.58, 11.50, 22.99, 14.32, 18.07, 14.87, 18.33, 12.14, 21.28, 26.72, 24.26, 35.77, 22.19, 23.45
9.03, 4.11, 8.50, 11.41, 22.96, 14.27, 18.21, 15.00, 17.86, 11.78, 20.89, 26.39, 24.69, 36.41, 23.06, 24.30
8.90, 4.00, 8.25, 11.28, 22.87, 14.18, 18.29, 15.14, 17.19, 11.22, 20.15, 25.85, 24.91, 36.86, 23.81, 25.05
8.63, 3.86, 8.13, 11.10, 22.72, 14.06, 18.37, 15.19, 16.50, 10.73, 19.43, 25.23, 25.02, 37.23, 24.43, 25.68
8.29, 3.81, 7.86, 10.93, 22.51, 13.99, 18.29, 15.20, 15.93, 10.36, 18.84, 24.68, 25.28, 37.72, 25.13, 26.41
8.10, 3.74, 7.64, 10.78, 22.34, 13.89, 18.27, 15.23, 15.44, 10.02, 18.37, 24.17, 25.53, 38.05, 25.83, 27.05
8.03, 3.63, 7.46, 10.58, 22.20, 13.81, 18.18, 15.16, 15.11, 9.76, 18.01, 23.72, 25.74, 38.29, 26.29, 27.42
8.11, 3.65, 7.40, 10.44, 22.08, 13.74, 18.12, 15.13, 14.86, 9.56, 17.70, 23.35, 25.80, 38.27, 26.49, 27.57
7.92, 3.59, 7.30, 10.35, 22.11, 13.71, 18.19, 15.17, 14.66, 9.40, 17.40, 23.01, 25.54, 37.80, 26.32, 27.27
7.88, 3.60, 7.30, 10.35, 22.24, 13.74, 18.33, 15.28, 14.53, 9.31, 17.18, 22.73, 25.32, 37.40, 26.08, 27.00
8.01, 3.64, 7.33, 10.35, 22.45, 13.94, 18.56, 15.41, 14.42, 9.24, 17.03, 22.59, 25.22, 37.28, 26.09, 27.02
7.97, 3.68, 7.48, 10.44, 22.86, 14.12, 18.93, 15.67, 14.33, 9.19, 16.90, 22.49, 25.05, 37.01, 25.89, 26.79
8.11, 3.74, 7.60, 10.55, 23.33, 14.46, 19.37, 15.92, 14.32, 9.17, 16.89, 22.40, 24.82, 36.65, 25.55, 26.45
8.31, 3.81, 7.80, 10.69, 23.79, 14.73, 19.82, 16.21, 14.35, 9.17, 16.91, 22.40, 24.68, 36.33, 25.31, 26.09
8.23, 3.87, 7.95, 10.88, 24.19, 15.02, 20.24, 16.51, 14.44, 9.24, 17.01, 22.48, 24.50, 35.92, 24.93, 25.65
8.43, 3.97, 8.14, 10.99, 24.68, 15.33, 20.67, 16.69, 14.58, 9.34, 17.09, 22.56, 24.28, 35.53, 24.46, 25.15
8.50, 4.01, 8.31, 11.14, 24.96, 15.48, 20.98, 16.81, 14.70, 9.44, 17.21, 22.71, 24.04, 35.18, 23.93, 24.61
8.58, 4.05, 8.55, 11.25, 25.12, 15.61, 21.00, 16.79, 14.94, 9.66, 17.39, 22.93, 23.85, 34.78, 23.17, 23.96
8.85, 4.18, 8.72, 11.36, 25.21, 15.65, 20.94, 16.71, 15.20, 9.89, 17.63, 23.14, 23.62, 34.48, 22.49, 23.37
8.86, 4.26, 8.81, 11.51, 25.33, 15.73, 20.92, 16.64, 15.50, 10.16, 17.88, 23.45, 23.48, 34.33, 22.13, 22.94
9.20, 4.35, 8.92, 11.63, 25.36, 15.79, 20.71, 16.42, 15.79, 10.41, 18.21, 23.74, 23.45, 34.32, 21.76, 22.56
9.33, 4.47, 9.01, 11.72, 25.26, 15.76, 20.37, 16.18, 16.11, 10.67, 18.58, 24.02, 23.46, 34.38, 21.46, 22.29
9.49, 4.57, 9.13, 11.81, 25.19, 15.76, 20.02, 15.79, 16.46, 10.90, 18.91, 24.34, 23.51, 34.48, 21.17, 22.05
9.59, 4.68, 9.28, 11.86, 25.04, 15.75, 19.68, 15.53, 16.74, 11.13, 19.16, 24.68, 23.68, 34.80, 21.10, 22.08
10.06, 4.72, 9.31, 11.95, 25.00, 15.77, 19.38, 15.31, 16.94, 11.25, 19.39, 24.96, 24.11, 35.55, 21.61, 22.72
9.96, 4.79, 9.36, 11.98, 24.95, 15.82, 19.31, 15.26, 16.85, 11.15, 19.49, 25.03, 24.44, 36.35, 22.24, 23.59
9.79, 4.82, 9.26, 11.97, 24.83, 15.77, 19.17, 15.24, 16.65, 11.00, 19.38, 24.87, 24.52, 36.84, 22.62, 24.13
9.94, 4.73, 9.22, 11.86, 24.56, 15.64, 18.95, 15.08, 16.41, 10.86, 19.08, 24.72, 24.47, 37.16, 22.78, 24.57
9.71, 4.71, 9.04, 11.72, 24.23, 15.41, 18.69, 14.91, 16.11, 10.67, 18.70, 24.48, 24.31, 37.38, 22.90, 24.90
9.49, 4.62, 8.89, 11.52, 23.93, 15.10, 18.46, 14.70, 15.77, 10.40, 18.28, 24.13, 24.24, 37.44, 23.14, 25.24
9.44, 4.56, 8.75, 11.36, 23.81, 14.94, 18.42, 14.57, 15.52, 10.15, 18.03, 23.75, 24.25, 37.34, 23.35, 25.39
9.28, 4.52, 8.68, 11.26, 23.71, 14.75, 18.42, 14.54, 15.41, 10.00, 17.86, 23.50, 24.05, 36.80, 23.12, 25.07
9.35, 4.48, 8.66, 11.23, 23.82, 14.76, 18.53, 14.63, 15.41, 9.98, 17.80, 23.27, 23.87, 36.30, 22.89, 24.66
9.35, 4.49, 8.69, 11.30, 24.28, 15.02, 19.19, 15.05, 15.32, 9.85, 17.70, 23.06, 23.84, 35.91, 23.03, 24.60
9.28, 4.51, 8.86, 11.36, 24.82, 15.21, 19.80, 15.47, 15.09, 9.68, 17.53, 22.78, 23.80, 35.44, 23.20, 24.49
9.39, 4.61, 9.10, 11.53, 25.48, 15.61, 20.51, 15.96, 14.79, 9.47, 17.25, 22.43, 23.68, 34.94, 23.29, 24.37
9.35, 4.65, 9.30, 11.69, 26.47, 16.28, 21.74, 16.85, 14.48, 9.26, 16.90, 22.07, 23.42, 34.39, 23.29, 24.21
9.17, 4.48, 9.54, 11.82, 27.46, 16.97, 23.20, 17.65, 14.23, 9.00, 16.51, 21.60, 23.03, 33.66, 23.15, 23.98
9.05, 4.35, 9.64, 11.95, 28.34, 17.43, 24.33, 18.38, 13.92, 8.74, 15.98, 21.02, 22.65, 32.55, 22.66, 23.50
9.21, 4.30, 10.00, 12.08, 29.39, 17.93, 25.37, 19.07, 13.62, 8.43, 15.42, 20.39, 21.99, 31.29, 22.07, 22.55
9.29, 4.30, 10.54, 12.28, 30.62, 18.55, 26.61, 19.83, 13.33, 8.12, 14.86, 19.67, 21.15, 29.80, 21.28, 21.23
9.72, 4.41, 11.00, 12.55, 32.03, 19.20, 27.74, 20.60, 13.14, 7.87, 14.29, 18.95, 19.90, 27.85, 19.94, 19.32
9.98, 4.62, 11.41, 12.95, 33.72, 20.06, 29.07, 21.44, 13.06, 7.73, 13.67, 18.17, 18.02, 25.17, 17.69, 16.53
10.42, 4.85, 11.81, 13.46, 35.45, 20.91, 30.14, 22.22, 13.11, 7.70, 13.11, 17.53, 15.89, 22.18, 14.88, 13.52
11.10, 5.31, 12.29, 14.04, 37.38, 21.98, 31.19, 23.07, 13.18, 7.62, 12.82, 17.12, 14.45, 20.00, 12.71, 11.11
11.62, 5.85, 12.92, 14.69, 39.63, 23.13, 32.34, 23.87, 13.02, 7.45, 12.92, 17.19, 14.10, 19.26, 12.18, 10.25
12.18, 6.43, 13.65, 15.40, 41.71, 24.23, 33.16, 24.42, 13.02, 7.48, 13.11, 17.43, 13.99, 18.92, 11.77, 9.76
